date,0y
2002-01-04,2.5132 
2002-01-07,2.5315 
2002-01-08,1.6574 
2002-01-09,1.6275 
2002-01-10,1.6239 
2002-01-11,1.6271 
2002-01-14,1.3843 
2002-01-15,1.4417 
2002-01-16,1.4707 
2002-01-17,1.4400 
2002-01-18,2.1773 
2002-01-21,2.1780 
2002-01-22,2.1803 
2002-01-23,2.3195 
2002-01-24,2.1502 
2002-01-25,2.3347 
2002-01-28,2.2602 
2002-01-29,1.5534 
2002-01-30,2.1830 
2002-01-31,2.1987 
2002-02-01,2.1114 
2002-02-04,2.0980 
2002-02-05,2.0685 
2002-02-06,2.1482 
2002-02-07,2.0338 
2002-02-08,2.0438 
2002-02-09,2.0626 
2002-02-10,2.0855 
2002-02-11,2.1192 
2002-02-19,2.1142 
2002-02-20,1.9979 
2002-02-21,2.0952 
2002-02-22,2.0721 
2002-02-25,1.9462 
2002-02-26,1.9155 
2002-02-27,1.9112 
2002-02-28,1.9053 
2002-03-01,1.9359 
2002-03-04,2.0187 
2002-03-05,1.9382 
2002-03-06,1.7784 
2002-03-07,1.7614 
2002-03-08,1.7253 
2002-03-11,1.7570 
2002-03-12,1.7553 
2002-03-13,1.7809 
2002-03-14,1.7629 
2002-03-15,1.7947 
2002-03-18,1.9667 
2002-03-19,2.0084 
2002-03-20,2.0078 
2002-03-21,1.7783 
2002-03-22,1.7618 
2002-03-25,1.6896 
2002-03-26,1.7380 
2002-03-27,1.5678 
2002-03-28,1.6812 
2002-03-29,1.7318 
2002-04-01,1.7965 
2002-04-02,1.8861 
2002-04-03,1.7736 
2002-04-04,1.7216 
2002-04-05,1.5235 
2002-04-08,1.7338 
2002-04-09,1.6963 
2002-04-10,1.7778 
2002-04-11,1.7777 
2002-04-12,1.8713 
2002-04-15,1.8287 
2002-04-16,1.8726 
2002-04-17,1.8063 
2002-04-18,1.8568 
2002-04-19,1.9378 
2002-04-22,1.8105 
2002-04-23,1.8447 
2002-04-24,1.7980 
2002-04-25,1.7575 
2002-04-26,5.0297 
2002-04-27,1.7825 
2002-04-28,0.8292 
2002-04-29,1.7561 
2002-04-30,1.8594 
2002-05-08,1.8150 
2002-05-09,1.7731 
2002-05-10,1.9487 
2002-05-13,1.7747 
2002-05-14,1.7996 
2002-05-15,1.7795 
2002-05-16,1.8020 
2002-05-17,1.8113 
2002-05-20,1.7585 
2002-05-21,1.8049 
2002-05-22,1.8064 
2002-05-23,1.8729 
2002-05-24,1.8619 
2002-05-27,1.7610 
2002-05-28,1.7633 
2002-05-29,1.7669 
2002-05-30,1.7725 
2002-05-31,1.7809 
2002-06-03,1.8101 
2002-06-04,1.4612 
2002-06-05,1.4278 
2002-06-06,1.7444 
2002-06-07,1.5841 
2002-06-10,1.7855 
2002-06-11,1.7706 
2002-06-12,1.7930 
2002-06-13,1.7803 
2002-06-14,1.7340 
2002-06-17,1.7450 
2002-06-18,1.8252 
2002-06-19,1.7212 
2002-06-20,1.7394 
2002-06-21,1.7254 
2002-06-24,1.7235 
2002-06-25,1.4979 
2002-06-26,1.6649 
2002-06-27,1.7265 
2002-06-28,1.6757 
2002-07-01,1.7176 
2002-07-02,1.7380 
2002-07-03,1.6975 
2002-07-04,1.7005 
2002-07-05,1.6057 
2002-07-08,1.6501 
2002-07-09,1.6884 
2002-07-10,1.5921 
2002-07-11,1.6495 
2002-07-12,1.8027 
2002-07-15,1.4081 
2002-07-16,1.5974 
2002-07-17,1.6853 
2002-07-18,1.7997 
2002-07-19,1.6137 
2002-07-22,1.5703 
2002-07-23,1.4977 
2002-07-24,1.5092 
2002-07-25,1.6963 
2002-07-26,1.5689 
2002-07-29,1.6938 
2002-07-30,1.7180 
2002-07-31,1.6231 
2002-08-01,1.6040 
2002-08-02,1.6729 
2002-08-05,1.6279 
2002-08-06,1.6364 
2002-08-07,1.6315 
2002-08-08,1.7241 
2002-08-09,1.5025 
2002-08-12,1.6249 
2002-08-13,1.7003 
2002-08-14,1.6633 
2002-08-15,1.6855 
2002-08-16,1.4490 
2002-08-19,1.4022 
2002-08-20,1.3731 
2002-08-21,1.4186 
2002-08-22,1.8430 
2002-08-26,1.4558 
2002-08-27,1.5286 
2002-08-28,1.6195 
2002-08-29,1.7025 
2002-08-30,1.6296 
2002-09-02,1.5707 
2002-09-03,1.7381 
2002-09-04,1.7312 
2002-09-05,1.4872 
2002-09-06,1.5259 
2002-09-09,1.4113 
2002-09-10,1.1391 
2002-09-11,1.7507 
2002-09-12,1.8150 
2002-09-13,1.2969 
2002-09-16,1.5903 
2002-09-17,1.6144 
2002-09-18,1.8274 
2002-09-19,1.4383 
2002-09-20,1.7717 
2002-09-23,1.9128 
2002-09-24,1.8639 
2002-09-25,1.8159 
2002-09-26,1.7162 
2002-09-27,1.8222 
2002-09-28,1.9748 
2002-09-29,1.7190 
2002-09-30,1.3792 
2002-10-08,1.8737 
2002-10-09,1.8766 
2002-10-10,1.8310 
2002-10-11,1.8473 
2002-10-14,1.8606 
2002-10-15,1.8093 
2002-10-16,1.8229 
2002-10-17,1.6454 
2002-10-18,1.9093 
2002-10-21,1.8391 
2002-10-22,1.8739 
2002-10-23,1.8884 
2002-10-24,1.9725 
2002-10-25,1.9410 
2002-10-28,2.0911 
2002-10-29,1.9910 
2002-10-30,1.8774 
2002-10-31,1.8823 
2002-11-01,1.8240 
2002-11-04,2.0784 
2002-11-05,1.8063 
2002-11-06,1.7737 
2002-11-07,1.7627 
2002-11-08,1.2744 
2002-11-11,1.7562 
2002-11-12,1.7578 
2002-11-13,1.7646 
2002-11-14,1.7700 
2002-11-15,1.7784 
2002-11-18,1.7609 
2002-11-19,1.3904 
2002-11-20,1.7753 
2002-11-21,1.7035 
2002-11-22,1.6823 
2002-11-25,1.6716 
2002-11-26,1.6242 
2002-11-27,1.6560 
2002-11-28,1.6614 
2002-11-29,1.3609 
2002-12-02,1.7152 
2002-12-03,1.7064 
2002-12-04,1.7088 
2002-12-05,1.6656 
2002-12-06,1.6889 
2002-12-09,1.5926 
2002-12-10,1.7030 
2002-12-11,1.6386 
2002-12-12,1.6774 
2002-12-13,2.1055 
2002-12-16,1.6725 
2002-12-17,1.6224 
2002-12-18,1.6876 
2002-12-19,1.6994 
2002-12-20,1.7042 
2002-12-23,1.6654 
2002-12-24,2.1589 
2002-12-25,1.5371 
2002-12-26,2.0763 
2002-12-27,1.3850 
2002-12-30,1.8176 
2002-12-31,1.9288 
2003-01-02,1.5024 
2003-01-03,1.5755 
2003-01-06,1.4978 
2003-01-07,1.9490 
2003-01-08,1.6082 
2003-01-09,1.6024 
2003-01-10,1.5235 
2003-01-13,1.5250 
2003-01-14,1.4982 
2003-01-15,1.4488 
2003-01-16,1.4443 
2003-01-17,1.3627 
2003-01-20,1.5661 
2003-01-21,1.4063 
2003-01-22,1.3902 
2003-01-23,1.3848 
2003-01-24,2.0503 
2003-01-27,1.5942 
2003-01-28,1.3619 
2003-01-29,1.3320 
2003-01-30,1.9378 
2003-01-31,1.9678 
2003-02-08,1.2093 
2003-02-09,1.1751 
2003-02-10,1.3454 
2003-02-11,1.9987 
2003-02-12,1.1454 
2003-02-13,1.1296 
2003-02-14,1.0704 
2003-02-17,1.8821 
2003-02-18,1.0128 
2003-02-19,1.1131 
2003-02-20,1.0248 
2003-02-21,1.0758 
2003-02-24,2.0328 
2003-02-25,0.9442 
2003-02-26,1.0080 
2003-02-27,0.9965 
2003-02-28,1.0082 
2003-03-03,1.8855 
2003-03-04,0.9393 
2003-03-05,2.0437 
2003-03-06,1.9817 
2003-03-07,0.8699 
2003-03-10,1.9273 
2003-03-11,2.1033 
2003-03-12,0.9622 
2003-03-13,1.8179 
2003-03-14,1.9241 
2003-03-17,0.7923 
2003-03-18,1.5663 
2003-03-19,1.3491 
2003-03-20,0.8256 
2003-03-21,2.1538 
2003-03-24,1.2707 
2003-03-25,1.3178 
2003-03-26,2.0070 
2003-03-27,0.5594 
2003-03-28,1.9905 
2003-03-31,1.9249 
2003-04-01,2.0614 
2003-04-02,1.9787 
2003-04-03,1.9545 
2003-04-04,2.0379 
2003-04-07,1.9267 
2003-04-08,1.9515 
2003-04-09,1.8663 
2003-04-10,1.8047 
2003-04-11,2.0606 
2003-04-14,0.1361 
2003-04-15,1.9348 
2003-04-16,1.8782 
2003-04-17,1.8838 
2003-04-18,1.9862 
2003-04-21,2.0072 
2003-04-22,-0.0907 
2003-04-23,1.8969 
2003-04-24,1.5039 
2003-04-25,2.0465 
2003-04-28,2.1167 
2003-04-29,2.1071 
2003-05-06,1.9513 
2003-05-07,1.9476 
2003-05-08,1.9152 
2003-05-09,1.9971 
2003-05-12,1.9891 
2003-05-13,1.8973 
2003-05-14,1.9933 
2003-05-15,1.9847 
2003-05-16,2.0278 
2003-05-19,1.8950 
2003-05-20,1.8162 
2003-05-21,1.8917 
2003-05-22,1.8861 
2003-05-23,1.9541 
2003-05-26,1.9119 
2003-05-27,1.9477 
2003-05-28,1.8289 
2003-05-29,1.9233 
2003-05-30,1.9247 
2003-06-02,1.8639 
2003-06-03,2.0147 
2003-06-04,1.9216 
2003-06-05,1.9217 
2003-06-06,1.8614 
2003-06-09,1.9850 
2003-06-10,2.8440 
2003-06-11,2.1473 
2003-06-12,2.0267 
2003-06-13,2.0868 
2003-06-16,1.9985 
2003-06-17,2.0306 
2003-06-18,1.9939 
2003-06-20,2.0424 
2003-06-23,2.0786 
2003-06-24,2.0521 
2003-06-25,2.0578 
2003-06-26,2.5725 
2003-06-27,2.0656 
2003-06-30,1.8995 
2003-07-01,1.9476 
2003-07-02,2.0945 
2003-07-03,2.0190 
2003-07-04,2.0998 
2003-07-07,2.1531 
2003-07-08,2.0318 
2003-07-09,1.9839 
2003-07-10,2.0617 
2003-07-11,2.0045 
2003-07-14,2.3854 
2003-07-15,2.3686 
2003-07-16,2.4245 
2003-07-17,2.3686 
2003-07-18,2.3726 
2003-07-21,2.3869 
2003-07-22,2.3640 
2003-07-23,2.2440 
2003-07-24,2.1933 
2003-07-25,2.2244 
2003-07-28,2.2613 
2003-07-29,2.2469 
2003-07-30,2.2267 
2003-07-31,2.2190 
2003-08-01,2.2362 
2003-08-04,2.0156 
2003-08-05,2.2224 
2003-08-06,2.2365 
2003-08-07,2.2261 
2003-08-11,2.3945 
2003-08-12,2.5035 
2003-08-13,2.4377 
2003-08-14,2.4399 
2003-08-19,2.5085 
2003-08-20,2.4608 
2003-08-21,2.5255 
2003-08-22,2.5078 
2003-08-25,2.4997 
2003-08-26,2.4780 
2003-08-27,2.6097 
2003-08-28,2.6108 
2003-08-29,2.5373 
2003-09-01,2.5346 
2003-09-02,2.5592 
2003-09-03,2.5350 
2003-09-04,2.5536 
2003-09-05,2.5441 
2003-09-08,2.5052 
2003-09-09,2.5837 
2003-09-10,2.5889 
2003-09-11,2.5889 
2003-09-12,2.5914 
2003-09-15,2.3425 
2003-09-16,2.6231 
2003-09-17,2.6879 
2003-09-18,2.6156 
2003-09-19,2.8103 
2003-09-22,2.5274 
2003-09-23,2.3690 
2003-09-24,2.4676 
2003-09-25,2.6256 
2003-09-26,2.4832 
2003-09-27,2.4223 
2003-09-28,2.5510 
2003-09-29,2.1264 
2003-09-30,2.1771 
2003-10-08,2.1940 
2003-10-09,2.4138 
2003-10-10,2.7004 
2003-10-13,2.7713 
2003-10-14,2.4615 
2003-10-15,2.3815 
2003-10-16,2.3151 
2003-10-17,2.5906 
2003-10-20,2.5451 
2003-10-21,2.2396 
2003-10-22,2.3439 
2003-10-23,2.3631 
2003-10-24,1.9395 
2003-10-27,2.7731 
2003-10-28,2.5269 
2003-10-29,2.4748 
2003-10-30,2.2598 
2003-10-31,2.6354 
2003-11-03,2.6377 
2003-11-04,2.6815 
2003-11-05,2.5282 
2003-11-06,2.4586 
2003-11-07,2.3380 
2003-11-10,2.4576 
2003-11-11,2.4501 
2003-11-12,2.4635 
2003-11-13,2.3952 
2003-11-14,2.5179 
2003-11-17,2.3885 
2003-11-18,2.2714 
2003-11-19,2.2377 
2003-11-20,2.1918 
2003-11-21,2.0884 
2003-11-24,2.0376 
2003-11-25,2.3730 
2003-11-26,1.9791 
2003-11-28,1.7211 
2003-12-01,2.0130 
2003-12-02,1.9137 
2003-12-03,2.0064 
2003-12-04,2.0711 
2003-12-05,2.1815 
2003-12-08,2.0126 
2003-12-09,2.3172 
2003-12-10,2.0855 
2003-12-11,2.1455 
2003-12-12,2.1056 
2003-12-15,2.0874 
2003-12-16,1.8138 
2003-12-17,1.9376 
2003-12-18,1.9910 
2003-12-19,2.1250 
2003-12-22,2.2944 
2003-12-23,2.2623 
2003-12-24,2.0913 
2003-12-25,2.0808 
2003-12-26,2.1380 
2003-12-29,2.0597 
2003-12-30,1.9723 
2003-12-31,1.7756 
2004-01-02,1.7904 
2004-01-05,2.0258 
2004-01-06,1.9985 
2004-01-07,2.1499 
2004-01-08,2.1089 
2004-01-09,3.0737 
2004-01-12,2.0700 
2004-01-13,2.0462 
2004-01-14,2.3434 
2004-01-15,2.0538 
2004-01-16,2.3053 
2004-01-17,2.2467 
2004-01-18,2.0739 
2004-01-19,2.2191 
2004-01-20,2.0742 
2004-01-21,2.2436 
2004-01-29,2.2083 
2004-01-30,2.1584 
2004-02-02,2.1859 
2004-02-03,2.2371 
2004-02-04,2.3047 
2004-02-05,2.0883 
2004-02-06,1.8991 
2004-02-09,2.2528 
2004-02-10,2.2787 
2004-02-11,1.9937 
2004-02-12,2.3554 
2004-02-13,2.2801 
2004-02-16,1.9188 
2004-02-17,2.2742 
2004-02-18,2.2961 
2004-02-19,2.2857 
2004-02-20,1.9537 
2004-02-23,2.3099 
2004-02-24,2.3267 
2004-02-25,2.2899 
2004-02-26,2.2834 
2004-02-27,2.1998 
2004-03-01,2.2456 
2004-03-02,2.3090 
2004-03-03,2.2447 
2004-03-04,2.3157 
2004-03-05,2.2790 
2004-03-08,2.3025 
2004-03-09,2.2703 
2004-03-10,2.2576 
2004-03-11,2.2792 
2004-03-12,2.2909 
2004-03-15,2.2242 
2004-03-16,2.1566 
2004-03-17,2.0242 
2004-03-18,2.0665 
2004-03-19,2.4062 
2004-03-22,2.4669 
2004-03-23,2.3784 
2004-03-24,2.5351 
2004-03-25,2.3649 
2004-03-26,2.4253 
2004-03-29,2.3981 
2004-03-30,2.2273 
2004-03-31,2.1794 
2004-04-01,2.3458 
2004-04-05,2.3152 
2004-04-06,2.1959 
2004-04-07,2.4687 
2004-04-08,2.4285 
2004-04-09,2.3350 
2004-04-12,2.3270 
2004-04-13,2.4333 
2004-04-14,2.5465 
2004-04-15,2.4463 
2004-04-16,2.7953 
2004-04-19,2.6250 
2004-04-20,2.4225 
2004-04-21,2.3878 
2004-04-22,2.4164 
2004-04-23,2.2061 
2004-04-26,2.5794 
2004-04-27,2.4838 
2004-04-28,2.4917 
2004-04-29,2.4026 
2004-04-30,2.6370 
2004-05-08,2.6301 
2004-05-09,2.5687 
2004-05-10,2.4838 
2004-05-11,2.5500 
2004-05-12,2.5998 
2004-05-13,2.7264 
2004-05-14,2.4859 
2004-05-17,2.4532 
2004-05-18,2.4268 
2004-05-19,2.6904 
2004-05-20,2.7035 
2004-05-21,2.8613 
2004-05-24,2.8923 
2004-05-25,2.4666 
2004-05-26,2.6940 
2004-05-27,2.8066 
2004-05-28,2.7402 
2004-05-31,2.8296 
2004-06-01,2.6628 
2004-06-02,2.6235 
2004-06-03,2.6277 
2004-06-04,2.5504 
2004-06-07,2.7790 
2004-06-08,2.7042 
2004-06-09,2.8670 
2004-06-10,2.8378 
2004-06-11,2.8594 
2004-06-14,3.0128 
2004-06-15,2.6665 
2004-06-16,2.8789 
2004-06-17,2.5769 
2004-06-18,2.6982 
2004-06-21,2.8246 
2004-06-22,2.9206 
2004-06-23,2.6863 
2004-06-24,2.7163 
2004-06-25,2.7312 
2004-06-28,3.0255 
2004-06-29,2.7377 
2004-06-30,2.9227 
2004-07-01,2.8789 
2004-07-02,3.1319 
2004-07-05,2.5786 
2004-07-06,2.8728 
2004-07-07,2.9271 
2004-07-08,2.8034 
2004-07-09,2.8433 
2004-07-12,2.9472 
2004-07-13,2.8130 
2004-07-14,2.7885 
2004-07-15,2.8857 
2004-07-16,2.8040 
2004-07-19,2.8349 
2004-07-20,2.8996 
2004-07-21,2.9771 
2004-07-22,2.9286 
2004-07-23,2.7588 
2004-07-26,2.9690 
2004-07-27,2.8693 
2004-07-28,2.7933 
2004-07-29,2.7946 
2004-07-30,2.4747 
2004-08-02,2.4095 
2004-08-03,2.8204 
2004-08-04,2.7041 
2004-08-05,2.6637 
2004-08-06,2.5625 
2004-08-09,2.8486 
2004-08-10,2.7399 
2004-08-11,2.7279 
2004-08-12,2.8146 
2004-08-13,2.8047 
2004-08-16,2.9293 
2004-08-17,9.5636 
2004-08-18,2.1854 
2004-08-19,2.7542 
2004-08-20,2.7414 
2004-08-23,2.8681 
2004-08-24,2.8473 
2004-08-25,2.7271 
2004-08-26,2.6449 
2004-08-27,2.6252 
2004-08-30,2.9028 
2004-08-31,2.6660 
2004-09-01,2.9754 
2004-09-02,2.6375 
2004-09-03,2.8718 
2004-09-06,2.7524 
2004-09-07,2.6898 
2004-09-08,2.8388 
2004-09-09,2.7502 
2004-09-10,2.5807 
2004-09-13,2.9001 
2004-09-14,2.7321 
2004-09-15,2.6799 
2004-09-16,2.7993 
2004-09-17,2.7420 
2004-09-20,2.6431 
2004-09-21,2.7984 
2004-09-22,2.5240 
2004-09-23,2.7270 
2004-09-24,2.7050 
2004-09-27,2.4012 
2004-09-28,2.5313 
2004-09-29,2.5284 
2004-09-30,2.6307 
2004-10-08,2.5093 
2004-10-09,2.7468 
2004-10-10,2.8105 
2004-10-11,2.7368 
2004-10-12,2.6303 
2004-10-13,2.6855 
2004-10-14,2.6669 
2004-10-15,2.6457 
2004-10-18,2.5942 
2004-10-19,2.7447 
2004-10-20,2.7185 
2004-10-21,2.5763 
2004-10-22,2.6088 
2004-10-25,2.7152 
2004-10-26,2.8049 
2004-10-27,2.6720 
2004-10-28,2.6172 
2004-10-29,3.0346 
2004-11-01,2.9231 
2004-11-02,2.8311 
2004-11-03,2.6929 
2004-11-04,2.7166 
2004-11-05,2.7270 
2004-11-08,2.7853 
2004-11-09,2.7657 
2004-11-10,2.0500 
2004-11-11,2.6604 
2004-11-12,2.6733 
2004-11-15,2.6808 
2004-11-16,2.6490 
2004-11-17,2.6127 
2004-11-18,2.6860 
2004-11-19,2.6765 
2004-11-22,2.7302 
2004-11-23,2.6376 
2004-11-24,2.6651 
2004-11-25,2.6220 
2004-11-26,2.5601 
2004-11-29,2.7387 
2004-11-30,2.6492 
2004-12-01,3.2033 
2004-12-02,2.6410 
2004-12-03,2.5859 
2004-12-06,2.5184 
2004-12-07,2.4736 
2004-12-08,2.4989 
2004-12-09,2.5607 
2004-12-10,2.0574 
2004-12-13,2.3960 
2004-12-14,2.3476 
2004-12-15,2.4591 
2004-12-16,2.4954 
2004-12-17,2.6575 
2004-12-20,2.7094 
2004-12-21,2.5556 
2004-12-22,2.4751 
2004-12-23,2.4809 
2004-12-24,2.4323 
2004-12-27,2.5561 
2004-12-28,2.8705 
2004-12-29,2.5719 
2004-12-30,2.5236 
2004-12-31,2.6007 
2005-01-04,2.7393 
2005-01-05,2.5691 
2005-01-06,2.4908 
2005-01-07,2.3603 
2005-01-10,2.4315 
2005-01-11,2.4270 
2005-01-12,2.4094 
2005-01-13,2.3297 
2005-01-14,2.3734 
2005-01-17,2.4377 
2005-01-18,2.3664 
2005-01-19,2.4285 
2005-01-20,2.5917 
2005-01-21,2.6600 
2005-01-24,2.4813 
2005-01-25,2.4633 
2005-01-26,2.5728 
2005-01-27,2.5477 
2005-01-28,2.4025 
2005-01-31,2.4996 
2005-02-01,2.4878 
2005-02-02,2.4505 
2005-02-03,2.5767 
2005-02-04,2.5768 
2005-02-05,2.7156 
2005-02-06,2.5905 
2005-02-07,2.5245 
2005-02-08,2.4823 
2005-02-16,2.6117 
2005-02-17,2.5321 
2005-02-18,2.5440 
2005-02-21,2.3792 
2005-02-22,2.5607 
2005-02-23,2.5689 
2005-02-24,2.6160 
2005-02-25,2.5842 
2005-02-28,2.3975 
2005-03-01,2.3643 
2005-03-02,2.4150 
2005-03-03,2.5227 
2005-03-04,2.3959 
2005-03-07,2.4580 
2005-03-08,2.1883 
2005-03-09,2.2710 
2005-03-10,2.1720 
2005-03-11,2.2371 
2005-03-14,2.1950 
2005-03-15,2.7006 
2005-03-16,2.8685 
2005-03-17,2.6036 
2005-03-18,2.5457 
2005-03-21,2.5522 
2005-03-22,2.5794 
2005-03-23,2.6362 
2005-03-24,2.6876 
2005-03-25,2.6268 
2005-03-28,2.6158 
2005-03-29,2.5583 
2005-03-30,2.5798 
2005-03-31,2.3844 
2005-04-01,2.5528 
2005-04-04,2.4910 
2005-04-05,2.5250 
2005-04-06,2.5061 
2005-04-07,2.3192 
2005-04-08,2.4254 
2005-04-11,2.4897 
2005-04-12,2.2944 
2005-04-13,2.3041 
2005-04-14,2.1674 
2005-04-15,2.2807 
2005-04-18,2.3754 
2005-04-19,2.5630 
2005-04-20,2.3753 
2005-04-21,2.2597 
2005-04-22,2.1928 
2005-04-25,2.1914 
2005-04-26,2.5508 
2005-04-27,2.4512 
2005-04-28,2.5221 
2005-04-29,2.4059 
2005-04-30,2.4874 
2005-05-08,2.4206 
2005-05-09,2.4666 
2005-05-10,2.3777 
2005-05-11,2.4811 
2005-05-12,2.3850 
2005-05-13,2.3357 
2005-05-16,2.3107 
2005-05-17,2.3767 
2005-05-18,2.3574 
2005-05-19,2.3469 
2005-05-20,2.2944 
2005-05-23,2.1622 
2005-05-24,2.1160 
2005-05-25,2.2366 
2005-05-26,2.0914 
2005-05-27,2.1814 
2005-05-30,2.2197 
2005-05-31,2.2108 
2005-06-01,2.0770 
2005-06-02,2.1072 
2005-06-03,2.0451 
2005-06-06,2.0742 
2005-06-07,2.1112 
2005-06-08,2.1107 
2005-06-09,1.9285 
2005-06-10,1.9584 
2005-06-13,1.9117 
2005-06-14,1.8893 
2005-06-15,1.9648 
2005-06-16,1.7804 
2005-06-17,2.0826 
2005-06-20,2.2262 
2005-06-21,1.8196 
2005-06-22,1.8279 
2005-06-23,2.5330 
2005-06-24,2.1240 
2005-06-27,1.9640 
2005-06-28,1.9830 
2005-06-29,1.8985 
2005-06-30,1.8718 
2005-07-01,1.9569 
2005-07-04,1.8262 
2005-07-05,1.8136 
2005-07-06,1.8411 
2005-07-07,1.8620 
2005-07-08,1.8114 
2005-07-11,1.8583 
2005-07-12,1.8403 
2005-07-13,1.7824 
2005-07-14,1.9035 
2005-07-15,1.3176 
2005-07-18,1.3122 
2005-07-19,1.3525 
2005-07-20,1.4077 
2005-07-21,1.4127 
2005-07-22,1.3977 
2005-07-25,1.2870 
2005-07-26,1.2770 
2005-07-27,1.1799 
2005-07-28,1.3217 
2005-07-29,1.3431 
2005-08-01,1.4973 
2005-08-02,1.3532 
2005-08-03,1.6523 
2005-08-04,1.3144 
2005-08-05,1.4370 
2005-08-08,1.4057 
2005-08-09,1.3100 
2005-08-10,1.4809 
2005-08-11,1.3420 
2005-08-12,1.4174 
2005-08-15,1.3843 
2005-08-16,1.4075 
2005-08-17,1.3024 
2005-08-18,1.3448 
2005-08-19,1.2558 
2005-08-22,1.3837 
2005-08-23,1.3483 
2005-08-24,1.4431 
2005-08-25,1.1827 
2005-08-26,1.1534 
2005-08-29,1.0687 
2005-08-30,1.1098 
2005-08-31,1.1023 
2005-09-01,1.1195 
2005-09-02,1.0752 
2005-09-05,1.1569 
2005-09-06,1.1256 
2005-09-07,1.1186 
2005-09-08,1.1575 
2005-09-09,1.1567 
2005-09-12,1.1599 
2005-09-13,1.1629 
2005-09-14,1.1689 
2005-09-15,1.0918 
2005-09-16,1.1986 
2005-09-19,1.1622 
2005-09-20,1.0111 
2005-09-21,1.1016 
2005-09-22,1.0919 
2005-09-23,1.1502 
2005-09-26,1.0570 
2005-09-27,1.0706 
2005-09-28,1.0872 
2005-09-29,1.4400 
2005-09-30,1.0751 
2005-10-08,1.1069 
2005-10-09,1.1145 
2005-10-10,1.1674 
2005-10-11,1.1215 
2005-10-12,1.2059 
2005-10-13,1.1779 
2005-10-14,1.1197 
2005-10-17,1.1952 
2005-10-18,1.1892 
2005-10-19,1.1633 
2005-10-20,1.1724 
2005-10-21,1.2749 
2005-10-24,1.1814 
2005-10-25,1.3002 
2005-10-26,1.2995 
2005-10-27,1.2895 
2005-10-28,1.2320 
2005-10-31,1.1885 
2005-11-01,1.2174 
2005-11-02,1.2746 
2005-11-03,1.2561 
2005-11-04,1.2273 
2005-11-07,1.2324 
2005-11-08,1.4414 
2005-11-09,1.3736 
2005-11-10,1.3878 
2005-11-11,1.2755 
2005-11-14,1.4384 
2005-11-15,1.5995 
2005-11-16,1.2712 
2005-11-17,1.3066 
2005-11-18,1.3783 
2005-11-21,1.3211 
2005-11-22,1.6413 
2005-11-23,1.3571 
2005-11-24,1.5347 
2005-11-25,1.4860 
2005-11-28,1.4547 
2005-11-29,1.6738 
2005-11-30,1.5577 
2005-12-01,1.6089 
2005-12-02,1.6751 
2005-12-05,1.7430 
2005-12-06,1.7346 
2005-12-07,1.7538 
2005-12-08,1.6625 
2005-12-09,1.6540 
2005-12-12,1.7189 
2005-12-13,1.6939 
2005-12-14,1.6604 
2005-12-15,1.6272 
2005-12-16,1.5337 
2005-12-19,1.6234 
2005-12-20,1.5638 
2005-12-21,1.9743 
2005-12-22,1.3951 
2005-12-23,1.6422 
2005-12-26,1.5400 
2005-12-27,1.4691 
2005-12-28,1.4901 
2005-12-29,1.5469 
2005-12-30,1.6562 
2005-12-31,1.5810 
2006-01-04,1.4620 
2006-01-05,1.5157 
2006-01-06,1.4556 
2006-01-09,1.4482 
2006-01-10,1.4402 
2006-01-11,1.3842 
2006-01-12,1.4125 
2006-01-13,1.3208 
2006-01-16,1.5065 
2006-01-17,1.4926 
2006-01-18,1.4008 
2006-01-19,1.4098 
2006-01-20,1.4188 
2006-01-23,1.3693 
2006-01-24,1.5128 
2006-01-25,1.4721 
2006-01-26,1.4696 
2006-01-27,1.4686 
2006-01-28,1.4683 
2006-02-05,1.4671 
2006-02-06,1.3752 
2006-02-07,1.3588 
2006-02-08,1.5099 
2006-02-09,1.5820 
2006-02-10,1.5188 
2006-02-13,1.6527 
2006-02-14,1.6248 
2006-02-15,1.3176 
2006-02-16,1.5901 
2006-02-17,1.4450 
2006-02-20,1.4812 
2006-02-21,1.3437 
2006-02-22,1.4802 
2006-02-23,1.5870 
2006-02-24,1.6265 
2006-03-01,1.4000 
2006-03-02,1.4100 
2006-03-03,1.4000 
2006-03-06,1.4400 
2006-03-07,1.4000 
2006-03-08,1.3800 
2006-03-09,1.3800 
2006-03-10,1.3900 
2006-03-13,1.4000 
2006-03-14,1.4100 
2006-03-15,1.4300 
2006-03-16,1.4400 
2006-03-17,1.4200 
2006-03-20,1.4400 
2006-03-21,1.4300 
2006-03-22,1.4500 
2006-03-23,1.4200 
2006-03-24,1.4000 
2006-03-27,1.3900 
2006-03-28,1.3700 
2006-03-29,1.3600 
2006-03-30,1.3700 
2006-03-31,1.3600 
2006-04-03,1.3500 
2006-04-04,1.3600 
2006-04-05,1.3700 
2006-04-06,1.3650 
2006-04-07,1.3500 
2006-04-10,1.3500 
2006-04-11,1.3700 
2006-04-12,1.3900 
2006-04-13,1.3900 
2006-04-14,1.4000 
2006-04-17,1.4300 
2006-04-18,1.4500 
2006-04-19,1.4600 
2006-04-20,1.4500 
2006-04-21,1.4700 
2006-04-24,1.4900 
2006-04-25,1.4900 
2006-04-26,1.4800 
2006-04-27,1.4500 
2006-04-28,1.4200 
2006-04-29,1.4100 
2006-04-30,1.4300 
2006-05-08,1.4200 
2006-05-09,1.4100 
2006-05-10,1.3900 
2006-05-11,1.4150 
2006-05-12,1.4300 
2006-05-15,1.4700 
2006-05-16,1.4600 
2006-05-17,1.4400 
2006-05-18,1.4400 
2006-05-19,1.4300 
2006-05-22,1.4400 
2006-05-23,1.4500 
2006-05-24,1.4460 
2006-05-25,1.4400 
2006-05-26,1.4350 
2006-05-29,1.4400 
2006-05-30,1.4350 
2006-05-31,1.4400 
2006-06-01,1.4500 
2006-06-02,1.4750 
2006-06-05,1.4850 
2006-06-06,1.4900 
2006-06-07,1.5500 
2006-06-08,1.5520 
2006-06-09,1.5700 
2006-06-12,1.5700 
2006-06-13,1.4800 
2006-06-14,1.5000 
2006-06-15,1.5200 
2006-06-16,1.5100 
2006-06-19,1.5300 
2006-06-20,1.5500 
2006-06-21,1.5700 
2006-06-22,1.5800 
2006-06-23,1.5750 
2006-06-26,1.5650 
2006-06-27,1.5800 
2006-06-28,1.5600 
2006-06-29,1.6000 
2006-06-30,1.6100 
2006-07-03,1.6500 
2006-07-04,1.6800 
2006-07-05,1.7200 
2006-07-06,1.7100 
2006-07-07,1.7000 
2006-07-10,1.6900 
2006-07-11,1.6850 
2006-07-12,1.6980 
2006-07-13,1.7150 
2006-07-14,1.7190 
2006-07-17,1.7210 
2006-07-18,1.7200 
2006-07-19,1.7300 
2006-07-20,1.7310 
2006-07-21,1.7390 
2006-07-24,1.8600 
2006-07-25,1.8720 
2006-07-26,1.8800 
2006-07-27,1.8700 
2006-07-28,1.8900 
2006-07-31,1.8950 
2006-08-01,1.8945 
2006-08-02,1.8950 
2006-08-03,1.8900 
2006-08-04,1.8900 
2006-08-07,1.8900 
2006-08-08,1.8900 
2006-08-09,1.8850 
2006-08-10,1.8650 
2006-08-11,1.8500 
2006-08-14,1.8500 
2006-08-15,1.8350 
2006-08-16,1.8100 
2006-08-17,1.8050 
2006-08-18,1.7900 
2006-08-21,1.8520 
2006-08-22,1.8310 
2006-08-23,1.8260 
2006-08-24,1.8210 
2006-08-25,1.8150 
2006-08-28,1.8150 
2006-08-29,1.8100 
2006-08-30,1.8100 
2006-08-31,1.8090 
2006-09-01,1.8190 
2006-09-04,1.8010 
2006-09-05,1.7980 
2006-09-06,1.7980 
2006-09-07,1.7990 
2006-09-08,1.7980 
2006-09-11,1.7990 
2006-09-12,1.7890 
2006-09-13,1.7830 
2006-09-14,1.7930 
2006-09-15,1.7910 
2006-09-18,1.7810 
2006-09-19,1.7750 
2006-09-20,1.7650 
2006-09-21,1.7350 
2006-09-22,1.7390 
2006-09-25,1.7400 
2006-09-26,1.7500 
2006-09-27,1.6800 
2006-09-28,1.7000 
2006-09-29,1.7000 
2006-09-30,1.6900 
2006-10-08,1.6900 
2006-10-09,1.6800 
2006-10-10,1.6790 
2006-10-11,1.6800 
2006-10-12,1.6750 
2006-10-13,1.6810 
2006-10-16,1.6850 
2006-10-17,1.6910 
2006-10-18,1.6850 
2006-10-19,1.6890 
2006-10-20,1.6790 
2006-10-23,1.6810 
2006-10-24,1.6800 
2006-10-25,1.6750 
2006-10-26,1.6750 
2006-10-27,1.6780 
2006-10-30,1.6780 
2006-10-31,1.6840 
2006-11-01,1.6850 
2006-11-02,1.6850 
2006-11-03,1.6850 
2006-11-06,1.7000 
2006-11-07,1.7000 
2006-11-08,1.7000 
2006-11-09,1.7100 
2006-11-10,1.7150 
2006-11-13,1.7250 
2006-11-14,1.7290 
2006-11-15,1.7250 
2006-11-16,1.7230 
2006-11-17,1.7250 
2006-11-20,1.7280 
2006-11-21,1.7910 
2006-11-22,1.8020 
2006-11-23,1.8400 
2006-11-24,1.8300 
2006-11-27,1.8600 
2006-11-28,1.8500 
2006-11-29,1.8400 
2006-11-30,1.8400 
2006-12-01,1.8600 
2006-12-04,1.8600 
2006-12-05,1.8620 
2006-12-06,1.8800 
2006-12-07,1.9000 
2006-12-08,1.9000 
2006-12-11,1.9000 
2006-12-12,1.8900 
2006-12-13,1.9200 
2006-12-14,1.9200 
2006-12-15,1.9200 
2006-12-18,1.9200 
2006-12-19,1.9000 
2006-12-20,1.8900 
2006-12-21,1.8900 
2006-12-22,1.8900 
2006-12-25,1.8900 
2006-12-26,1.8900 
2006-12-27,1.8900 
2006-12-28,1.8900 
2006-12-29,1.8900 
2006-12-30,1.8900 
2006-12-31,1.8900 
2007-01-04,1.8900 
2007-01-05,1.8800 
2007-01-08,1.8800 
2007-01-09,1.8800 
2007-01-10,1.8800 
2007-01-11,1.8800 
2007-01-12,1.8900 
2007-01-15,1.8900 
2007-01-16,1.8800 
2007-01-17,1.8850 
2007-01-18,1.8850 
2007-01-19,1.8900 
2007-01-22,1.9000 
2007-01-23,1.9000 
2007-01-24,1.9000 
2007-01-25,1.9000 
2007-01-26,1.9060 
2007-01-29,1.9020 
2007-01-30,1.9000 
2007-01-31,1.8900 
2007-02-01,1.8800 
2007-02-02,1.8700 
2007-02-05,1.8600 
2007-02-06,1.8600 
2007-02-07,1.8600 
2007-02-08,1.8700 
2007-02-09,1.8630 
2007-02-12,1.8690 
2007-02-13,1.8510 
2007-02-14,1.8560 
2007-02-15,1.8540 
2007-02-16,1.8510 
2007-02-17,1.8510 
2007-02-25,1.8520 
2007-02-26,1.8500 
2007-02-27,1.8400 
2007-02-28,1.8400 
2007-03-01,1.8300 
2007-03-02,1.8300 
2007-03-05,1.8150 
2007-03-06,1.8100 
2007-03-07,1.8100 
2007-03-08,1.8100 
2007-03-09,1.8100 
2007-03-12,1.8100 
2007-03-13,1.8000 
2007-03-14,1.8000 
2007-03-15,1.8000 
2007-03-16,1.8100 
2007-03-19,1.8400 
2007-03-20,1.8500 
2007-03-21,1.8600 
2007-03-22,1.8800 
2007-03-23,1.8800 
2007-03-26,1.8800 
2007-03-27,1.8800 
2007-03-28,1.8800 
2007-03-29,1.8800 
2007-03-30,1.8800 
2007-04-02,1.8800 
2007-04-03,1.8800 
2007-04-04,1.8800 
2007-04-05,1.8800 
2007-04-06,1.9000 
2007-04-09,1.9200 
2007-04-10,1.9400 
2007-04-11,1.9500 
2007-04-12,1.9500 
2007-04-13,1.9500 
2007-04-16,1.9700 
2007-04-17,2.0000 
2007-04-18,2.0000 
2007-04-19,2.0000 
2007-04-20,2.2000 
2007-04-23,2.2000 
2007-04-24,2.2000 
2007-04-25,2.2000 
2007-04-26,2.0500 
2007-04-27,2.0000 
2007-04-28,1.9900 
2007-04-29,1.9300 
2007-04-30,1.9100 
2007-05-08,1.9100 
2007-05-09,1.9000 
2007-05-10,1.8800 
2007-05-11,1.9100 
2007-05-14,1.9200 
2007-05-15,1.9200 
2007-05-16,1.9200 
2007-05-17,1.9200 
2007-05-18,1.9200 
2007-05-21,1.9200 
2007-05-22,1.9200 
2007-05-23,1.9100 
2007-05-24,1.9000 
2007-05-25,1.9400 
2007-05-28,1.9400 
2007-05-29,1.9350 
2007-05-30,1.9300 
2007-05-31,1.9350 
2007-06-01,1.9580 
2007-06-04,1.9550 
2007-06-05,1.9600 
2007-06-06,2.0000 
2007-06-07,2.0100 
2007-06-08,2.0100 
2007-06-11,2.0150 
2007-06-12,2.0100 
2007-06-13,2.0100 
2007-06-14,2.0200 
2007-06-15,2.0200 
2007-06-18,2.0200 
2007-06-19,2.0200 
2007-06-20,2.0300 
2007-06-21,2.0400 
2007-06-22,2.0400 
2007-06-25,2.0300 
2007-06-26,2.0300 
2007-06-27,2.0200 
2007-06-28,2.0200 
2007-06-29,2.0900 
2007-07-02,2.0900 
2007-07-03,2.0900 
2007-07-04,2.0700 
2007-07-05,2.0600 
2007-07-06,2.0600 
2007-07-09,2.0600 
2007-07-10,2.0600 
2007-07-11,2.0700 
2007-07-12,2.0750 
2007-07-13,2.0755 
2007-07-16,2.0500 
2007-07-17,2.0420 
2007-07-18,2.0248 
2007-07-19,1.9520 
2007-07-20,1.9487 
2007-07-23,1.9370 
2007-07-24,1.9400 
2007-07-25,1.9657 
2007-07-26,1.9580 
2007-07-27,1.9654 
2007-07-30,1.9632 
2007-07-31,1.9800 
2007-08-01,1.9786 
2007-08-02,1.9732 
2007-08-03,1.9563 
2007-08-06,1.9485 
2007-08-07,1.9435 
2007-08-08,1.9586 
2007-08-09,1.9368 
2007-08-10,1.9256 
2007-08-13,1.9186 
2007-08-14,1.9320 
2007-08-15,1.9264 
2007-08-16,1.8879 
2007-08-17,1.8657 
2007-08-20,1.7258 
2007-08-21,1.7038 
2007-08-22,1.8958 
2007-08-23,1.9485 
2007-08-24,1.8259 
2007-08-27,1.7368 
2007-08-28,1.8250 
2007-08-29,1.8670 
2007-08-30,1.8650 
2007-08-31,1.8600 
2007-09-03,1.8260 
2007-09-04,1.8365 
2007-09-05,1.7956 
2007-09-06,1.7830 
2007-09-07,1.9368 
2007-09-10,1.9436 
2007-09-11,1.9856 
2007-09-12,2.0395 
2007-09-13,2.0895 
2007-09-14,2.7850 
2007-09-17,2.4685 
2007-09-18,2.2859 
2007-09-19,2.3150 
2007-09-20,2.3589 
2007-09-21,2.3750 
2007-09-24,2.1258 
2007-09-25,2.0985 
2007-09-26,2.1150 
2007-09-27,2.1000 
2007-09-28,2.0800 
2007-09-29,2.0760 
2007-09-30,2.0600 
2007-10-08,2.1300 
2007-10-09,1.9600 
2007-10-10,1.8000 
2007-10-11,1.8300 
2007-10-12,1.8200 
2007-10-15,1.8250 
2007-10-16,1.8360 
2007-10-17,1.9100 
2007-10-18,1.9104 
2007-10-19,1.9200 
2007-10-22,1.9200 
2007-10-23,2.0300 
2007-10-24,3.1000 
2007-10-25,4.6000 
2007-10-26,7.8000 
2007-10-29,2.5200 
2007-10-30,2.4500 
2007-10-31,2.4800 
2007-11-01,2.5000 
2007-11-02,1.9100 
2007-11-05,1.9100 
2007-11-06,1.8900 
2007-11-07,1.5800 
2007-11-08,1.6500 
2007-11-09,1.6300 
2007-11-12,1.6200 
2007-11-13,1.6150 
2007-11-14,1.5800 
2007-11-15,1.7900 
2007-11-16,1.6200 
2007-11-19,1.6200 
2007-11-20,1.6300 
2007-11-21,1.6350 
2007-11-22,1.6300 
2007-11-23,1.6320 
2007-11-26,1.6200 
2007-11-27,1.6300 
2007-11-28,1.6350 
2007-11-29,1.6300 
2007-11-30,1.6200 
2007-12-03,1.6100 
2007-12-04,1.6200 
2007-12-05,1.6350 
2007-12-06,1.6280 
2007-12-07,1.6300 
2007-12-10,1.6500 
2007-12-11,1.6380 
2007-12-12,1.6320 
2007-12-13,1.6500 
2007-12-14,1.6450 
2007-12-17,1.6420 
2007-12-18,1.6380 
2007-12-19,1.6290 
2007-12-20,1.6300 
2007-12-21,1.6350 
2007-12-24,1.6280 
2007-12-25,1.6500 
2007-12-26,1.6560 
2007-12-27,1.5860 
2007-12-28,1.5680 
2007-12-29,1.8800 
2008-01-02,2.0800 
2008-01-03,1.8800 
2008-01-04,1.8800 
2008-01-07,1.8300 
2008-01-08,1.6300 
2008-01-09,1.5000 
2008-01-10,1.4700 
2008-01-11,1.4675 
2008-01-14,1.4600 
2008-01-15,1.4650 
2008-01-16,1.4680 
2008-01-17,1.4660 
2008-01-18,1.4660 
2008-01-21,1.4590 
2008-01-22,1.4700 
2008-01-23,1.4680 
2008-01-24,1.4690 
2008-01-25,1.4603 
2008-01-28,1.4659 
2008-01-29,1.4769 
2008-01-30,1.4795 
2008-01-31,1.5150 
2008-02-01,1.5280 
2008-02-02,1.5300 
2008-02-03,1.5360 
2008-02-04,1.5380 
2008-02-05,1.5500 
2008-02-13,1.5200 
2008-02-14,1.5000 
2008-02-15,1.4860 
2008-02-18,1.4750 
2008-02-19,1.4768 
2008-02-20,1.5868 
2008-02-21,1.6500 
2008-02-22,1.6548 
2008-02-25,1.6442 
2008-02-26,1.6950 
2008-02-27,1.7506 
2008-02-28,1.7398 
2008-02-29,1.7500 
2008-03-03,1.6980 
2008-03-04,1.2082 
2008-03-05,1.2050 
2008-03-06,1.1965 
2008-03-07,1.1909 
2008-03-10,1.1897 
2008-03-11,1.1789 
2008-03-12,1.1713 
2008-03-13,1.1582 
2008-03-14,1.5195 
2008-03-17,1.4539 
2008-03-18,1.4301 
2008-03-19,1.4266 
2008-03-20,1.4002 
2008-03-21,1.5549 
2008-03-24,1.3161 
2008-03-25,1.3045 
2008-03-26,1.3409 
2008-03-27,1.3395 
2008-03-28,1.5255 
2008-03-31,1.5500 
2008-04-01,1.8566 
2008-04-02,1.6370 
2008-04-03,1.6262 
2008-04-07,1.5890 
2008-04-08,1.6037 
2008-04-09,1.6166 
2008-04-10,1.6317 
2008-04-11,1.6090 
2008-04-14,1.6621 
2008-04-15,1.6615 
2008-04-16,1.6601 
2008-04-17,1.6610 
2008-04-18,1.5849 
2008-04-21,1.5073 
2008-04-22,1.3933 
2008-04-23,1.3776 
2008-04-24,1.3563 
2008-04-25,1.3781 
2008-04-28,1.3931 
2008-04-29,1.4032 
2008-04-30,1.4312 
2008-05-04,1.4586 
2008-05-05,1.5180 
2008-05-06,1.5863 
2008-05-07,1.6124 
2008-05-08,1.6212 
2008-05-09,1.6272 
2008-05-12,1.6679 
2008-05-13,1.7156 
2008-05-14,1.7919 
2008-05-15,1.7947 
2008-05-16,1.8352 
2008-05-19,1.8709 
2008-05-20,1.8898 
2008-05-21,1.9097 
2008-05-22,1.9118 
2008-05-23,1.9041 
2008-05-26,1.9860 
2008-05-27,2.1371 
2008-05-28,1.4476 
2008-05-29,1.7624 
2008-05-30,2.1217 
2008-06-02,2.1207 
2008-06-03,2.1194 
2008-06-04,2.1371 
2008-06-05,2.1639 
2008-06-06,2.2341 
2008-06-10,2.7069 
2008-06-11,2.7851 
2008-06-12,2.6813 
2008-06-13,1.9094 
2008-06-16,1.6646 
2008-06-17,1.7360 
2008-06-18,1.8100 
2008-06-19,1.8078 
2008-06-20,1.9287 
2008-06-23,1.9465 
2008-06-24,1.9535 
2008-06-25,1.9133 
2008-06-26,1.9266 
2008-06-27,2.0652 
2008-06-30,2.0601 
2008-07-01,1.7658 
2008-07-02,1.9890 
2008-07-03,1.8414 
2008-07-04,1.8284 
2008-07-07,1.8331 
2008-07-08,1.8153 
2008-07-09,1.7934 
2008-07-10,1.7556 
2008-07-11,1.6125 
2008-07-14,1.5878 
2008-07-15,1.6415 
2008-07-16,1.7536 
2008-07-17,1.7572 
2008-07-18,1.7661 
2008-07-21,1.7704 
2008-07-22,1.7693 
2008-07-23,1.7659 
2008-07-24,1.7861 
2008-07-25,1.7844 
2008-07-28,1.7819 
2008-07-29,1.7957 
2008-07-30,1.7888 
2008-07-31,1.7928 
2008-08-01,2.0417 
2008-08-04,2.0550 
2008-08-05,2.0554 
2008-08-06,2.0552 
2008-08-07,2.0515 
2008-08-08,2.0489 
2008-08-11,2.0173 
2008-08-12,1.9936 
2008-08-13,1.9681 
2008-08-14,1.7951 
2008-08-15,1.8135 
2008-08-18,1.8519 
2008-08-19,1.8573 
2008-08-20,1.8415 
2008-08-21,1.8265 
2008-08-22,1.8294 
2008-08-25,1.8319 
2008-08-26,1.8302 
2008-08-27,1.8840 
2008-08-28,1.8999 
2008-08-29,1.9011 
2008-09-01,1.8952 
2008-09-02,1.9259 
2008-09-03,1.9285 
2008-09-04,1.9300 
2008-09-05,1.9221 
2008-09-08,1.8942 
2008-09-09,1.8806 
2008-09-10,1.8830 
2008-09-11,1.8797 
2008-09-12,1.8827 
2008-09-16,1.8761 
2008-09-17,1.8848 
2008-09-18,1.9633 
2008-09-19,2.2502 
2008-09-22,2.3062 
2008-09-23,2.2702 
2008-09-24,2.2793 
2008-09-25,2.0975 
2008-09-26,2.1094 
2008-09-27,2.0844 
2008-09-28,2.0844 
2008-10-06,2.0590 
2008-10-07,2.0627 
2008-10-08,1.7914 
2008-10-09,1.6614 
2008-10-10,1.6623 
2008-10-13,1.4621 
2008-10-14,1.4211 
2008-10-15,1.2223 
2008-10-16,1.2564 
2008-10-17,1.2364 
2008-10-20,1.2394 
2008-10-21,1.2427 
2008-10-22,1.2377 
2008-10-23,1.2414 
2008-10-24,1.2402 
2008-10-27,1.2406 
2008-10-28,1.2402 
2008-10-29,1.2419 
2008-10-30,1.2398 
2008-10-31,1.2377 
2008-11-03,1.2394 
2008-11-04,1.2798 
2008-11-05,1.1398 
2008-11-06,1.1919 
2008-11-07,1.1918 
2008-11-10,1.1244 
2008-11-11,1.1377 
2008-11-12,1.1577 
2008-11-13,1.1677 
2008-11-14,1.1877 
2008-11-17,1.2157 
2008-11-18,1.2394 
2008-11-19,1.2394 
2008-11-20,1.2644 
2008-11-21,1.2094 
2008-11-24,1.2177 
2008-11-25,1.2169 
2008-11-26,1.2265 
2008-11-27,0.8875 
2008-11-28,0.9325 
2008-12-01,0.9225 
2008-12-02,0.9166 
2008-12-03,0.9173 
2008-12-04,0.9196 
2008-12-05,0.8610 
2008-12-08,0.8560 
2008-12-09,0.8352 
2008-12-10,0.7050 
2008-12-11,0.6773 
2008-12-12,0.6688 
2008-12-15,0.6555 
2008-12-16,0.5938 
2008-12-17,0.5229 
2008-12-18,0.5066 
2008-12-19,0.4838 
2008-12-22,0.4750 
2008-12-23,0.4717 
2008-12-24,0.4621 
2008-12-25,0.5400 
2008-12-26,0.5453 
2008-12-29,0.5500 
2008-12-30,0.5503 
2008-12-31,0.6082 
2009-01-04,0.5982 
2009-01-05,0.5951 
2009-01-06,0.5832 
2009-01-07,0.5759 
2009-01-08,0.5694 
2009-01-09,0.5694 
2009-01-12,0.5664 
2009-01-13,0.5640 
2009-01-14,0.5627 
2009-01-15,0.5623 
2009-01-16,0.5600 
2009-01-19,0.5606 
2009-01-20,0.5631 
2009-01-21,0.6597 
2009-01-22,0.6406 
2009-01-23,0.6239 
2009-01-24,0.6747 
2009-02-01,0.6714 
2009-02-02,0.6614 
2009-02-03,0.6815 
2009-02-04,0.6707 
2009-02-05,0.6814 
2009-02-06,0.6793 
2009-02-09,0.6879 
2009-02-10,0.6872 
2009-02-11,0.6939 
2009-02-12,0.6843 
2009-02-13,0.6897 
2009-02-16,0.6755 
2009-02-17,0.6747 
2009-02-18,0.6714 
2009-02-19,0.6789 
2009-02-20,0.6764 
2009-02-23,0.6789 
2009-02-24,0.6701 
2009-02-25,0.6664 
2009-02-26,0.6618 
2009-02-27,0.6618 
2009-03-02,0.6597 
2009-03-03,0.6576 
2009-03-04,0.6559 
2009-03-05,0.6576 
2009-03-06,0.6559 
2009-03-09,0.6618 
2009-03-10,0.6584 
2009-03-11,0.6593 
2009-03-12,0.6584 
2009-03-13,0.6580 
2009-03-16,0.6597 
2009-03-17,0.6597 
2009-03-18,0.6593 
2009-03-19,0.6614 
2009-03-20,0.6597 
2009-03-23,0.6609 
2009-03-24,0.6584 
2009-03-25,0.6576 
2009-03-26,0.6580 
2009-03-27,0.6572 
2009-03-30,0.6581 
2009-03-31,0.6568 
2009-04-01,0.6568 
2009-04-02,0.6576 
2009-04-03,0.6564 
2009-04-07,0.6564 
2009-04-08,0.6764 
2009-04-09,0.6768 
2009-04-10,0.6764 
2009-04-13,0.6768 
2009-04-14,0.6751 
2009-04-15,0.6756 
2009-04-16,0.6751 
2009-04-17,0.6772 
2009-04-20,0.6756 
2009-04-21,0.6976 
2009-04-22,0.7039 
2009-04-23,0.6872 
2009-04-24,0.6872 
2009-04-27,0.6864 
2009-04-28,0.6822 
2009-04-29,0.6826 
2009-04-30,0.6810 
2009-05-04,0.6881 
2009-05-05,0.6843 
2009-05-06,0.6835 
2009-05-07,0.6826 
2009-05-08,0.6822 
2009-05-11,0.6810 
2009-05-12,0.6814 
2009-05-13,0.6822 
2009-05-14,0.6822 
2009-05-15,0.6843 
2009-05-18,0.6847 
2009-05-19,0.6839 
2009-05-20,0.6847 
2009-05-21,0.6847 
2009-05-22,0.6851 
2009-05-25,0.6847 
2009-05-26,0.6872 
2009-05-27,0.6876 
2009-05-31,0.6860 
2009-06-01,0.6872 
2009-06-02,0.6876 
2009-06-03,0.6885 
2009-06-04,0.6856 
2009-06-05,0.6864 
2009-06-08,0.6864 
2009-06-09,0.6860 
2009-06-10,0.6906 
2009-06-11,0.6885 
2009-06-12,0.6893 
2009-06-15,0.6922 
2009-06-16,0.6914 
2009-06-17,0.7047 
2009-06-18,0.7193 
2009-06-19,0.7768 
2009-06-22,0.8222 
2009-06-23,0.8322 
2009-06-24,0.8318 
2009-06-25,0.8331 
2009-06-26,0.8364 
2009-06-29,0.8743 
2009-06-30,0.8743 
2009-07-01,0.8818 
2009-07-02,0.8518 
2009-07-03,0.8514 
2009-07-06,0.8298 
2009-07-07,0.8293 
2009-07-08,0.8318 
2009-07-09,0.8310 
2009-07-10,0.8331 
2009-07-13,0.8788 
2009-07-14,0.8806 
2009-07-15,0.8856 
2009-07-16,0.9231 
2009-07-17,1.1123 
2009-07-20,1.0985 
2009-07-21,1.2323 
2009-07-22,1.2373 
2009-07-23,1.2231 
2009-07-24,1.1939 
2009-07-27,1.1802 
2009-07-28,1.1443 
2009-07-29,0.9789 
2009-07-30,1.0835 
2009-07-31,1.0352 
2009-08-03,1.0606 
2009-08-04,1.0585 
2009-08-05,1.0543 
2009-08-06,1.0543 
2009-08-07,1.0518 
2009-08-10,1.0473 
2009-08-11,1.0327 
2009-08-12,0.8906 
2009-08-13,0.8918 
2009-08-14,0.8827 
2009-08-17,0.8935 
2009-08-18,0.8706 
2009-08-19,0.8340 
2009-08-20,0.8285 
2009-08-21,0.8260 
2009-08-24,0.7910 
2009-08-25,0.7293 
2009-08-26,0.7310 
2009-08-27,0.7443 
2009-08-28,0.7468 
2009-08-31,0.7335 
2009-09-01,0.7352 
2009-09-02,0.8206 
2009-09-03,0.8293 
2009-09-04,0.8343 
2009-09-07,0.8310 
2009-09-08,0.8323 
2009-09-09,0.8285 
2009-09-10,0.8252 
2009-09-11,0.8293 
2009-09-14,0.8273 
2009-09-15,0.8658 
2009-09-16,0.9285 
2009-09-17,0.9835 
2009-09-18,0.9943 
2009-09-21,0.9935 
2009-09-22,1.0035 
2009-09-23,1.0293 
2009-09-24,1.0373 
2009-09-25,1.0493 
2009-09-27,1.0448 
2009-09-28,1.0506 
2009-09-29,1.0571 
2009-09-30,1.0671 
2009-10-09,1.0771 
2009-10-10,1.0781 
2009-10-12,1.0481 
2009-10-13,1.0452 
2009-10-14,1.0435 
2009-10-15,1.0448 
2009-10-16,1.0418 
2009-10-19,1.0364 
2009-10-20,1.0064 
2009-10-21,0.9760 
2009-10-22,0.9727 
2009-10-23,0.9677 
2009-10-26,0.9568 
2009-10-27,0.9277 
2009-10-28,0.9256 
2009-10-29,0.9225 
2009-10-30,0.9189 
2009-11-02,0.9168 
2009-11-03,0.9177 
2009-11-04,0.9227 
2009-11-05,0.9939 
2009-11-06,0.9956 
2009-11-09,0.9868 
2009-11-10,1.0142 
2009-11-11,1.0068 
2009-11-12,1.0085 
2009-11-13,0.9981 
2009-11-16,0.9914 
2009-11-17,0.9810 
2009-11-18,0.9756 
2009-11-19,0.9748 
2009-11-20,0.9735 
2009-11-23,0.9698 
2009-11-24,0.9668 
2009-11-25,0.9689 
2009-11-26,0.9673 
2009-11-27,0.9681 
2009-11-30,0.9702 
2009-12-01,1.0335 
2009-12-02,1.0264 
2009-12-03,1.0143 
2009-12-04,0.9993 
2009-12-07,0.9908 
2009-12-08,0.9864 
2009-12-09,0.9781 
2009-12-10,0.9685 
2009-12-11,0.9573 
2009-12-14,0.9543 
2009-12-15,0.9477 
2009-12-16,0.9435 
2009-12-17,0.9460 
2009-12-18,0.9479 
2009-12-21,0.9423 
2009-12-22,0.9339 
2009-12-23,0.9364 
2009-12-24,0.9364 
2009-12-25,0.9310 
2009-12-28,0.9339 
2009-12-29,0.9302 
2009-12-30,0.9298 
2009-12-31,0.9277 
2010-01-04,0.8985 
2010-01-05,0.8960 
2010-01-06,0.8993 
2010-01-07,0.8607 
2010-01-08,0.8418 
2010-01-11,0.8281 
2010-01-12,0.8146 
2010-01-13,0.8664 
2010-01-14,0.8285 
2010-01-15,0.8093 
2010-01-18,0.8081 
2010-01-19,0.8081 
2010-01-20,0.8085 
2010-01-21,0.8093 
2010-01-22,0.8233 
2010-01-25,0.9689 
2010-01-26,0.9768 
2010-01-27,1.0960 
2010-01-28,1.1398 
2010-01-29,1.1402 
2010-02-01,1.1356 
2010-02-02,1.1385 
2010-02-03,1.1377 
2010-02-04,1.1385 
2010-02-05,1.1393 
2010-02-08,1.1377 
2010-02-09,1.1860 
2010-02-10,1.2802 
2010-02-11,1.3802 
2010-02-12,1.3332 
2010-02-20,1.2832 
2010-02-21,1.2032 
2010-02-22,1.1530 
2010-02-23,1.1538 
2010-02-24,1.1592 
2010-02-25,1.1738 
2010-02-26,1.1532 
2010-03-01,1.1512 
2010-03-02,1.1479 
2010-03-03,1.1312 
2010-03-04,1.1254 
2010-03-05,1.1079 
2010-03-08,1.1022 
2010-03-09,1.0900 
2010-03-10,1.0829 
2010-03-11,1.0800 
2010-03-12,1.0683 
2010-03-15,1.0612 
2010-03-16,1.0591 
2010-03-17,1.0533 
2010-03-18,1.0504 
2010-03-19,1.0496 
2010-03-22,1.0421 
2010-03-23,1.0404 
2010-03-24,1.0391 
2010-03-25,1.0354 
2010-03-26,1.0313 
2010-03-29,1.0296 
2010-03-30,1.0217 
2010-03-31,1.0659 
2010-04-01,1.0316 
2010-04-02,1.0396 
2010-04-06,1.0367 
2010-04-07,1.0242 
2010-04-08,1.0196 
2010-04-09,1.0184 
2010-04-12,1.0113 
2010-04-13,1.0104 
2010-04-14,1.0109 
2010-04-15,1.0084 
2010-04-16,1.0145 
2010-04-19,1.0146 
2010-04-20,1.0167 
2010-04-21,1.0188 
2010-04-22,1.0183 
2010-04-23,1.0138 
2010-04-26,1.0146 
2010-04-27,1.0569 
2010-04-28,1.0675 
2010-04-29,1.0779 
2010-04-30,1.1223 
2010-05-04,1.1229 
2010-05-05,1.1343 
2010-05-06,1.1338 
2010-05-07,1.1338 
2010-05-10,1.2304 
2010-05-11,1.2292 
2010-05-12,1.2258 
2010-05-13,1.2233 
2010-05-14,1.2250 
2010-05-17,1.2683 
2010-05-18,1.2688 
2010-05-19,1.2704 
2010-05-20,1.2752 
2010-05-21,1.3838 
2010-05-24,1.4675 
2010-05-25,1.4737 
2010-05-26,1.5758 
2010-05-27,1.6562 
2010-05-28,1.5462 
2010-05-31,1.6274 
2010-06-01,1.7502 
2010-06-02,1.7748 
2010-06-03,1.7507 
2010-06-04,1.5709 
2010-06-07,1.4411 
2010-06-08,1.4686 
2010-06-09,1.4727 
2010-06-10,1.5623 
2010-06-11,1.6061 
2010-06-12,1.8326 
2010-06-13,1.8165 
2010-06-17,1.8073 
2010-06-18,1.8415 
2010-06-21,1.8565 
2010-06-22,1.8736 
2010-06-23,1.8681 
2010-06-24,1.9340 
2010-06-25,1.9206 
2010-06-28,1.9156 
2010-06-29,1.9058 
2010-06-30,1.8956 
2010-07-01,1.8765 
2010-07-02,1.8215 
2010-07-05,1.7923 
2010-07-06,1.7840 
2010-07-07,1.7564 
2010-07-08,1.6115 
2010-07-09,1.3479 
2010-07-12,1.3189 
2010-07-13,1.2752 
2010-07-14,1.1459 
2010-07-15,1.0881 
2010-07-16,1.0706 
2010-07-19,1.0715 
2010-07-20,1.1036 
2010-07-21,1.1002 
2010-07-22,1.0756 
2010-07-23,1.0548 
2010-07-26,1.0952 
2010-07-27,1.0677 
2010-07-28,1.0706 
2010-07-29,1.0719 
2010-07-30,1.0969 
2010-08-02,1.0969 
2010-08-03,1.0948 
2010-08-04,1.0897 
2010-08-05,1.0846 
2010-08-06,1.0795 
2010-08-09,1.0744 
2010-08-10,1.0693 
2010-08-11,1.0642 
2010-08-12,1.0591 
2010-08-13,1.0591 
2010-08-16,1.0579 
2010-08-17,1.0579 
2010-08-18,1.0808 
2010-08-19,1.1066 
2010-08-20,1.1241 
2010-08-23,1.1416 
2010-08-24,1.1620 
2010-08-25,1.2066 
2010-08-26,1.2966 
2010-08-27,1.3978 
2010-08-30,1.4220 
2010-08-31,1.4887 
2010-09-01,1.5424 
2010-09-02,1.4500 
2010-09-03,1.4486 
2010-09-06,1.4423 
2010-09-07,1.3759 
2010-09-08,1.2413 
2010-09-09,1.2301 
2010-09-10,1.2168 
2010-09-13,1.2064 
2010-09-14,1.2235 
2010-09-15,1.2943 
2010-09-16,1.2835 
2010-09-17,1.1451 
2010-09-19,1.0777 
2010-09-20,1.2693 
2010-09-21,1.4316 
2010-09-25,1.5218 
2010-09-26,1.3982 
2010-09-27,1.3370 
2010-09-28,1.4061 
2010-09-29,1.3713 
2010-09-30,1.4564 
2010-10-08,1.3699 
2010-10-09,1.3696 
2010-10-11,1.3080 
2010-10-12,1.2772 
2010-10-13,1.2755 
2010-10-14,1.2584 
2010-10-15,1.2322 
2010-10-18,1.2343 
2010-10-19,1.2326 
2010-10-20,1.2355 
2010-10-21,1.2310 
2010-10-22,1.2301 
2010-10-25,1.2226 
2010-10-26,1.1680 
2010-10-27,1.1630 
2010-10-28,1.1635 
2010-10-29,1.2244 
2010-11-01,1.2235 
2010-11-02,1.2190 
2010-11-03,1.2140 
2010-11-04,1.1994 
2010-11-05,1.1727 
2010-11-08,1.1690 
2010-11-09,1.1610 
2010-11-10,1.1510 
2010-11-11,1.1522 
2010-11-12,1.1580 
2010-11-15,1.2243 
2010-11-16,1.2830 
2010-11-17,1.3614 
2010-11-18,1.4351 
2010-11-19,1.4510 
2010-11-22,1.5922 
2010-11-23,1.6137 
2010-11-24,1.5377 
2010-11-25,1.5235 
2010-11-26,1.5247 
2010-11-29,1.5539 
2010-11-30,1.7622 
2010-12-01,1.8622 
2010-12-02,1.8694 
2010-12-03,1.6304 
2010-12-06,1.5122 
2010-12-07,1.6180 
2010-12-08,1.7301 
2010-12-09,1.6414 
2010-12-10,1.6430 
2010-12-13,1.6389 
2010-12-14,1.6307 
2010-12-15,1.6480 
2010-12-16,1.6330 
2010-12-17,1.6276 
2010-12-20,1.7357 
2010-12-21,1.9843 
2010-12-22,2.1855 
2010-12-23,2.8872 
2010-12-24,3.2905 
2010-12-27,3.4153 
2010-12-28,3.5028 
2010-12-29,3.6662 
2010-12-30,4.0070 
2010-12-31,3.4291 
2011-01-04,2.3582 
2011-01-05,2.1074 
2011-01-06,1.6078 
2011-01-07,1.5474 
2011-01-10,1.5270 
2011-01-11,1.4970 
2011-01-12,1.4795 
2011-01-13,1.4327 
2011-01-14,1.4387 
2011-01-17,1.4428 
2011-01-18,1.5141 
2011-01-19,2.1445 
2011-01-20,2.7607 
2011-01-21,2.7766 
2011-01-24,2.7732 
2011-01-25,4.0366 
2011-01-26,4.5932 
2011-01-27,4.8321 
2011-01-28,4.8316 
2011-01-30,5.1157 
2011-01-31,3.6311 
2011-02-01,2.5188 
2011-02-09,2.8533 
2011-02-10,2.2055 
2011-02-11,2.2147 
2011-02-12,2.0697 
2011-02-14,1.7847 
2011-02-15,1.7847 
2011-02-16,1.7755 
2011-02-17,1.6614 
2011-02-18,1.5822 
2011-02-21,1.6530 
2011-02-22,1.4914 
2011-02-23,1.4697 
2011-02-24,1.7639 
2011-02-25,2.1775 
2011-02-28,1.8530 
2011-03-01,1.6622 
2011-03-02,1.4930 
2011-03-03,1.4166 
2011-03-04,1.3680 
2011-03-07,1.2605 
2011-03-08,1.1664 
2011-03-09,1.1622 
2011-03-10,1.1539 
2011-03-11,1.1605 
2011-03-14,1.1622 
2011-03-15,1.1551 
2011-03-16,1.1530 
2011-03-17,1.1459 
2011-03-18,1.1418 
2011-03-21,1.3968 
2011-03-22,1.3884 
2011-03-23,1.3718 
2011-03-24,1.3516 
2011-03-25,1.3401 
2011-03-28,1.2609 
2011-03-29,1.2609 
2011-03-30,1.2584 
2011-03-31,1.2718 
2011-04-01,1.2648 
2011-04-02,1.2528 
2011-04-06,1.2555 
2011-04-07,1.2443 
2011-04-08,1.2389 
2011-04-11,1.2297 
2011-04-12,1.2178 
2011-04-13,1.2087 
2011-04-14,1.2064 
2011-04-15,1.2008 
2011-04-18,1.2355 
2011-04-19,1.2363 
2011-04-20,1.2303 
2011-04-21,2.1185 
2011-04-22,1.8906 
2011-04-25,1.6997 
2011-04-26,1.6915 
2011-04-27,1.3635 
2011-04-28,1.3644 
2011-04-29,1.8394 
2011-05-03,1.8927 
2011-05-04,1.8569 
2011-05-05,1.4544 
2011-05-06,1.4540 
2011-05-09,1.5802 
2011-05-10,1.5702 
2011-05-11,1.5608 
2011-05-12,1.5460 
2011-05-13,1.5494 
2011-05-16,1.5510 
2011-05-17,1.5594 
2011-05-18,2.6094 
2011-05-19,2.6769 
2011-05-20,2.7752 
2011-05-23,2.7710 
2011-05-24,3.0090 
2011-05-25,3.2702 
2011-05-26,3.1243 
2011-05-27,2.1158 
2011-05-30,1.9727 
2011-05-31,2.6193 
2011-06-01,2.2703 
2011-06-02,2.1697 
2011-06-03,1.9311 
2011-06-07,2.4228 
2011-06-08,2.7576 
2011-06-09,2.8174 
2011-06-10,2.8483 
2011-06-13,2.8341 
2011-06-14,2.8158 
2011-06-15,3.3194 
2011-06-16,3.3273 
2011-06-17,3.3166 
2011-06-20,4.8016 
2011-06-21,4.9841 
2011-06-22,5.3166 
2011-06-23,5.1791 
2011-06-24,4.8968 
2011-06-27,3.9583 
2011-06-28,2.9020 
2011-06-29,2.8816 
2011-06-30,2.8449 
2011-07-01,2.5763 
2011-07-04,2.2631 
2011-07-05,2.7612 
2011-07-06,2.7183 
2011-07-07,2.5929 
2011-07-08,2.6211 
2011-07-11,2.4572 
2011-07-12,1.9297 
2011-07-13,2.4397 
2011-07-14,3.3089 
2011-07-15,2.9555 
2011-07-18,2.7239 
2011-07-19,3.5172 
2011-07-20,3.8255 
2011-07-21,4.5080 
2011-07-22,4.3839 
2011-07-25,4.2280 
2011-07-26,3.7022 
2011-07-27,3.2355 
2011-07-28,2.7239 
2011-07-29,2.5689 
2011-08-01,2.1135 
2011-08-02,1.8993 
2011-08-03,1.9005 
2011-08-04,1.9314 
2011-08-05,1.9047 
2011-08-08,1.8249 
2011-08-09,1.8331 
2011-08-10,2.1388 
2011-08-11,1.8401 
2011-08-12,1.8905 
2011-08-15,1.9455 
2011-08-16,2.0834 
2011-08-17,2.0955 
2011-08-18,2.5388 
2011-08-19,2.7855 
2011-08-22,3.1263 
2011-08-23,3.3269 
2011-08-24,2.8646 
2011-08-25,2.4340 
2011-08-26,2.3198 
2011-08-29,2.2613 
2011-08-30,2.5271 
2011-08-31,2.4501 
2011-09-01,2.5155 
2011-09-02,2.5771 
2011-09-05,2.9855 
2011-09-06,2.0938 
2011-09-07,2.1509 
2011-09-08,2.2021 
2011-09-09,2.1371 
2011-09-13,2.0488 
2011-09-14,2.0538 
2011-09-15,2.2896 
2011-09-16,2.2863 
2011-09-19,2.5740 
2011-09-20,2.8938 
2011-09-21,2.8309 
2011-09-22,2.6005 
2011-09-23,2.3905 
2011-09-26,2.1921 
2011-09-27,3.1513 
2011-09-28,3.0880 
2011-09-29,2.9684 
2011-09-30,3.3085 
2011-10-08,3.2764 
2011-10-09,2.9802 
2011-10-10,2.6077 
2011-10-11,2.4190 
2011-10-12,2.2723 
2011-10-13,2.2415 
2011-10-14,2.1573 
2011-10-17,2.0848 
2011-10-18,2.1081 
2011-10-19,2.1736 
2011-10-20,2.2873 
2011-10-21,2.3511 
2011-10-24,2.3423 
2011-10-25,2.6089 
2011-10-26,3.0089 
2011-10-27,3.0881 
2011-10-28,3.4435 
2011-10-31,3.3419 
2011-11-01,2.6456 
2011-11-02,2.4395 
2011-11-03,2.4331 
2011-11-04,2.4331 
2011-11-07,2.4364 
2011-11-08,2.4548 
2011-11-09,2.4598 
2011-11-10,2.4685 
2011-11-11,2.1664 
2011-11-14,2.2419 
2011-11-15,2.2556 
2011-11-16,2.2681 
2011-11-17,2.4223 
2011-11-18,2.5556 
2011-11-21,2.5994 
2011-11-22,2.8303 
2011-11-23,2.9528 
2011-11-24,2.9428 
2011-11-25,3.0153 
2011-11-28,2.7036 
2011-11-29,2.4047 
2011-11-30,2.4211 
2011-12-01,1.9736 
2011-12-02,1.9684 
2011-12-05,1.8528 
2011-12-06,1.8465 
2011-12-07,1.8657 
2011-12-08,1.8557 
2011-12-09,1.8861 
2011-12-12,1.9436 
2011-12-13,1.9474 
2011-12-14,1.9119 
2011-12-15,1.9444 
2011-12-16,1.8019 
2011-12-19,1.8024 
2011-12-20,1.8036 
2011-12-21,1.8044 
2011-12-22,1.8411 
2011-12-23,1.8453 
2011-12-26,1.9053 
2011-12-27,1.9836 
2011-12-28,2.3263 
2011-12-29,2.3236 
2011-12-30,2.3128 
2011-12-31,2.8436 
2012-01-04,2.3431 
2012-01-05,2.8456 
2012-01-06,2.8435 
2012-01-09,2.8456 
2012-01-10,2.5389 
2012-01-11,2.0856 
2012-01-12,2.3206 
2012-01-13,2.7077 
2012-01-16,3.0439 
2012-01-17,4.2381 
2012-01-18,5.0381 
2012-01-19,3.5689 
2012-01-20,2.1489 
2012-01-21,2.1406 
2012-01-29,1.9706 
2012-01-30,1.6292 
2012-01-31,1.7389 
2012-02-01,1.7364 
2012-02-02,1.7389 
2012-02-03,1.6956 
2012-02-06,1.5464 
2012-02-07,1.5481 
2012-02-08,1.5381 
2012-02-09,1.5381 
2012-02-10,1.6681 
2012-02-13,1.6697 
2012-02-14,1.9787 
2012-02-15,1.9889 
2012-02-16,2.5739 
2012-02-17,3.0705 
2012-02-20,3.0539 
2012-02-21,3.1064 
2012-02-22,2.9789 
2012-02-23,3.0394 
2012-02-24,2.8774 
2012-02-27,2.0623 
2012-02-28,1.7309 
2012-02-29,1.6425 
2012-03-01,1.5559 
2012-03-02,1.5784 
2012-03-05,1.4957 
2012-03-06,1.3646 
2012-03-07,1.3646 
2012-03-08,1.3638 
2012-03-09,1.3580 
2012-03-12,1.3550 
2012-03-13,1.4667 
2012-03-14,1.4631 
2012-03-15,1.5969 
2012-03-16,1.6775 
2012-03-19,1.6942 
2012-03-20,1.7984 
2012-03-21,1.8470 
2012-03-22,1.9975 
2012-03-23,2.0117 
2012-03-26,1.9834 
2012-03-27,1.8475 
2012-03-28,1.9342 
2012-03-29,1.9000 
2012-03-30,1.9759 
2012-03-31,1.9725 
2012-04-01,1.9384 
2012-04-05,2.3025 
2012-04-06,2.5280 
2012-04-09,2.2117 
2012-04-10,2.2938 
2012-04-11,2.2967 
2012-04-12,2.3467 
2012-04-13,2.5708 
2012-04-16,2.4680 
2012-04-17,2.1783 
2012-04-18,2.1762 
2012-04-19,2.3772 
2012-04-20,2.5780 
2012-04-23,2.5047 
2012-04-24,2.3942 
2012-04-25,2.6437 
2012-04-26,2.5838 
2012-04-27,2.4330 
2012-04-28,1.9447 
2012-05-02,1.9847 
2012-05-03,2.1030 
2012-05-04,2.1054 
2012-05-07,2.1105 
2012-05-08,1.6163 
2012-05-09,1.5430 
2012-05-10,1.5146 
2012-05-11,1.5129 
2012-05-14,1.1601 
2012-05-15,1.1105 
2012-05-16,1.0654 
2012-05-17,1.0494 
2012-05-18,1.0654 
2012-05-21,1.0522 
2012-05-22,1.0588 
2012-05-23,1.0830 
2012-05-24,1.1213 
2012-05-25,1.1396 
2012-05-28,1.1497 
2012-05-29,1.1422 
2012-05-30,1.1438 
2012-05-31,1.1168 
2012-06-01,1.1330 
2012-06-04,1.1563 
2012-06-05,1.2363 
2012-06-06,1.4397 
2012-06-07,1.6388 
2012-06-08,1.6413 
2012-06-11,1.5576 
2012-06-12,1.6247 
2012-06-13,1.7318 
2012-06-14,1.7863 
2012-06-15,1.7972 
2012-06-18,1.7768 
2012-06-19,1.9288 
2012-06-20,2.2222 
2012-06-21,2.5347 
2012-06-25,2.5954 
2012-06-26,2.8221 
2012-06-27,2.4413 
2012-06-28,2.4929 
2012-06-29,2.5454 
2012-07-02,2.5538 
2012-07-03,2.1922 
2012-07-04,1.5654 
2012-07-05,1.5472 
2012-07-06,1.2947 
2012-07-09,1.2883 
2012-07-10,1.2723 
2012-07-11,1.2914 
2012-07-12,1.3336 
2012-07-13,1.4239 
2012-07-16,1.4020 
2012-07-17,1.5771 
2012-07-18,1.8788 
2012-07-19,1.9304 
2012-07-20,2.0717 
2012-07-23,2.2722 
2012-07-24,1.8964 
2012-07-25,1.6259 
2012-07-26,1.6047 
2012-07-27,1.5446 
2012-07-30,1.4729 
2012-07-31,1.5430 
2012-08-01,1.5639 
2012-08-02,1.4821 
2012-08-03,1.4480 
2012-08-06,1.4230 
2012-08-07,1.4791 
2012-08-08,1.4929 
2012-08-09,1.5438 
2012-08-10,1.6039 
2012-08-13,1.3788 
2012-08-14,1.6197 
2012-08-15,2.0563 
2012-08-16,2.0389 
2012-08-17,2.1196 
2012-08-20,2.2971 
2012-08-21,2.4346 
2012-08-22,2.0247 
2012-08-23,1.9997 
2012-08-24,1.6430 
2012-08-27,1.6422 
2012-08-28,1.6448 
2012-08-29,1.5438 
2012-08-30,1.3284 
2012-08-31,1.0103 
2012-09-03,0.9947 
2012-09-04,0.9521 
2012-09-05,1.0821 
2012-09-06,1.0683 
2012-09-07,1.0699 
2012-09-10,1.2438 
2012-09-11,1.4439 
2012-09-12,1.5430 
2012-09-13,1.6279 
2012-09-14,1.6178 
2012-09-17,1.6596 
2012-09-18,1.8664 
2012-09-19,2.4455 
2012-09-20,2.9439 
2012-09-21,3.2339 
2012-09-24,3.3338 
2012-09-25,3.4446 
2012-09-26,1.9422 
2012-09-27,1.9439 
2012-09-28,1.6704 
2012-09-29,2.4746 
2012-10-08,2.9139 
2012-10-09,2.5582 
2012-10-10,1.8447 
2012-10-11,1.6422 
2012-10-12,1.6175 
2012-10-15,1.2355 
2012-10-16,1.4004 
2012-10-17,1.4138 
2012-10-18,1.3889 
2012-10-19,1.3905 
2012-10-22,1.4382 
2012-10-23,1.5393 
2012-10-24,1.9580 
2012-10-25,1.9038 
2012-10-26,2.5096 
2012-10-29,3.0538 
2012-10-30,2.2531 
2012-10-31,2.1497 
2012-11-01,2.2380 
2012-11-02,2.1205 
2012-11-05,2.1379 
2012-11-06,1.9713 
2012-11-07,2.0334 
2012-11-08,2.0894 
2012-11-09,2.1830 
2012-11-12,2.0868 
2012-11-13,1.8846 
2012-11-14,1.8621 
2012-11-15,1.8421 
2012-11-16,1.8421 
2012-11-19,1.7186 
2012-11-20,1.8068 
2012-11-21,1.8688 
2012-11-22,1.8797 
2012-11-23,1.8172 
2012-11-26,1.8639 
2012-11-27,1.8755 
2012-11-28,1.8797 
2012-11-29,1.8295 
2012-11-30,1.7179 
2012-12-03,1.7227 
2012-12-04,1.7147 
2012-12-05,1.7646 
2012-12-06,1.7545 
2012-12-07,1.8149 
2012-12-10,1.8137 
2012-12-11,1.8547 
2012-12-12,1.8647 
2012-12-13,1.8793 
2012-12-14,1.8606 
2012-12-17,1.8606 
2012-12-18,1.8846 
2012-12-19,1.8321 
2012-12-20,2.0426 
2012-12-21,1.8247 
2012-12-24,1.7047 
2012-12-25,1.7047 
2012-12-26,1.7076 
2012-12-27,1.6971 
2012-12-28,1.6906 
2012-12-31,3.2706 
2013-01-04,1.9617 
2013-01-05,1.7086 
2013-01-06,1.6036 
2013-01-07,1.5575 
2013-01-08,1.5496 
2013-01-09,1.5116 
2013-01-10,1.5127 
2013-01-11,1.5086 
2013-01-14,1.4827 
2013-01-15,1.5096 
2013-01-16,1.4257 
2013-01-17,1.3336 
2013-01-18,1.2336 
2013-01-21,1.1626 
2013-01-22,1.1316 
2013-01-23,1.1456 
2013-01-24,1.2711 
2013-01-25,1.3076 
2013-01-28,1.3046 
2013-01-29,1.3046 
2013-01-30,1.3046 
2013-01-31,1.5146 
2013-02-01,1.8792 
2013-02-04,2.0377 
2013-02-05,2.4546 
2013-02-06,2.8006 
2013-02-07,2.8510 
2013-02-08,1.9196 
2013-02-16,1.1846 
2013-02-17,1.1036 
2013-02-18,1.0706 
2013-02-19,1.0740 
2013-02-20,1.0845 
2013-02-21,1.2227 
2013-02-22,1.4046 
2013-02-25,1.5407 
2013-02-26,2.8447 
2013-02-27,3.0866 
2013-02-28,3.1656 
2013-03-01,3.2906 
2013-03-04,2.4481 
2013-03-05,2.1727 
2013-03-06,2.0127 
2013-03-07,1.6407 
2013-03-08,1.6227 
2013-03-11,1.3862 
2013-03-12,1.2497 
2013-03-13,1.2267 
2013-03-14,1.2117 
2013-03-15,1.2486 
2013-03-18,1.7386 
2013-03-19,1.5127 
2013-03-20,1.2657 
2013-03-21,1.1726 
2013-03-22,1.0917 
2013-03-25,1.0187 
2013-03-26,1.0587 
2013-03-27,1.1757 
2013-03-28,1.2347 
2013-03-29,2.1686 
2013-04-01,1.4762 
2013-04-02,1.5036 
2013-04-03,1.5776 
2013-04-07,1.5177 
2013-04-08,1.6654 
2013-04-09,1.6247 
2013-04-10,1.6082 
2013-04-11,1.5516 
2013-04-12,1.5085 
2013-04-15,1.5380 
2013-04-16,1.5016 
2013-04-17,1.4985 
2013-04-18,1.6926 
2013-04-19,1.9877 
2013-04-22,2.1216 
2013-04-23,2.4546 
2013-04-24,2.7274 
2013-04-25,2.9574 
2013-04-26,1.6664 
2013-04-27,1.6824 
2013-04-28,1.6764 
2013-05-02,1.6464 
2013-05-03,1.8464 
2013-05-06,1.8264 
2013-05-07,1.5064 
2013-05-08,1.4564 
2013-05-09,1.5564 
2013-05-10,1.5864 
2013-05-13,1.6037 
2013-05-14,1.6864 
2013-05-15,1.6909 
2013-05-16,2.1484 
2013-05-17,2.2903 
2013-05-20,2.4034 
2013-05-21,2.8064 
2013-05-22,2.8704 
2013-05-23,2.9274 
2013-05-24,2.7504 
2013-05-27,2.8064 
2013-05-28,2.5964 
2013-05-29,2.2964 
2013-05-30,2.6364 
2013-05-31,3.7474 
2013-06-03,3.8154 
2013-06-04,3.7334 
2013-06-05,3.8394 
2013-06-06,5.1984 
2013-06-07,7.5104 
2013-06-08,8.4974 
2013-06-09,6.2064 
2013-06-13,5.2074 
2013-06-14,5.4844 
2013-06-17,3.3294 
2013-06-18,4.1124 
2013-06-19,6.1764 
2013-06-20,11.9604 
2013-06-21,7.0084 
2013-06-24,5.0054 
2013-06-25,4.2524 
2013-06-26,4.0694 
2013-06-27,4.0774 
2013-06-28,3.4574 
2013-07-01,2.9724 
2013-07-02,2.6024 
2013-07-03,2.5164 
2013-07-04,2.4644 
2013-07-05,2.4964 
2013-07-08,2.4724 
2013-07-09,2.4654 
2013-07-10,2.5674 
2013-07-11,2.7711 
2013-07-12,2.8164 
2013-07-15,2.8162 
2013-07-16,2.5294 
2013-07-17,2.4844 
2013-07-18,2.5144 
2013-07-19,2.5264 
2013-07-22,2.5899 
2013-07-23,2.6219 
2013-07-24,2.7164 
2013-07-25,2.8359 
2013-07-26,2.9362 
2013-07-29,3.0127 
2013-07-30,2.9506 
2013-07-31,2.9587 
2013-08-01,2.8087 
2013-08-02,2.5136 
2013-08-05,2.3596 
2013-08-06,2.3596 
2013-08-07,2.3602 
2013-08-08,2.4237 
2013-08-09,2.1737 
2013-08-12,2.2241 
2013-08-13,2.4850 
2013-08-14,2.6946 
2013-08-15,2.5426 
2013-08-16,2.4687 
2013-08-19,2.6627 
2013-08-20,3.1137 
2013-08-21,2.7766 
2013-08-22,2.6167 
2013-08-23,2.5247 
2013-08-26,2.2966 
2013-08-27,2.2657 
2013-08-28,2.3577 
2013-08-29,2.2167 
2013-08-30,2.2936 
2013-09-02,2.2785 
2013-09-03,2.2603 
2013-09-04,2.2647 
2013-09-05,2.1497 
2013-09-06,2.2097 
2013-09-09,2.1797 
2013-09-10,2.1551 
2013-09-11,2.2736 
2013-09-12,2.2267 
2013-09-13,2.2387 
2013-09-16,2.2676 
2013-09-17,2.6527 
2013-09-18,2.7167 
2013-09-22,2.7327 
2013-09-23,2.9746 
2013-09-24,2.7741 
2013-09-25,2.5066 
2013-09-26,2.2717 
2013-09-27,2.3073 
2013-09-29,2.3096 
2013-09-30,2.2857 
2013-10-08,2.2116 
2013-10-09,2.3916 
2013-10-10,2.4876 
2013-10-11,2.2596 
2013-10-12,2.1867 
2013-10-14,2.2727 
2013-10-15,2.2766 
2013-10-16,2.2146 
2013-10-17,2.1976 
2013-10-18,2.1607 
2013-10-21,2.2197 
2013-10-22,2.2116 
2013-10-23,2.9897 
2013-10-24,3.2977 
2013-10-25,3.4767 
2013-10-28,3.5436 
2013-10-29,3.5557 
2013-10-30,3.9397 
2013-10-31,3.2996 
2013-11-01,3.1979 
2013-11-04,3.0568 
2013-11-05,2.8744 
2013-11-06,2.6196 
2013-11-07,2.6897 
2013-11-08,2.7206 
2013-11-11,2.5596 
2013-11-12,2.4387 
2013-11-13,2.4957 
2013-11-14,3.3477 
2013-11-15,3.6137 
2013-11-18,3.6727 
2013-11-19,3.2347 
2013-11-20,3.2167 
2013-11-21,3.0487 
2013-11-22,3.0587 
2013-11-25,3.0067 
2013-11-26,2.9057 
2013-11-27,2.9237 
2013-11-28,2.9057 
2013-11-29,2.8857 
2013-12-02,2.9077 
2013-12-03,2.8847 
2013-12-04,2.8832 
2013-12-05,2.8627 
2013-12-06,2.8597 
2013-12-09,2.7797 
2013-12-10,2.7797 
2013-12-11,2.7317 
2013-12-12,2.6817 
2013-12-13,2.6538 
2013-12-16,2.6687 
2013-12-17,2.6917 
2013-12-18,2.8097 
2013-12-19,2.8677 
2013-12-20,2.9487 
2013-12-23,3.2367 
2013-12-24,2.8667 
2013-12-25,2.7717 
2013-12-26,2.7227 
2013-12-27,2.2347 
2013-12-30,1.9267 
2013-12-31,1.8697 
2014-01-02,2.0697 
2014-01-03,2.0447 
2014-01-06,1.9587 
2014-01-07,1.9587 
2014-01-08,1.9587 
2014-01-09,1.9587 
2014-01-10,1.9587 
2014-01-13,1.9587 
2014-01-14,1.9602 
2014-01-15,1.9720 
2014-01-16,1.9930 
2014-01-17,2.0377 
2014-01-20,2.6087 
2014-01-21,2.3617 
2014-01-22,2.3967 
2014-01-23,2.4207 
2014-01-24,2.4400 
2014-01-26,3.1207 
2014-01-27,3.2547 
2014-01-28,3.5684 
2014-01-29,3.5207 
2014-01-30,3.1557 
2014-02-07,2.9907 
2014-02-08,2.9707 
2014-02-10,3.0242 
2014-02-11,2.8577 
2014-02-12,2.7457 
2014-02-13,2.2897 
2014-02-14,1.8487 
2014-02-17,1.6217 
2014-02-18,1.3907 
2014-02-19,1.1137 
2014-02-20,0.6917 
2014-02-21,0.4747 
2014-02-24,0.4107 
2014-02-25,0.5307 
2014-02-26,0.5607 
2014-02-27,0.5607 
2014-02-28,0.7565 
2014-03-03,1.0957 
2014-03-04,1.0937 
2014-03-05,1.1007 
2014-03-06,1.0654 
2014-03-07,1.0055 
2014-03-10,0.9797 
2014-03-11,0.9797 
2014-03-12,1.0067 
2014-03-13,1.0667 
2014-03-14,0.9832 
2014-03-17,0.9757 
2014-03-18,1.1567 
2014-03-19,1.9092 
2014-03-20,2.1177 
2014-03-21,1.6067 
2014-03-24,1.6067 
2014-03-25,1.6067 
2014-03-26,1.6267 
2014-03-27,1.7647 
2014-03-28,1.7967 
2014-03-31,1.8467 
2014-04-01,1.9127 
2014-04-02,1.9967 
2014-04-03,1.9967 
2014-04-04,1.8097 
2014-04-08,1.7597 
2014-04-09,1.7867 
2014-04-10,1.7867 
2014-04-11,1.7967 
2014-04-14,1.6957 
2014-04-15,1.5257 
2014-04-16,1.3947 
2014-04-17,1.2777 
2014-04-18,1.1767 
2014-04-21,1.1567 
2014-04-22,1.1029 
2014-04-23,1.1397 
2014-04-24,1.4797 
2014-04-25,1.4867 
2014-04-28,1.5827 
2014-04-29,1.7807 
2014-04-30,1.6767 
2014-05-04,1.5767 
2014-05-05,1.5467 
2014-05-06,1.5467 
2014-05-07,1.5467 
2014-05-08,1.4067 
2014-05-09,1.3972 
2014-05-12,1.3902 
2014-05-13,1.5267 
2014-05-14,1.5433 
2014-05-15,1.5267 
2014-05-16,1.5467 
2014-05-19,1.5727 
2014-05-20,1.6037 
2014-05-21,1.6047 
2014-05-22,1.5867 
2014-05-23,1.6067 
2014-05-26,1.5792 
2014-05-27,1.6177 
2014-05-28,1.5867 
2014-05-29,1.5867 
2014-05-30,1.6467 
2014-06-03,1.5977 
2014-06-04,1.6377 
2014-06-05,1.6827 
2014-06-06,1.6875 
2014-06-09,1.7067 
2014-06-10,1.6967 
2014-06-11,1.7187 
2014-06-12,1.7237 
2014-06-13,1.7267 
2014-06-16,1.7267 
2014-06-17,1.7267 
2014-06-18,1.7657 
2014-06-19,1.8247 
2014-06-20,1.8857 
2014-06-23,1.8817 
2014-06-24,2.0977 
2014-06-25,2.1217 
2014-06-26,2.1007 
2014-06-27,2.0117 
2014-06-30,2.0397 
2014-07-01,2.1437 
2014-07-02,2.1467 
2014-07-03,2.0867 
2014-07-04,2.0667 
2014-07-07,2.0787 
2014-07-08,2.3797 
2014-07-09,2.4777 
2014-07-10,2.4267 
2014-07-11,2.4117 
2014-07-14,2.3817 
2014-07-15,2.3447 
2014-07-16,2.3739 
2014-07-17,2.3732 
2014-07-18,2.3717 
2014-07-21,2.4447 
2014-07-22,2.3797 
2014-07-23,2.4217 
2014-07-24,2.4397 
2014-07-25,2.4947 
2014-07-28,2.5007 
2014-07-29,2.4970 
2014-07-30,2.5469 
2014-07-31,2.5507 
2014-08-01,2.5927 
2014-08-04,2.5787 
2014-08-05,2.5417 
2014-08-06,2.4477 
2014-08-07,2.4367 
2014-08-08,2.3977 
2014-08-11,2.3517 
2014-08-12,2.3127 
2014-08-13,2.2887 
2014-08-14,2.2847 
2014-08-15,2.2857 
2014-08-18,2.2547 
2014-08-19,2.2317 
2014-08-20,2.2297 
2014-08-21,2.2447 
2014-08-22,2.2397 
2014-08-25,2.2877 
2014-08-26,2.3197 
2014-08-27,2.3877 
2014-08-28,2.4027 
2014-08-29,2.4347 
2014-09-01,2.4327 
2014-09-02,2.3737 
2014-09-03,2.3507 
2014-09-04,2.3417 
2014-09-05,2.3337 
2014-09-09,2.3427 
2014-09-10,2.3657 
2014-09-11,2.3857 
2014-09-12,2.3797 
2014-09-15,2.3777 
2014-09-16,2.4297 
2014-09-17,2.4237 
2014-09-18,2.4177 
2014-09-19,2.4167 
2014-09-22,2.3737 
2014-09-23,2.2927 
2014-09-24,2.2677 
2014-09-25,2.2537 
2014-09-26,2.2847 
2014-09-28,2.2647 
2014-09-29,2.1497 
2014-09-30,2.1392 
2014-10-08,2.1467 
2014-10-09,2.1690 
2014-10-10,2.1732 
2014-10-11,2.1507 
2014-10-13,2.2327 
2014-10-14,2.2347 
2014-10-15,2.1947 
2014-10-16,2.1707 
2014-10-17,2.1577 
2014-10-20,2.1247 
2014-10-21,2.1117 
2014-10-22,2.1157 
2014-10-23,2.1197 
2014-10-24,2.1419 
2014-10-27,2.1419 
2014-10-28,2.1207 
2014-10-29,2.1177 
2014-10-30,2.1237 
2014-10-31,2.1287 
2014-11-03,2.1177 
2014-11-04,2.1117 
2014-11-05,2.1117 
2014-11-06,2.1277 
2014-11-07,2.1387 
2014-11-10,2.1087 
2014-11-11,2.0627 
2014-11-12,2.0527 
2014-11-13,2.0427 
2014-11-14,2.0557 
2014-11-17,2.0787 
2014-11-18,2.0727 
2014-11-19,2.0737 
2014-11-20,2.1087 
2014-11-21,2.1557 
2014-11-24,2.1237 
2014-11-25,2.1287 
2014-11-26,2.1427 
2014-11-27,2.1537 
2014-11-28,2.1777 
2014-12-01,2.2157 
2014-12-02,2.2127 
2014-12-03,2.2037 
2014-12-04,2.2017 
2014-12-05,2.1977 
2014-12-08,2.2107 
2014-12-09,2.3597 
2014-12-10,2.3757 
2014-12-11,2.3787 
2014-12-12,2.3837 
2014-12-15,2.3837 
2014-12-16,2.3837 
2014-12-17,2.4817 
2014-12-18,2.8457 
2014-12-19,2.9717 
2014-12-22,3.0677 
2014-12-23,3.0327 
2014-12-24,2.9717 
2014-12-25,2.9147 
2014-12-26,2.8517 
2014-12-29,2.7807 
2014-12-30,2.7457 
2014-12-31,2.7937 
2015-01-04,2.9057 
2015-01-05,2.6867 
2015-01-06,2.2977 
2015-01-07,2.2977 
2015-01-08,2.2467 
2015-01-09,2.2467 
2015-01-12,2.1947 
2015-01-13,2.1747 
2015-01-14,2.1437 
2015-01-15,2.1387 
2015-01-16,2.1407 
2015-01-19,2.1477 
2015-01-20,2.1747 
2015-01-21,2.1957 
2015-01-22,2.1787 
2015-01-23,2.1357 
2015-01-26,2.0957 
2015-01-27,2.0817 
2015-01-28,2.0977 
2015-01-29,2.1727 
2015-01-30,2.2207 
2015-02-02,2.2967 
2015-02-03,2.3621 
2015-02-04,2.3807 
2015-02-05,2.2737 
2015-02-06,2.2637 
2015-02-09,2.2197 
2015-02-10,2.2597 
2015-02-11,2.3397 
2015-02-12,2.4657 
2015-02-13,2.4987 
2015-02-15,2.5827 
2015-02-16,2.5897 
2015-02-17,2.8077 
2015-02-25,2.7357 
2015-02-26,2.7057 
2015-02-27,2.7257 
2015-02-28,2.7257 
2015-03-02,2.7377 
2015-03-03,2.7347 
2015-03-04,2.7307 
2015-03-05,2.7177 
2015-03-06,2.7007 
2015-03-09,2.6657 
2015-03-10,2.6347 
2015-03-11,2.6317 
2015-03-12,2.7491 
2015-03-13,2.7207 
2015-03-16,2.6877 
2015-03-17,2.6607 
2015-03-18,2.6537 
2015-03-19,2.6167 
2015-03-20,2.5787 
2015-03-23,2.5017 
2015-03-24,2.5027 
2015-03-25,2.4947 
2015-03-26,2.5007 
2015-03-27,2.4907 
2015-03-30,2.4877 
2015-03-31,2.4677 
2015-04-01,2.3717 
2015-04-02,2.2797 
2015-04-03,2.1717 
2015-04-07,2.0507 
2015-04-08,2.0177 
2015-04-09,1.9337 
2015-04-10,1.8237 
2015-04-13,1.7397 
2015-04-14,1.7067 
2015-04-15,1.7067 
2015-04-16,1.7877 
2015-04-17,1.8577 
2015-04-20,1.6767 
2015-04-21,1.5917 
2015-04-22,1.5387 
2015-04-23,1.4977 
2015-04-24,1.4407 
2015-04-27,1.3957 
2015-04-28,1.3487 
2015-04-29,1.3287 
2015-04-30,1.2797 
2015-05-04,1.2087 
2015-05-05,1.1537 
2015-05-06,1.1127 
2015-05-07,1.1127 
2015-05-08,1.1127 
2015-05-11,1.0147 
2015-05-12,0.9597 
2015-05-13,0.9167 
2015-05-14,0.8517 
2015-05-15,0.7477 
2015-05-18,0.7217 
2015-05-19,0.7027 
2015-05-20,0.7017 
2015-05-21,0.7027 
2015-05-22,0.7067 
2015-05-25,0.7087 
2015-05-26,0.7097 
2015-05-27,0.7097 
2015-05-28,0.7127 
2015-05-29,0.8184 
2015-06-01,0.8063 
2015-06-02,0.8134 
2015-06-03,0.8184 
2015-06-04,0.8263 
2015-06-05,0.8303 
2015-06-08,0.8403 
2015-06-09,0.8504 
2015-06-10,0.5964 
2015-06-11,0.6033 
2015-06-12,0.6173 
2015-06-15,0.6344 
2015-06-16,0.6443 
2015-06-17,0.6643 
2015-06-18,0.8454 
2015-06-19,0.9104 
2015-06-23,0.9384 
2015-06-24,1.1314 
2015-06-25,1.1503 
2015-06-26,1.1503 
2015-06-29,1.1334 
2015-06-30,1.0503 
2015-07-01,0.9564 
2015-07-02,0.9542 
2015-07-03,0.9524 
2015-07-06,0.9603 
2015-07-07,0.9693 
2015-07-08,0.9804 
2015-07-09,0.9914 
2015-07-10,1.0034 
2015-07-13,1.0173 
2015-07-14,1.0314 
2015-07-15,1.0383 
2015-07-16,1.0563 
2015-07-17,1.0754 
2015-07-20,0.9834 
2015-07-21,0.9974 
2015-07-22,1.0164 
2015-07-23,1.0254 
2015-07-24,1.0304 
2015-07-27,1.0674 
2015-07-28,1.0814 
2015-07-29,1.0204 
2015-07-30,0.9414 
2015-07-31,0.8634 
2015-08-03,0.8814 
2015-08-04,0.8904 
2015-08-05,0.9014 
2015-08-06,0.9104 
2015-08-07,0.9224 
2015-08-10,0.9504 
2015-08-11,0.9794 
2015-08-12,1.0074 
2015-08-13,1.0344 
2015-08-14,1.0604 
2015-08-17,1.0944 
2015-08-18,1.1384 
2015-08-19,1.1814 
2015-08-20,1.2234 
2015-08-21,1.2404 
2015-08-24,1.2594 
2015-08-25,1.2724 
2015-08-26,1.1794 
2015-08-27,1.2324 
2015-08-28,1.2474 
2015-08-31,1.6068 
2015-09-01,1.6268 
2015-09-02,1.8368 
2015-09-06,1.7068 
2015-09-07,1.7098 
2015-09-08,1.7028 
2015-09-09,1.6018 
2015-09-10,1.5048 
2015-09-11,1.4059 
2015-09-14,1.4048 
2015-09-15,1.4048 
2015-09-16,1.4058 
2015-09-17,1.4048 
2015-09-18,1.4058 
2015-09-21,1.4068 
2015-09-22,1.4138 
2015-09-23,1.4138 
2015-09-24,1.4148 
2015-09-25,1.4128 
2015-09-28,1.4158 
2015-09-29,1.4128 
2015-09-30,1.4948 
2015-10-08,1.5648 
2015-10-09,1.5618 
2015-10-10,1.5598 
2015-10-12,1.5578 
2015-10-13,1.5558 
2015-10-14,1.5558 
2015-10-15,1.5568 
2015-10-16,1.5548 
2015-10-19,1.5578 
2015-10-20,1.5588 
2015-10-21,1.5608 
2015-10-22,1.5598 
2015-10-23,1.5648 
2015-10-26,1.4958 
2015-10-27,1.4958 
2015-10-28,1.4918 
2015-10-29,1.4938 
2015-10-30,1.4938 
2015-11-02,1.4888 
2015-11-03,1.4878 
2015-11-04,1.4858 
2015-11-05,1.4828 
2015-11-06,1.4828 
2015-11-09,1.4818 
2015-11-10,1.4788 
2015-11-11,1.4778 
2015-11-12,1.5778 
2015-11-13,1.5798 
2015-11-16,1.5778 
2015-11-17,1.5758 
2015-11-18,1.5748 
2015-11-19,1.5788 
2015-11-20,1.5778 
2015-11-23,1.5788 
2015-11-24,1.5788 
2015-11-25,1.5788 
2015-11-26,1.5788 
2015-11-27,1.5798 
2015-11-30,1.5818 
2015-12-01,1.5818 
2015-12-02,1.5798 
2015-12-03,1.6298 
2015-12-04,1.6380 
2015-12-07,1.6410 
2015-12-08,1.6470 
2015-12-09,1.6460 
2015-12-10,1.6470 
2015-12-11,1.6480 
2015-12-14,1.6460 
2015-12-15,1.6460 
2015-12-16,1.6480 
2015-12-17,1.6510 
2015-12-18,1.6740 
2015-12-21,1.7010 
2015-12-22,1.7330 
2015-12-23,1.7610 
2015-12-24,1.7610 
2015-12-25,1.7710 
2015-12-28,1.7810 
2015-12-29,1.7770 
2015-12-30,1.7770 
2015-12-31,1.7770 
2016-01-04,1.9270 
2016-01-05,2.0270 
2016-01-06,2.0090 
2016-01-07,1.9550 
2016-01-08,1.9470 
2016-01-11,1.9400 
2016-01-12,1.9000 
2016-01-13,1.9000 
2016-01-14,1.9000 
2016-01-15,1.8760 
2016-01-18,1.8740 
2016-01-19,1.9740 
2016-01-20,2.0740 
2016-01-21,2.1335 
2016-01-22,2.1475 
2016-01-25,2.1285 
2016-01-26,2.1165 
2016-01-27,2.1145 
2016-01-28,2.1115 
2016-01-29,2.1085 
2016-02-01,2.0765 
2016-02-02,2.0435 
2016-02-03,1.9825 
2016-02-04,1.8825 
2016-02-05,1.7825 
2016-02-06,1.8795 
2016-02-14,1.6765 
2016-02-15,1.6755 
2016-02-16,1.6725 
2016-02-17,1.6665 
2016-02-18,1.6495 
2016-02-19,1.6365 
2016-02-22,1.6325 
2016-02-23,1.7325 
2016-02-24,1.7555 
2016-02-25,1.8035 
2016-02-26,1.8475 
2016-02-29,1.8065 
2016-03-01,1.7675 
2016-03-02,1.7115 
2016-03-03,1.7065 
2016-03-04,1.6995 
2016-03-07,1.7005 
2016-03-08,1.6995 
2016-03-09,1.6995 
2016-03-10,1.6965 
2016-03-11,1.7791 
2016-03-14,1.7831 
2016-03-15,1.7871 
2016-03-16,1.7401 
2016-03-17,1.7401 
2016-03-18,1.8601 
2016-03-21,1.7597 
2016-03-22,1.8097 
2016-03-23,1.8597 
2016-03-24,1.9397 
2016-03-25,1.9337 
2016-03-28,1.9367 
2016-03-29,1.9007 
2016-03-30,1.9507 
2016-03-31,1.9637 
2016-04-01,1.8407 
2016-04-05,1.7997 
2016-04-06,1.7897 
2016-04-07,1.7850 
2016-04-08,1.7867 
2016-04-11,1.7417 
2016-04-12,1.7497 
2016-04-13,1.7527 
2016-04-14,1.7557 
2016-04-15,1.7217 
