date,1m
2002-01-04,2.5192 
2002-01-07,2.5373 
2002-01-08,1.6796 
2002-01-09,1.6512 
2002-01-10,1.6475 
2002-01-11,1.6484 
2002-01-14,1.4096 
2002-01-15,1.4661 
2002-01-16,1.4937 
2002-01-17,1.4637 
2002-01-18,2.1888 
2002-01-21,2.1889 
2002-01-22,2.1921 
2002-01-23,2.3276 
2002-01-24,2.1614 
2002-01-25,2.3408 
2002-01-28,2.2685 
2002-01-29,1.5809 
2002-01-30,2.1930 
2002-01-31,2.2087 
2002-02-01,2.1221 
2002-02-04,2.1093 
2002-02-05,2.0796 
2002-02-06,2.1582 
2002-02-07,2.0469 
2002-02-08,2.0560 
2002-02-09,2.0744 
2002-02-10,2.0972 
2002-02-11,2.1306 
2002-02-19,2.1248 
2002-02-20,2.0100 
2002-02-21,2.1059 
2002-02-22,2.0844 
2002-02-25,1.9589 
2002-02-26,1.9284 
2002-02-27,1.9242 
2002-02-28,1.9181 
2002-03-01,1.9480 
2002-03-04,2.0292 
2002-03-05,1.9498 
2002-03-06,1.7921 
2002-03-07,1.7753 
2002-03-08,1.7398 
2002-03-11,1.7715 
2002-03-12,1.7686 
2002-03-13,1.7937 
2002-03-14,1.7758 
2002-03-15,1.8079 
2002-03-18,1.9777 
2002-03-19,2.0176 
2002-03-20,2.0182 
2002-03-21,1.7907 
2002-03-22,1.7745 
2002-03-25,1.7028 
2002-03-26,1.7504 
2002-03-27,1.5851 
2002-03-28,1.6965 
2002-03-29,1.7440 
2002-04-01,1.8059 
2002-04-02,1.8915 
2002-04-03,1.7866 
2002-04-04,1.7324 
2002-04-05,1.5449 
2002-04-08,1.7445 
2002-04-09,1.7087 
2002-04-10,1.7877 
2002-04-11,1.7867 
2002-04-12,1.8793 
2002-04-15,1.8366 
2002-04-16,1.8788 
2002-04-17,1.8136 
2002-04-18,1.8618 
2002-04-19,1.9436 
2002-04-22,1.8180 
2002-04-23,1.8504 
2002-04-24,1.8064 
2002-04-25,1.7654 
2002-04-26,4.9840 
2002-04-27,1.7917 
2002-04-28,0.8638 
2002-04-29,1.7640 
2002-04-30,1.8654 
2002-05-08,1.8222 
2002-05-09,1.7805 
2002-05-10,1.9498 
2002-05-13,1.7819 
2002-05-14,1.8072 
2002-05-15,1.7867 
2002-05-16,1.8085 
2002-05-17,1.8188 
2002-05-20,1.7657 
2002-05-21,1.8108 
2002-05-22,1.8140 
2002-05-23,1.8802 
2002-05-24,1.8683 
2002-05-27,1.7682 
2002-05-28,1.7701 
2002-05-29,1.7737 
2002-05-30,1.7788 
2002-05-31,1.7869 
2002-06-03,1.8149 
2002-06-04,1.4753 
2002-06-05,1.4433 
2002-06-06,1.7510 
2002-06-07,1.5956 
2002-06-10,1.7921 
2002-06-11,1.7779 
2002-06-12,1.7994 
2002-06-13,1.7869 
2002-06-14,1.7413 
2002-06-17,1.7521 
2002-06-18,1.8305 
2002-06-19,1.7291 
2002-06-20,1.7466 
2002-06-21,1.7328 
2002-06-24,1.7315 
2002-06-25,1.5108 
2002-06-26,1.6759 
2002-06-27,1.7356 
2002-06-28,1.6851 
2002-07-01,1.7266 
2002-07-02,1.7462 
2002-07-03,1.7073 
2002-07-04,1.7090 
2002-07-05,1.6162 
2002-07-08,1.6592 
2002-07-09,1.6968 
2002-07-10,1.6026 
2002-07-11,1.6591 
2002-07-12,1.8104 
2002-07-15,1.4237 
2002-07-16,1.6093 
2002-07-17,1.6969 
2002-07-18,1.8101 
2002-07-19,1.6282 
2002-07-22,1.5858 
2002-07-23,1.5128 
2002-07-24,1.5255 
2002-07-25,1.7081 
2002-07-26,1.5834 
2002-07-29,1.7059 
2002-07-30,1.7298 
2002-07-31,1.6366 
2002-08-01,1.6191 
2002-08-02,1.6876 
2002-08-05,1.6427 
2002-08-06,1.6503 
2002-08-07,1.6461 
2002-08-08,1.7366 
2002-08-09,1.5211 
2002-08-12,1.6410 
2002-08-13,1.7145 
2002-08-14,1.6783 
2002-08-15,1.6994 
2002-08-16,1.4701 
2002-08-19,1.4237 
2002-08-20,1.3956 
2002-08-21,1.4408 
2002-08-22,1.8530 
2002-08-26,1.4772 
2002-08-27,1.5487 
2002-08-28,1.6385 
2002-08-29,1.7172 
2002-08-30,1.6452 
2002-09-02,1.5881 
2002-09-03,1.7505 
2002-09-04,1.7448 
2002-09-05,1.5107 
2002-09-06,1.5475 
2002-09-09,1.4351 
2002-09-10,1.1649 
2002-09-11,1.7641 
2002-09-12,1.8283 
2002-09-13,1.3222 
2002-09-16,1.6078 
2002-09-17,1.6324 
2002-09-18,1.8397 
2002-09-19,1.4579 
2002-09-20,1.7877 
2002-09-23,1.9251 
2002-09-24,1.8770 
2002-09-25,1.8327 
2002-09-26,1.7297 
2002-09-27,1.8365 
2002-09-28,1.9854 
2002-09-29,1.7377 
2002-09-30,1.3990 
2002-10-08,1.8875 
2002-10-09,1.8912 
2002-10-10,1.8449 
2002-10-11,1.8612 
2002-10-14,1.8741 
2002-10-15,1.8234 
2002-10-16,1.8368 
2002-10-17,1.6615 
2002-10-18,1.9212 
2002-10-21,1.8537 
2002-10-22,1.8884 
2002-10-23,1.9020 
2002-10-24,1.9828 
2002-10-25,1.9531 
2002-10-28,2.0999 
2002-10-29,2.0040 
2002-10-30,1.8924 
2002-10-31,1.8944 
2002-11-01,1.8402 
2002-11-04,2.0913 
2002-11-05,1.8231 
2002-11-06,1.7909 
2002-11-07,1.7802 
2002-11-08,1.2983 
2002-11-11,1.7735 
2002-11-12,1.7750 
2002-11-13,1.7819 
2002-11-14,1.7873 
2002-11-15,1.7955 
2002-11-18,1.7779 
2002-11-19,1.4116 
2002-11-20,1.7918 
2002-11-21,1.7217 
2002-11-22,1.7001 
2002-11-25,1.6898 
2002-11-26,1.6431 
2002-11-27,1.6747 
2002-11-28,1.6802 
2002-11-29,1.3860 
2002-12-02,1.7336 
2002-12-03,1.7252 
2002-12-04,1.7275 
2002-12-05,1.6839 
2002-12-06,1.7080 
2002-12-09,1.6127 
2002-12-10,1.7194 
2002-12-11,1.6564 
2002-12-12,1.6971 
2002-12-13,2.1189 
2002-12-16,1.6915 
2002-12-17,1.6422 
2002-12-18,1.7021 
2002-12-19,1.7164 
2002-12-20,1.7205 
2002-12-23,1.6833 
2002-12-24,2.1658 
2002-12-25,1.5553 
2002-12-26,2.0897 
2002-12-27,1.4106 
2002-12-30,1.8360 
2002-12-31,1.9430 
2003-01-02,1.5202 
2003-01-03,1.5925 
2003-01-06,1.5177 
2003-01-07,1.9631 
2003-01-08,1.6253 
2003-01-09,1.6218 
2003-01-10,1.5410 
2003-01-13,1.5421 
2003-01-14,1.5162 
2003-01-15,1.4672 
2003-01-16,1.4638 
2003-01-17,1.3835 
2003-01-20,1.5837 
2003-01-21,1.4263 
2003-01-22,1.4086 
2003-01-23,1.4033 
2003-01-24,2.0604 
2003-01-27,1.6101 
2003-01-28,1.3808 
2003-01-29,1.3525 
2003-01-30,1.9504 
2003-01-31,1.9807 
2003-02-08,1.2314 
2003-02-09,1.1990 
2003-02-10,1.3660 
2003-02-11,2.0101 
2003-02-12,1.1689 
2003-02-13,1.1534 
2003-02-14,1.0949 
2003-02-17,1.8955 
2003-02-18,1.0390 
2003-02-19,1.1374 
2003-02-20,1.0497 
2003-02-21,1.0998 
2003-02-24,2.0420 
2003-02-25,0.9724 
2003-02-26,1.0334 
2003-02-27,1.0221 
2003-02-28,1.0324 
2003-03-03,1.8971 
2003-03-04,0.9641 
2003-03-05,2.0527 
2003-03-06,1.9934 
2003-03-07,0.8970 
2003-03-10,1.9393 
2003-03-11,2.1121 
2003-03-12,0.9871 
2003-03-13,1.8367 
2003-03-14,1.9365 
2003-03-17,0.8185 
2003-03-18,1.5830 
2003-03-19,1.3688 
2003-03-20,0.8510 
2003-03-21,2.1602 
2003-03-24,1.2918 
2003-03-25,1.3383 
2003-03-26,2.0159 
2003-03-27,0.5905 
2003-03-28,2.0017 
2003-03-31,1.9355 
2003-04-01,2.0690 
2003-04-02,1.9887 
2003-04-03,1.9653 
2003-04-04,2.0478 
2003-04-07,1.9372 
2003-04-08,1.9598 
2003-04-09,1.8782 
2003-04-10,1.8225 
2003-04-11,2.0712 
2003-04-14,0.1732 
2003-04-15,1.9455 
2003-04-16,1.8905 
2003-04-17,1.9002 
2003-04-18,1.9970 
2003-04-21,2.0158 
2003-04-22,-0.0516 
2003-04-23,1.9065 
2003-04-24,1.5265 
2003-04-25,2.0545 
2003-04-28,2.1252 
2003-04-29,2.1139 
2003-05-06,1.9599 
2003-05-07,1.9572 
2003-05-08,1.9253 
2003-05-09,2.0043 
2003-05-12,1.9957 
2003-05-13,1.9081 
2003-05-14,2.0022 
2003-05-15,1.9939 
2003-05-16,2.0331 
2003-05-19,1.9056 
2003-05-20,1.8274 
2003-05-21,1.9028 
2003-05-22,1.8976 
2003-05-23,1.9627 
2003-05-26,1.9219 
2003-05-27,1.9573 
2003-05-28,1.8406 
2003-05-29,1.9328 
2003-05-30,1.9344 
2003-06-02,1.8748 
2003-06-03,2.0232 
2003-06-04,1.9322 
2003-06-05,1.9325 
2003-06-06,1.8741 
2003-06-09,1.9947 
2003-06-10,2.8427 
2003-06-11,2.1533 
2003-06-12,2.0353 
2003-06-13,2.0960 
2003-06-16,2.0088 
2003-06-17,2.0410 
2003-06-18,2.0028 
2003-06-20,2.0515 
2003-06-23,2.0884 
2003-06-24,2.0611 
2003-06-25,2.0659 
2003-06-26,2.5746 
2003-06-27,2.0755 
2003-06-30,1.9120 
2003-07-01,1.9589 
2003-07-02,2.1035 
2003-07-03,2.0323 
2003-07-04,2.1091 
2003-07-07,2.1606 
2003-07-08,2.0419 
2003-07-09,1.9965 
2003-07-10,2.0721 
2003-07-11,2.0145 
2003-07-14,2.3910 
2003-07-15,2.3740 
2003-07-16,2.4289 
2003-07-17,2.3745 
2003-07-18,2.3780 
2003-07-21,2.3928 
2003-07-22,2.3693 
2003-07-23,2.2509 
2003-07-24,2.2019 
2003-07-25,2.2320 
2003-07-28,2.2688 
2003-07-29,2.2541 
2003-07-30,2.2346 
2003-07-31,2.2269 
2003-08-01,2.2443 
2003-08-04,2.0274 
2003-08-05,2.2300 
2003-08-06,2.2440 
2003-08-07,2.2345 
2003-08-11,2.4000 
2003-08-12,2.5071 
2003-08-13,2.4411 
2003-08-14,2.4436 
2003-08-19,2.5118 
2003-08-20,2.4640 
2003-08-21,2.5282 
2003-08-22,2.5111 
2003-08-25,2.5026 
2003-08-26,2.4816 
2003-08-27,2.6114 
2003-08-28,2.6133 
2003-08-29,2.5395 
2003-09-01,2.5370 
2003-09-02,2.5621 
2003-09-03,2.5373 
2003-09-04,2.5566 
2003-09-05,2.5473 
2003-09-08,2.5100 
2003-09-09,2.5867 
2003-09-10,2.5912 
2003-09-11,2.5917 
2003-09-12,2.5949 
2003-09-15,2.3463 
2003-09-16,2.6254 
2003-09-17,2.6910 
2003-09-18,2.6194 
2003-09-19,2.8127 
2003-09-22,2.5336 
2003-09-23,2.3803 
2003-09-24,2.4754 
2003-09-25,2.6328 
2003-09-26,2.4900 
2003-09-27,2.4336 
2003-09-28,2.5575 
2003-09-29,2.1435 
2003-09-30,2.1895 
2003-10-08,2.2058 
2003-10-09,2.4217 
2003-10-10,2.7055 
2003-10-13,2.7800 
2003-10-14,2.4734 
2003-10-15,2.3913 
2003-10-16,2.3279 
2003-10-17,2.5997 
2003-10-20,2.5553 
2003-10-21,2.2496 
2003-10-22,2.3546 
2003-10-23,2.3779 
2003-10-24,1.9630 
2003-10-27,2.7781 
2003-10-28,2.5377 
2003-10-29,2.4866 
2003-10-30,2.2744 
2003-10-31,2.6438 
2003-11-03,2.6459 
2003-11-04,2.6889 
2003-11-05,2.5365 
2003-11-06,2.4681 
2003-11-07,2.3488 
2003-11-10,2.4682 
2003-11-11,2.4630 
2003-11-12,2.4706 
2003-11-13,2.4077 
2003-11-14,2.5295 
2003-11-17,2.4001 
2003-11-18,2.2868 
2003-11-19,2.2539 
2003-11-20,2.2079 
2003-11-21,2.1061 
2003-11-24,2.0582 
2003-11-25,2.3880 
2003-11-26,2.0005 
2003-11-28,1.7452 
2003-12-01,2.0323 
2003-12-02,1.9363 
2003-12-03,2.0263 
2003-12-04,2.0938 
2003-12-05,2.1952 
2003-12-08,2.0321 
2003-12-09,2.3324 
2003-12-10,2.1047 
2003-12-11,2.1612 
2003-12-12,2.1241 
2003-12-15,2.1061 
2003-12-16,1.8336 
2003-12-17,1.9578 
2003-12-18,2.0078 
2003-12-19,2.1424 
2003-12-22,2.3092 
2003-12-23,2.2768 
2003-12-24,2.1115 
2003-12-25,2.1025 
2003-12-26,2.1576 
2003-12-29,2.0808 
2003-12-30,1.9935 
2003-12-31,1.7931 
2004-01-02,1.8036 
2004-01-05,2.0484 
2004-01-06,2.0257 
2004-01-07,2.1664 
2004-01-08,2.1272 
2004-01-09,3.0816 
2004-01-12,2.0872 
2004-01-13,2.0691 
2004-01-14,2.3561 
2004-01-15,2.0714 
2004-01-16,2.3197 
2004-01-17,2.2627 
2004-01-18,2.0927 
2004-01-19,2.2344 
2004-01-20,2.0920 
2004-01-21,2.2591 
2004-01-29,2.2247 
2004-01-30,2.1764 
2004-02-02,2.2036 
2004-02-03,2.2541 
2004-02-04,2.3217 
2004-02-05,2.1063 
2004-02-06,1.9235 
2004-02-09,2.2689 
2004-02-10,2.2945 
2004-02-11,2.0113 
2004-02-12,2.3707 
2004-02-13,2.2964 
2004-02-16,1.9385 
2004-02-17,2.2903 
2004-02-18,2.3126 
2004-02-19,2.3016 
2004-02-20,1.9734 
2004-02-23,2.3258 
2004-02-24,2.3413 
2004-02-25,2.3059 
2004-02-26,2.2986 
2004-02-27,2.2194 
2004-03-01,2.2624 
2004-03-02,2.3259 
2004-03-03,2.2622 
2004-03-04,2.3307 
2004-03-05,2.2956 
2004-03-08,2.3170 
2004-03-09,2.2885 
2004-03-10,2.2773 
2004-03-11,2.2962 
2004-03-12,2.3079 
2004-03-15,2.2410 
2004-03-16,2.1726 
2004-03-17,2.0429 
2004-03-18,2.0869 
2004-03-19,2.4242 
2004-03-22,2.4814 
2004-03-23,2.3941 
2004-03-24,2.5499 
2004-03-25,2.3812 
2004-03-26,2.4405 
2004-03-29,2.4144 
2004-03-30,2.2451 
2004-03-31,2.1977 
2004-04-01,2.3633 
2004-04-05,2.3320 
2004-04-06,2.2141 
2004-04-07,2.4853 
2004-04-08,2.4442 
2004-04-09,2.3502 
2004-04-12,2.3510 
2004-04-13,2.4523 
2004-04-14,2.5620 
2004-04-15,2.4631 
2004-04-16,2.8095 
2004-04-19,2.6437 
2004-04-20,2.4428 
2004-04-21,2.4093 
2004-04-22,2.4364 
2004-04-23,2.2286 
2004-04-26,2.5964 
2004-04-27,2.5006 
2004-04-28,2.5092 
2004-04-29,2.4281 
2004-04-30,2.6539 
2004-05-08,2.6450 
2004-05-09,2.5835 
2004-05-10,2.5041 
2004-05-11,2.5702 
2004-05-12,2.6183 
2004-05-13,2.7433 
2004-05-14,2.5030 
2004-05-17,2.4685 
2004-05-18,2.4423 
2004-05-19,2.7046 
2004-05-20,2.7228 
2004-05-21,2.8770 
2004-05-24,2.9066 
2004-05-25,2.4822 
2004-05-26,2.7098 
2004-05-27,2.8237 
2004-05-28,2.7558 
2004-05-31,2.8485 
2004-06-01,2.6783 
2004-06-02,2.6392 
2004-06-03,2.6465 
2004-06-04,2.5701 
2004-06-07,2.7938 
2004-06-08,2.7205 
2004-06-09,2.8829 
2004-06-10,2.8542 
2004-06-11,2.8756 
2004-06-14,3.0305 
2004-06-15,2.6846 
2004-06-16,2.8968 
2004-06-17,2.5966 
2004-06-18,2.7142 
2004-06-21,2.8392 
2004-06-22,2.9341 
2004-06-23,2.7002 
2004-06-24,2.7299 
2004-06-25,2.7451 
2004-06-28,3.0396 
2004-06-29,2.7530 
2004-06-30,2.9370 
2004-07-01,2.8953 
2004-07-02,3.1464 
2004-07-05,2.5977 
2004-07-06,2.8890 
2004-07-07,2.9450 
2004-07-08,2.8229 
2004-07-09,2.8603 
2004-07-12,2.9647 
2004-07-13,2.8347 
2004-07-14,2.8134 
2004-07-15,2.9095 
2004-07-16,2.8242 
2004-07-19,2.8536 
2004-07-20,2.9186 
2004-07-21,2.9942 
2004-07-22,2.9454 
2004-07-23,2.7821 
2004-07-26,2.9873 
2004-07-27,2.8893 
2004-07-28,2.8121 
2004-07-29,2.8133 
2004-07-30,2.4973 
2004-08-02,2.4325 
2004-08-03,2.8395 
2004-08-04,2.7283 
2004-08-05,2.6820 
2004-08-06,2.5825 
2004-08-09,2.8674 
2004-08-10,2.7602 
2004-08-11,2.7521 
2004-08-12,2.8354 
2004-08-13,2.8250 
2004-08-16,2.9488 
2004-08-17,9.5002 
2004-08-18,2.2155 
2004-08-19,2.7783 
2004-08-20,2.7658 
2004-08-23,2.8901 
2004-08-24,2.8700 
2004-08-25,2.7524 
2004-08-26,2.6759 
2004-08-27,2.6572 
2004-08-30,2.9255 
2004-08-31,2.6982 
2004-09-01,2.9976 
2004-09-02,2.6647 
2004-09-03,2.8976 
2004-09-06,2.7790 
2004-09-07,2.7196 
2004-09-08,2.8643 
2004-09-09,2.7768 
2004-09-10,2.6166 
2004-09-13,2.9258 
2004-09-14,2.7604 
2004-09-15,2.7083 
2004-09-16,2.8257 
2004-09-17,2.7690 
2004-09-20,2.6754 
2004-09-21,2.8228 
2004-09-22,2.5593 
2004-09-23,2.7542 
2004-09-24,2.7320 
2004-09-27,2.4319 
2004-09-28,2.5602 
2004-09-29,2.5578 
2004-09-30,2.6584 
2004-10-08,2.5444 
2004-10-09,2.7733 
2004-10-10,2.8361 
2004-10-11,2.7625 
2004-10-12,2.6571 
2004-10-13,2.7105 
2004-10-14,2.6925 
2004-10-15,2.6720 
2004-10-18,2.6207 
2004-10-19,2.7700 
2004-10-20,2.7436 
2004-10-21,2.6029 
2004-10-22,2.6357 
2004-10-25,2.7395 
2004-10-26,2.8293 
2004-10-27,2.6968 
2004-10-28,2.6454 
2004-10-29,3.0541 
2004-11-01,2.9470 
2004-11-02,2.8565 
2004-11-03,2.7206 
2004-11-04,2.7436 
2004-11-05,2.7543 
2004-11-08,2.8123 
2004-11-09,2.7924 
2004-11-10,2.0852 
2004-11-11,2.6898 
2004-11-12,2.7029 
2004-11-15,2.7100 
2004-11-16,2.6775 
2004-11-17,2.6423 
2004-11-18,2.7149 
2004-11-19,2.7054 
2004-11-22,2.7599 
2004-11-23,2.6681 
2004-11-24,2.6947 
2004-11-25,2.6525 
2004-11-26,2.5968 
2004-11-29,2.7681 
2004-11-30,2.6799 
2004-12-01,3.2265 
2004-12-02,2.6714 
2004-12-03,2.6173 
2004-12-06,2.5557 
2004-12-07,2.5060 
2004-12-08,2.5316 
2004-12-09,2.5915 
2004-12-10,2.0925 
2004-12-13,2.4289 
2004-12-14,2.3805 
2004-12-15,2.4909 
2004-12-16,2.5265 
2004-12-17,2.6865 
2004-12-20,2.7372 
2004-12-21,2.5912 
2004-12-22,2.5103 
2004-12-23,2.5168 
2004-12-24,2.4687 
2004-12-27,2.5861 
2004-12-28,2.8874 
2004-12-29,2.5953 
2004-12-30,2.5587 
2004-12-31,2.6282 
2005-01-04,2.7712 
2005-01-05,2.5962 
2005-01-06,2.5210 
2005-01-07,2.3918 
2005-01-10,2.4628 
2005-01-11,2.4577 
2005-01-12,2.4404 
2005-01-13,2.3623 
2005-01-14,2.4028 
2005-01-17,2.4663 
2005-01-18,2.3971 
2005-01-19,2.4577 
2005-01-20,2.6179 
2005-01-21,2.6855 
2005-01-24,2.5093 
2005-01-25,2.4924 
2005-01-26,2.6003 
2005-01-27,2.5751 
2005-01-28,2.4306 
2005-01-31,2.5265 
2005-02-01,2.5147 
2005-02-02,2.4788 
2005-02-03,2.6031 
2005-02-04,2.6038 
2005-02-05,2.7392 
2005-02-06,2.6164 
2005-02-07,2.5511 
2005-02-08,2.5087 
2005-02-16,2.6355 
2005-02-17,2.5581 
2005-02-18,2.5699 
2005-02-21,2.4072 
2005-02-22,2.5841 
2005-02-23,2.5975 
2005-02-24,2.6396 
2005-02-25,2.6069 
2005-02-28,2.4254 
2005-03-01,2.3909 
2005-03-02,2.4409 
2005-03-03,2.5467 
2005-03-04,2.4225 
2005-03-07,2.4836 
2005-03-08,2.2172 
2005-03-09,2.2975 
2005-03-10,2.1997 
2005-03-11,2.2639 
2005-03-14,2.2220 
2005-03-15,2.7214 
2005-03-16,2.8875 
2005-03-17,2.6242 
2005-03-18,2.5665 
2005-03-21,2.5725 
2005-03-22,2.5998 
2005-03-23,2.6572 
2005-03-24,2.7071 
2005-03-25,2.6470 
2005-03-28,2.6351 
2005-03-29,2.5778 
2005-03-30,2.5965 
2005-03-31,2.4027 
2005-04-01,2.5713 
2005-04-04,2.5080 
2005-04-05,2.5415 
2005-04-06,2.5237 
2005-04-07,2.3378 
2005-04-08,2.4430 
2005-04-11,2.5076 
2005-04-12,2.3128 
2005-04-13,2.3230 
2005-04-14,2.1875 
2005-04-15,2.2995 
2005-04-18,2.3922 
2005-04-19,2.5779 
2005-04-20,2.3931 
2005-04-21,2.2781 
2005-04-22,2.2124 
2005-04-25,2.2101 
2005-04-26,2.5669 
2005-04-27,2.4685 
2005-04-28,2.5381 
2005-04-29,2.4239 
2005-04-30,2.5042 
2005-05-08,2.4377 
2005-05-09,2.4832 
2005-05-10,2.3947 
2005-05-11,2.4964 
2005-05-12,2.4019 
2005-05-13,2.3523 
2005-05-16,2.3289 
2005-05-17,2.3936 
2005-05-18,2.3737 
2005-05-19,2.3631 
2005-05-20,2.3106 
2005-05-23,2.1785 
2005-05-24,2.1335 
2005-05-25,2.2522 
2005-05-26,2.1094 
2005-05-27,2.1984 
2005-05-30,2.2371 
2005-05-31,2.2288 
2005-06-01,2.0959 
2005-06-02,2.1254 
2005-06-03,2.0641 
2005-06-06,2.0920 
2005-06-07,2.1294 
2005-06-08,2.1289 
2005-06-09,1.9487 
2005-06-10,1.9778 
2005-06-13,1.9314 
2005-06-14,1.9100 
2005-06-15,1.9822 
2005-06-16,1.7989 
2005-06-17,2.0975 
2005-06-20,2.2400 
2005-06-21,1.8384 
2005-06-22,1.8464 
2005-06-23,2.5424 
2005-06-24,2.1391 
2005-06-27,1.9845 
2005-06-28,2.0014 
2005-06-29,1.9173 
2005-06-30,1.8918 
2005-07-01,1.9750 
2005-07-04,1.8458 
2005-07-05,1.8326 
2005-07-06,1.8600 
2005-07-07,1.8787 
2005-07-08,1.8276 
2005-07-11,1.8742 
2005-07-12,1.8559 
2005-07-13,1.7978 
2005-07-14,1.9173 
2005-07-15,1.3395 
2005-07-18,1.3344 
2005-07-19,1.3747 
2005-07-20,1.4296 
2005-07-21,1.4345 
2005-07-22,1.4195 
2005-07-25,1.3110 
2005-07-26,1.3016 
2005-07-27,1.2065 
2005-07-28,1.3445 
2005-07-29,1.3660 
2005-08-01,1.5164 
2005-08-02,1.3751 
2005-08-03,1.6694 
2005-08-04,1.3347 
2005-08-05,1.4558 
2005-08-08,1.4252 
2005-08-09,1.3320 
2005-08-10,1.5003 
2005-08-11,1.3637 
2005-08-12,1.4381 
2005-08-15,1.4061 
2005-08-16,1.4286 
2005-08-17,1.3252 
2005-08-18,1.3664 
2005-08-19,1.2797 
2005-08-22,1.4050 
2005-08-23,1.3695 
2005-08-24,1.4640 
2005-08-25,1.2084 
2005-08-26,1.1790 
2005-08-29,1.0954 
2005-08-30,1.1367 
2005-08-31,1.1300 
2005-09-01,1.1463 
2005-09-02,1.1030 
2005-09-05,1.1836 
2005-09-06,1.1514 
2005-09-07,1.1445 
2005-09-08,1.1825 
2005-09-09,1.1814 
2005-09-12,1.1842 
2005-09-13,1.1864 
2005-09-14,1.1927 
2005-09-15,1.1165 
2005-09-16,1.2204 
2005-09-19,1.1851 
2005-09-20,1.0376 
2005-09-21,1.1268 
2005-09-22,1.1153 
2005-09-23,1.1737 
2005-09-26,1.0827 
2005-09-27,1.0967 
2005-09-28,1.1106 
2005-09-29,1.4590 
2005-09-30,1.0992 
2005-10-08,1.1305 
2005-10-09,1.1382 
2005-10-10,1.1897 
2005-10-11,1.1418 
2005-10-12,1.2254 
2005-10-13,1.1976 
2005-10-14,1.1411 
2005-10-17,1.2143 
2005-10-18,1.2080 
2005-10-19,1.1820 
2005-10-20,1.1905 
2005-10-21,1.2920 
2005-10-24,1.1983 
2005-10-25,1.3174 
2005-10-26,1.3153 
2005-10-27,1.3060 
2005-10-28,1.2501 
2005-10-31,1.2088 
2005-11-01,1.2363 
2005-11-02,1.2928 
2005-11-03,1.2749 
2005-11-04,1.2486 
2005-11-07,1.2516 
2005-11-08,1.4593 
2005-11-09,1.3926 
2005-11-10,1.4069 
2005-11-11,1.2954 
2005-11-14,1.4571 
2005-11-15,1.6162 
2005-11-16,1.2959 
2005-11-17,1.3301 
2005-11-18,1.4016 
2005-11-21,1.3449 
2005-11-22,1.6601 
2005-11-23,1.3791 
2005-11-24,1.5562 
2005-11-25,1.5077 
2005-11-28,1.4768 
2005-11-29,1.6923 
2005-11-30,1.5771 
2005-12-01,1.6276 
2005-12-02,1.6922 
2005-12-05,1.7602 
2005-12-06,1.7510 
2005-12-07,1.7702 
2005-12-08,1.6802 
2005-12-09,1.6724 
2005-12-12,1.7355 
2005-12-13,1.7115 
2005-12-14,1.6775 
2005-12-15,1.6440 
2005-12-16,1.5513 
2005-12-19,1.6396 
2005-12-20,1.5812 
2005-12-21,1.9860 
2005-12-22,1.4160 
2005-12-23,1.6583 
2005-12-26,1.5581 
2005-12-27,1.4887 
2005-12-28,1.5086 
2005-12-29,1.5649 
2005-12-30,1.6736 
2005-12-31,1.5978 
2006-01-04,1.4797 
2006-01-05,1.5315 
2006-01-06,1.4733 
2006-01-09,1.4656 
2006-01-10,1.4575 
2006-01-11,1.4024 
2006-01-12,1.4304 
2006-01-13,1.3392 
2006-01-16,1.5229 
2006-01-17,1.5089 
2006-01-18,1.4179 
2006-01-19,1.4267 
2006-01-20,1.4364 
2006-01-23,1.3879 
2006-01-24,1.5282 
2006-01-25,1.4878 
2006-01-26,1.4853 
2006-01-27,1.4846 
2006-01-28,1.4843 
2006-02-05,1.4832 
2006-02-06,1.3928 
2006-02-07,1.3756 
2006-02-08,1.5254 
2006-02-09,1.5953 
2006-02-10,1.5329 
2006-02-13,1.6648 
2006-02-14,1.6376 
2006-02-15,1.3346 
2006-02-16,1.6034 
2006-02-17,1.4609 
2006-02-20,1.4963 
2006-02-21,1.3614 
2006-02-22,1.4953 
2006-02-23,1.6019 
2006-02-24,1.6403 
2006-02-27,1.7158 
2006-03-01,1.4336 
2006-03-02,1.4276 
2006-03-03,1.4176 
2006-03-06,1.4592 
2006-03-07,1.4208 
2006-03-08,1.4024 
2006-03-09,1.4040 
2006-03-10,1.4124 
2006-03-13,1.4224 
2006-03-14,1.4324 
2006-03-15,1.4524 
2006-03-16,1.4624 
2006-03-17,1.4424 
2006-03-20,1.4624 
2006-03-21,1.4524 
2006-03-22,1.4708 
2006-03-23,1.4488 
2006-03-24,1.4288 
2006-03-27,1.4252 
2006-03-28,1.4069 
2006-03-29,1.4022 
2006-03-30,1.4141 
2006-03-31,1.4064 
2006-04-03,1.3977 
2006-04-04,1.4012 
2006-04-05,1.4068 
2006-04-06,1.3994 
2006-04-07,1.3820 
2006-04-10,1.3820 
2006-04-11,1.4020 
2006-04-12,1.4220 
2006-04-13,1.4188 
2006-04-14,1.4288 
2006-04-17,1.4572 
2006-04-18,1.4804 
2006-04-19,1.4872 
2006-04-20,1.4772 
2006-04-21,1.4940 
2006-04-24,1.5108 
2006-04-25,1.5124 
2006-04-26,1.5078 
2006-04-27,1.4788 
2006-04-28,1.4520 
2006-04-29,1.4500 
2006-04-30,1.4620 
2006-05-08,1.4580 
2006-05-09,1.4452 
2006-05-10,1.4236 
2006-05-11,1.4482 
2006-05-12,1.4636 
2006-05-15,1.4988 
2006-05-16,1.4952 
2006-05-17,1.4736 
2006-05-18,1.4755 
2006-05-19,1.4675 
2006-05-22,1.4809 
2006-05-23,1.4895 
2006-05-24,1.4839 
2006-05-25,1.4736 
2006-05-26,1.4695 
2006-05-29,1.4736 
2006-05-30,1.4694 
2006-05-31,1.4744 
2006-06-01,1.4857 
2006-06-02,1.5094 
2006-06-05,1.5232 
2006-06-06,1.5270 
2006-06-07,1.5788 
2006-06-08,1.5844 
2006-06-09,1.6002 
2006-06-12,1.5988 
2006-06-13,1.5280 
2006-06-14,1.5464 
2006-06-15,1.5648 
2006-06-16,1.5564 
2006-06-19,1.5748 
2006-06-20,1.5964 
2006-06-21,1.6228 
2006-06-22,1.6328 
2006-06-23,1.6270 
2006-06-26,1.6154 
2006-06-27,1.6248 
2006-06-28,1.6144 
2006-06-29,1.6336 
2006-06-30,1.6500 
2006-07-03,1.6820 
2006-07-04,1.7072 
2006-07-05,1.7424 
2006-07-06,1.7324 
2006-07-07,1.7224 
2006-07-10,1.7124 
2006-07-11,1.7066 
2006-07-12,1.7191 
2006-07-13,1.7315 
2006-07-14,1.7433 
2006-07-17,1.7448 
2006-07-18,1.7432 
2006-07-19,1.7508 
2006-07-20,1.7521 
2006-07-21,1.7600 
2006-07-24,1.8984 
2006-07-25,1.9117 
2006-07-26,1.9232 
2006-07-27,1.9084 
2006-07-28,1.9236 
2006-07-31,1.9310 
2006-08-01,1.9274 
2006-08-02,1.9278 
2006-08-03,1.9181 
2006-08-04,1.9286 
2006-08-07,1.9288 
2006-08-08,1.9288 
2006-08-09,1.9242 
2006-08-10,1.9055 
2006-08-11,1.8902 
2006-08-14,1.8889 
2006-08-15,1.8738 
2006-08-16,1.8467 
2006-08-17,1.8386 
2006-08-18,1.8204 
2006-08-21,1.8837 
2006-08-22,1.8620 
2006-08-23,1.8567 
2006-08-24,1.8506 
2006-08-25,1.8408 
2006-08-28,1.8374 
2006-08-29,1.8324 
2006-08-30,1.8324 
2006-08-31,1.8324 
2006-09-01,1.8424 
2006-09-04,1.8208 
2006-09-05,1.8177 
2006-09-06,1.8183 
2006-09-07,1.8188 
2006-09-08,1.8178 
2006-09-11,1.8185 
2006-09-12,1.8122 
2006-09-13,1.8069 
2006-09-14,1.8105 
2006-09-15,1.8106 
2006-09-18,1.7997 
2006-09-19,1.7945 
2006-09-20,1.7858 
2006-09-21,1.7600 
2006-09-22,1.7634 
2006-09-25,1.7639 
2006-09-26,1.7723 
2006-09-27,1.6855 
2006-09-28,1.7100 
2006-09-29,1.6968 
2006-09-30,1.6914 
2006-10-08,1.6787 
2006-10-09,1.6910 
2006-10-10,1.6895 
2006-10-11,1.7065 
2006-10-12,1.6853 
2006-10-13,1.6906 
2006-10-16,1.6902 
2006-10-17,1.6955 
2006-10-18,1.6915 
2006-10-19,1.6914 
2006-10-20,1.6891 
2006-10-23,1.6891 
2006-10-24,1.6864 
2006-10-25,1.6826 
2006-10-26,1.6870 
2006-10-27,1.6885 
2006-10-30,1.6885 
2006-10-31,1.6917 
2006-11-01,1.6970 
2006-11-02,1.6970 
2006-11-03,1.6970 
2006-11-06,1.7192 
2006-11-07,1.7216 
2006-11-08,1.7240 
2006-11-09,1.7387 
2006-11-10,1.7485 
2006-11-13,1.7619 
2006-11-14,1.7654 
2006-11-15,1.7633 
2006-11-16,1.7599 
2006-11-17,1.7590 
2006-11-20,1.7625 
2006-11-21,1.8250 
2006-11-22,1.8317 
2006-11-23,1.8592 
2006-11-24,1.8492 
2006-11-27,1.8792 
2006-11-28,1.8692 
2006-11-29,1.8544 
2006-11-30,1.8592 
2006-12-01,1.8792 
2006-12-04,1.8744 
2006-12-05,1.8754 
2006-12-06,1.8920 
2006-12-07,1.9144 
2006-12-08,1.9144 
2006-12-11,1.9144 
2006-12-12,1.9020 
2006-12-13,1.9392 
2006-12-14,1.9392 
2006-12-15,1.9392 
2006-12-18,1.9392 
2006-12-19,1.9192 
2006-12-20,1.9044 
2006-12-21,1.9044 
2006-12-22,1.9044 
2006-12-25,1.9044 
2006-12-26,1.9044 
2006-12-27,1.9068 
2006-12-28,1.9044 
2006-12-29,1.9044 
2006-12-30,1.9044 
2006-12-31,1.9044 
2007-01-04,1.9044 
2007-01-05,1.8944 
2007-01-08,1.8944 
2007-01-09,1.8944 
2007-01-10,1.8944 
2007-01-11,1.8944 
2007-01-12,1.9044 
2007-01-15,1.9044 
2007-01-16,1.8944 
2007-01-17,1.8946 
2007-01-18,1.8922 
2007-01-19,1.8972 
2007-01-22,1.9096 
2007-01-23,1.9096 
2007-01-24,1.9096 
2007-01-25,1.9086 
2007-01-26,1.9151 
2007-01-29,1.9111 
2007-01-30,1.9096 
2007-01-31,1.8996 
2007-02-01,1.8896 
2007-02-02,1.8796 
2007-02-05,1.8696 
2007-02-06,1.8696 
2007-02-07,1.8696 
2007-02-08,1.8796 
2007-02-09,1.8735 
2007-02-12,1.8839 
2007-02-13,1.8721 
2007-02-14,1.8771 
2007-02-15,1.8665 
2007-02-16,1.8649 
2007-02-17,1.8649 
2007-02-25,1.8654 
2007-02-26,1.8644 
2007-02-27,1.8544 
2007-02-28,1.8544 
2007-03-01,1.8444 
2007-03-02,1.8444 
2007-03-05,1.8270 
2007-03-06,1.8244 
2007-03-07,1.8244 
2007-03-08,1.8244 
2007-03-09,1.8244 
2007-03-12,1.8244 
2007-03-13,1.8144 
2007-03-14,1.8144 
2007-03-15,1.8192 
2007-03-16,1.8292 
2007-03-19,1.8592 
2007-03-20,1.8692 
2007-03-21,1.8792 
2007-03-22,1.8992 
2007-03-23,1.8992 
2007-03-26,1.8992 
2007-03-27,1.8992 
2007-03-28,1.8992 
2007-03-29,1.8992 
2007-03-30,1.8992 
2007-04-02,1.8992 
2007-04-03,1.8992 
2007-04-04,1.8992 
2007-04-05,1.8992 
2007-04-06,1.9192 
2007-04-09,1.9392 
2007-04-10,1.9544 
2007-04-11,1.9644 
2007-04-12,1.9644 
2007-04-13,1.9644 
2007-04-16,1.9844 
2007-04-17,2.0096 
2007-04-18,2.0096 
2007-04-19,2.0096 
2007-04-20,2.1401 
2007-04-23,2.1401 
2007-04-24,2.1401 
2007-04-25,2.1401 
2007-04-26,2.0644 
2007-04-27,2.0192 
2007-04-28,2.0092 
2007-04-29,1.9635 
2007-04-30,1.9483 
2007-05-08,1.9483 
2007-05-09,1.9383 
2007-05-10,1.9231 
2007-05-11,1.9531 
2007-05-14,1.9679 
2007-05-15,1.9679 
2007-05-16,1.9679 
2007-05-17,1.9679 
2007-05-18,1.9679 
2007-05-21,1.9679 
2007-05-22,1.9679 
2007-05-23,1.9579 
2007-05-24,1.9479 
2007-05-25,1.9879 
2007-05-28,1.9879 
2007-05-29,1.9829 
2007-05-30,1.9827 
2007-05-31,1.9877 
2007-06-01,2.0069 
2007-06-04,2.0053 
2007-06-05,2.0103 
2007-06-06,2.0479 
2007-06-07,2.0416 
2007-06-08,2.0486 
2007-06-11,2.0557 
2007-06-12,2.0627 
2007-06-13,2.0723 
2007-06-14,2.0799 
2007-06-15,2.0823 
2007-06-18,2.0871 
2007-06-19,2.0919 
2007-06-20,2.1019 
2007-06-21,2.1166 
2007-06-22,2.1310 
2007-06-25,2.1354 
2007-06-26,2.1210 
2007-06-27,2.1062 
2007-06-28,2.1062 
2007-06-29,2.1571 
2007-07-02,2.1571 
2007-07-03,2.1571 
2007-07-04,2.1443 
2007-07-05,2.1440 
2007-07-06,2.1758 
2007-07-09,2.1535 
2007-07-10,2.1271 
2007-07-11,2.1613 
2007-07-12,2.1654 
2007-07-13,2.1428 
2007-07-16,2.1266 
2007-07-17,2.1345 
2007-07-18,2.1209 
2007-07-19,2.0804 
2007-07-20,2.0786 
2007-07-23,2.0726 
2007-07-24,2.0765 
2007-07-25,2.1142 
2007-07-26,2.0811 
2007-07-27,2.0922 
2007-07-30,2.0982 
2007-07-31,2.1206 
2007-08-01,2.1143 
2007-08-02,2.1196 
2007-08-03,2.1176 
2007-08-06,2.1291 
2007-08-07,2.1307 
2007-08-08,2.1491 
2007-08-09,2.1381 
2007-08-10,2.1330 
2007-08-13,2.1300 
2007-08-14,2.1497 
2007-08-15,2.1417 
2007-08-16,2.0929 
2007-08-17,2.0722 
2007-08-20,1.9999 
2007-08-21,1.9723 
2007-08-22,2.0894 
2007-08-23,2.1289 
2007-08-24,2.0720 
2007-08-27,2.0162 
2007-08-28,2.0669 
2007-08-29,2.0916 
2007-08-30,2.0925 
2007-08-31,2.0851 
2007-09-03,2.0746 
2007-09-04,2.0777 
2007-09-05,2.0612 
2007-09-06,2.0546 
2007-09-07,2.1474 
2007-09-10,2.1527 
2007-09-11,2.1951 
2007-09-12,2.2404 
2007-09-13,2.2874 
2007-09-14,2.7042 
2007-09-17,2.5794 
2007-09-18,2.4843 
2007-09-19,2.5095 
2007-09-20,2.5439 
2007-09-21,2.5470 
2007-09-24,2.4152 
2007-09-25,2.3938 
2007-09-26,2.3929 
2007-09-27,2.3731 
2007-09-28,2.3531 
2007-09-29,2.3486 
2007-09-30,2.3359 
2007-10-08,2.3647 
2007-10-09,2.2666 
2007-10-10,2.2141 
2007-10-11,2.3336 
2007-10-12,2.2737 
2007-10-15,2.3030 
2007-10-16,2.3489 
2007-10-17,2.4322 
2007-10-18,2.5941 
2007-10-19,2.7401 
2007-10-22,3.3446 
2007-10-23,3.4726 
2007-10-24,4.2373 
2007-10-25,4.8514 
2007-10-26,6.4874 
2007-10-29,2.8382 
2007-10-30,2.8175 
2007-10-31,2.8499 
2007-11-01,2.8639 
2007-11-02,2.6582 
2007-11-05,2.6942 
2007-11-06,2.7041 
2007-11-07,3.0406 
2007-11-08,2.7801 
2007-11-09,2.7241 
2007-11-12,2.7381 
2007-11-13,2.4347 
2007-11-14,2.4252 
2007-11-15,2.7428 
2007-11-16,2.6873 
2007-11-19,2.6813 
2007-11-20,2.6793 
2007-11-21,2.6954 
2007-11-22,2.6744 
2007-11-23,2.6517 
2007-11-26,2.6086 
2007-11-27,2.6047 
2007-11-28,2.6159 
2007-11-29,2.6698 
2007-11-30,2.6534 
2007-12-03,2.6046 
2007-12-04,2.6106 
2007-12-05,2.6507 
2007-12-06,2.6098 
2007-12-07,2.5627 
2007-12-10,2.5657 
2007-12-11,2.5634 
2007-12-12,2.5166 
2007-12-13,2.5386 
2007-12-14,2.4696 
2007-12-17,2.4289 
2007-12-18,2.3785 
2007-12-19,2.3934 
2007-12-20,2.3438 
2007-12-21,2.3675 
2007-12-24,2.4340 
2007-12-25,2.4999 
2007-12-26,2.5419 
2007-12-27,2.3683 
2007-12-28,2.4105 
2007-12-29,2.5040 
2008-01-02,2.5495 
2008-01-03,2.4549 
2008-01-04,2.5277 
2008-01-07,2.5514 
2008-01-08,2.5232 
2008-01-09,2.3929 
2008-01-10,2.4613 
2008-01-11,2.4068 
2008-01-14,2.4655 
2008-01-15,2.4628 
2008-01-16,2.3642 
2008-01-17,2.3953 
2008-01-18,2.3377 
2008-01-21,2.3665 
2008-01-22,2.5530 
2008-01-23,2.5781 
2008-01-24,2.4644 
2008-01-25,2.4747 
2008-01-28,2.7401 
2008-01-29,2.7609 
2008-01-30,2.7915 
2008-01-31,2.8281 
2008-02-01,2.8400 
2008-02-02,2.9165 
2008-02-03,2.8935 
2008-02-04,2.8922 
2008-02-05,2.4610 
2008-02-13,3.0340 
2008-02-14,2.4924 
2008-02-15,2.4702 
2008-02-18,2.4452 
2008-02-19,2.4692 
2008-02-20,2.5131 
2008-02-21,2.5379 
2008-02-22,2.5237 
2008-02-25,2.5343 
2008-02-26,2.5572 
2008-02-27,2.4871 
2008-02-28,2.4240 
2008-02-29,2.4035 
2008-03-03,2.3792 
2008-03-04,2.1767 
2008-03-05,2.1653 
2008-03-06,2.1575 
2008-03-07,2.1383 
2008-03-10,2.1418 
2008-03-11,2.1658 
2008-03-12,2.1679 
2008-03-13,2.1368 
2008-03-14,2.2717 
2008-03-17,2.2432 
2008-03-18,2.7323 
2008-03-19,2.4768 
2008-03-20,2.2627 
2008-03-21,2.3034 
2008-03-24,2.2122 
2008-03-25,2.2063 
2008-03-26,2.2353 
2008-03-27,2.2196 
2008-03-28,2.2792 
2008-03-31,2.3258 
2008-04-01,2.5064 
2008-04-02,2.2912 
2008-04-03,2.3058 
2008-04-07,2.2896 
2008-04-08,2.3043 
2008-04-09,2.2986 
2008-04-10,2.3117 
2008-04-11,2.3045 
2008-04-14,2.2816 
2008-04-15,2.2798 
2008-04-16,2.2900 
2008-04-17,2.3004 
2008-04-18,2.2813 
2008-04-21,2.2935 
2008-04-22,2.2780 
2008-04-23,2.2930 
2008-04-24,2.3076 
2008-04-25,2.2506 
2008-04-28,2.2625 
2008-04-29,2.3088 
2008-04-30,2.3468 
2008-05-04,2.3056 
2008-05-05,2.3334 
2008-05-06,2.3891 
2008-05-07,2.4135 
2008-05-08,2.4293 
2008-05-09,2.4320 
2008-05-12,2.4556 
2008-05-13,2.4668 
2008-05-14,2.5099 
2008-05-15,2.4168 
2008-05-16,2.4630 
2008-05-19,2.5207 
2008-05-20,2.5486 
2008-05-21,2.5242 
2008-05-22,2.5451 
2008-05-23,2.6049 
2008-05-26,2.6672 
2008-05-27,2.7443 
2008-05-28,2.4447 
2008-05-29,2.5519 
2008-05-30,2.6543 
2008-06-02,2.6737 
2008-06-03,2.6485 
2008-06-04,2.6542 
2008-06-05,2.6265 
2008-06-06,2.6524 
2008-06-10,2.9196 
2008-06-11,2.9759 
2008-06-12,2.9088 
2008-06-13,2.5497 
2008-06-16,2.4579 
2008-06-17,2.4790 
2008-06-18,2.5651 
2008-06-19,2.5345 
2008-06-20,2.5800 
2008-06-23,2.6350 
2008-06-24,2.6266 
2008-06-25,2.6380 
2008-06-26,2.5947 
2008-06-27,2.7294 
2008-06-30,2.8240 
2008-07-01,2.6945 
2008-07-02,2.7638 
2008-07-03,2.7639 
2008-07-04,2.7807 
2008-07-07,2.7557 
2008-07-08,2.6534 
2008-07-09,2.5874 
2008-07-10,2.5986 
2008-07-11,2.5597 
2008-07-14,2.5575 
2008-07-15,2.5962 
2008-07-16,2.6222 
2008-07-17,2.5690 
2008-07-18,2.6034 
2008-07-21,2.7607 
2008-07-22,2.5858 
2008-07-23,2.7722 
2008-07-24,2.5804 
2008-07-25,2.5772 
2008-07-28,2.5949 
2008-07-29,2.6116 
2008-07-30,2.6014 
2008-07-31,2.6372 
2008-08-01,3.0243 
2008-08-04,3.0853 
2008-08-05,3.0998 
2008-08-06,3.0692 
2008-08-07,2.7562 
2008-08-08,3.1172 
2008-08-11,2.7400 
2008-08-12,2.7188 
2008-08-13,2.6757 
2008-08-14,2.6027 
2008-08-15,2.5785 
2008-08-18,2.5939 
2008-08-19,2.6189 
2008-08-20,2.5916 
2008-08-21,2.5557 
2008-08-22,2.5385 
2008-08-25,2.5517 
2008-08-26,2.5291 
2008-08-27,2.5275 
2008-08-28,2.5291 
2008-08-29,2.5467 
2008-09-01,2.5334 
2008-09-02,2.5937 
2008-09-03,2.5566 
2008-09-04,2.5798 
2008-09-05,2.5459 
2008-09-08,2.5042 
2008-09-09,2.4929 
2008-09-10,2.4853 
2008-09-11,2.5419 
2008-09-12,2.4875 
2008-09-16,2.4785 
2008-09-17,2.4550 
2008-09-18,2.5420 
2008-09-19,2.6656 
2008-09-22,2.6825 
2008-09-23,2.7922 
2008-09-24,2.7745 
2008-09-25,2.6895 
2008-09-26,2.7312 
2008-09-27,2.7143 
2008-09-28,2.6970 
2008-10-06,2.8004 
2008-10-07,2.8040 
2008-10-08,2.7668 
2008-10-09,2.5470 
2008-10-10,2.4107 
2008-10-13,2.5366 
2008-10-14,2.5399 
2008-10-15,2.5142 
2008-10-16,2.4060 
2008-10-17,2.4835 
2008-10-20,2.4877 
2008-10-21,2.5100 
2008-10-22,2.5221 
2008-10-23,2.4966 
2008-10-24,1.9799 
2008-10-27,2.2195 
2008-10-28,2.0473 
2008-10-29,2.2610 
2008-10-30,1.9555 
2008-10-31,1.9092 
2008-11-03,2.3254 
2008-11-04,1.9611 
2008-11-05,2.3083 
2008-11-06,2.2726 
2008-11-07,1.8051 
2008-11-10,1.6515 
2008-11-11,1.6431 
2008-11-12,1.6459 
2008-11-13,1.5744 
2008-11-14,1.5805 
2008-11-17,1.5469 
2008-11-18,1.5365 
2008-11-19,1.6693 
2008-11-20,1.6380 
2008-11-21,1.6715 
2008-11-24,1.6688 
2008-11-25,1.6874 
2008-11-26,1.6763 
2008-11-27,1.3532 
2008-11-28,1.3230 
2008-12-01,1.4966 
2008-12-02,1.3758 
2008-12-03,1.2582 
2008-12-04,1.3562 
2008-12-05,1.0293 
2008-12-08,1.1550 
2008-12-09,1.1062 
2008-12-10,1.0877 
2008-12-11,1.0554 
2008-12-12,1.0547 
2008-12-15,0.9320 
2008-12-16,0.8824 
2008-12-17,0.8979 
2008-12-18,0.8482 
2008-12-19,0.7365 
2008-12-22,0.7310 
2008-12-23,0.8568 
2008-12-24,0.9332 
2008-12-25,0.7686 
2008-12-26,0.7738 
2008-12-29,0.7744 
2008-12-30,0.7698 
2008-12-31,0.7930 
2009-01-04,0.7889 
2009-01-05,0.7875 
2009-01-06,0.7739 
2009-01-07,0.7735 
2009-01-08,0.7530 
2009-01-09,0.7407 
2009-01-12,0.7362 
2009-01-13,0.7244 
2009-01-14,0.7203 
2009-01-15,0.7184 
2009-01-16,0.7398 
2009-01-19,0.7682 
2009-01-20,0.7624 
2009-01-21,0.8101 
2009-01-22,0.8004 
2009-01-23,0.7872 
2009-01-24,0.7841 
2009-02-01,0.7713 
2009-02-02,0.7665 
2009-02-03,0.7814 
2009-02-04,0.7692 
2009-02-05,0.8146 
2009-02-06,0.7932 
2009-02-09,0.7806 
2009-02-10,0.7867 
2009-02-11,0.7926 
2009-02-12,0.8107 
2009-02-13,0.8030 
2009-02-16,0.7793 
2009-02-17,0.7865 
2009-02-18,0.7659 
2009-02-19,0.7794 
2009-02-20,0.7752 
2009-02-23,0.7822 
2009-02-24,0.7717 
2009-02-25,0.7663 
2009-02-26,0.7520 
2009-02-27,0.7571 
2009-03-02,0.7573 
2009-03-03,0.7514 
2009-03-04,0.7458 
2009-03-05,0.7357 
2009-03-06,0.7203 
2009-03-09,0.7163 
2009-03-10,0.7147 
2009-03-11,0.7154 
2009-03-12,0.7152 
2009-03-13,0.7153 
2009-03-16,0.7296 
2009-03-17,0.7248 
2009-03-18,0.7367 
2009-03-19,0.7162 
2009-03-20,0.7177 
2009-03-23,0.7192 
2009-03-24,0.7188 
2009-03-25,0.7186 
2009-03-26,0.7126 
2009-03-27,0.7124 
2009-03-30,0.7081 
2009-03-31,0.7275 
2009-04-01,0.7418 
2009-04-02,0.7295 
2009-04-03,0.7546 
2009-04-07,0.7666 
2009-04-08,0.7806 
2009-04-09,0.7609 
2009-04-10,0.7547 
2009-04-13,0.7668 
2009-04-14,0.7729 
2009-04-15,0.7444 
2009-04-16,0.7827 
2009-04-17,0.7735 
2009-04-20,0.7638 
2009-04-21,0.7467 
2009-04-22,0.7428 
2009-04-23,0.7388 
2009-04-24,0.8052 
2009-04-27,0.7563 
2009-04-28,0.7441 
2009-04-29,0.7428 
2009-04-30,0.7392 
2009-05-04,0.7431 
2009-05-05,0.7479 
2009-05-06,0.7485 
2009-05-07,0.7530 
2009-05-08,0.7530 
2009-05-11,0.7543 
2009-05-12,0.7686 
2009-05-13,0.7682 
2009-05-14,0.7692 
2009-05-15,0.7632 
2009-05-18,0.7622 
2009-05-19,0.7584 
2009-05-20,0.7578 
2009-05-21,0.7726 
2009-05-22,0.7401 
2009-05-25,0.7778 
2009-05-26,0.7693 
2009-05-27,0.7702 
2009-05-31,0.8043 
2009-06-01,0.7749 
2009-06-02,0.7874 
2009-06-03,0.7706 
2009-06-04,0.8026 
2009-06-05,0.7643 
2009-06-08,0.8230 
2009-06-09,0.8194 
2009-06-10,0.7684 
2009-06-11,0.8258 
2009-06-12,0.8307 
2009-06-15,0.8090 
2009-06-16,0.8096 
2009-06-17,0.8189 
2009-06-18,0.8284 
2009-06-19,0.8267 
2009-06-22,0.8395 
2009-06-23,0.8448 
2009-06-24,0.8453 
2009-06-25,0.8457 
2009-06-26,0.8570 
2009-06-29,0.8755 
2009-06-30,0.8757 
2009-07-01,0.8670 
2009-07-02,0.8543 
2009-07-03,0.8523 
2009-07-06,0.8353 
2009-07-07,0.8501 
2009-07-08,0.8774 
2009-07-09,0.9046 
2009-07-10,0.9637 
2009-07-13,0.9983 
2009-07-14,1.0022 
2009-07-15,1.0048 
2009-07-16,1.0784 
2009-07-17,1.1726 
2009-07-20,1.1741 
2009-07-21,1.2416 
2009-07-22,1.2465 
2009-07-23,1.2354 
2009-07-24,1.2215 
2009-07-27,1.2264 
2009-07-28,1.1981 
2009-07-29,1.1354 
2009-07-30,1.2152 
2009-07-31,1.1504 
2009-08-03,1.1587 
2009-08-04,1.1874 
2009-08-05,1.1770 
2009-08-06,1.1602 
2009-08-07,1.1588 
2009-08-10,1.1450 
2009-08-11,1.1241 
2009-08-12,1.0512 
2009-08-13,1.0528 
2009-08-14,1.0351 
2009-08-17,1.0426 
2009-08-18,1.0316 
2009-08-19,1.0176 
2009-08-20,1.0161 
2009-08-21,1.0133 
2009-08-24,1.0054 
2009-08-25,0.9811 
2009-08-26,0.9820 
2009-08-27,0.9875 
2009-08-28,0.9828 
2009-08-31,0.9831 
2009-09-01,0.9838 
2009-09-02,1.0191 
2009-09-03,1.0324 
2009-09-04,1.0110 
2009-09-07,1.0847 
2009-09-08,1.0940 
2009-09-09,1.0758 
2009-09-10,1.1081 
2009-09-11,1.0453 
2009-09-14,1.0196 
2009-09-15,1.0349 
2009-09-16,1.0662 
2009-09-17,1.0921 
2009-09-18,1.0909 
2009-09-21,1.1067 
2009-09-22,1.1119 
2009-09-23,1.1238 
2009-09-24,1.1273 
2009-09-25,1.1454 
2009-09-27,1.1556 
2009-09-28,1.1581 
2009-09-29,1.1435 
2009-09-30,1.1588 
2009-10-09,1.1728 
2009-10-10,1.1478 
2009-10-12,1.1455 
2009-10-13,1.1729 
2009-10-14,1.1746 
2009-10-15,1.1846 
2009-10-16,1.1700 
2009-10-19,1.2051 
2009-10-20,1.1738 
2009-10-21,1.1777 
2009-10-22,1.1868 
2009-10-23,1.1625 
2009-10-26,1.1028 
2009-10-27,1.0808 
2009-10-28,1.0945 
2009-10-29,1.0945 
2009-10-30,1.0652 
2009-11-02,1.0650 
2009-11-03,1.0714 
2009-11-04,1.0747 
2009-11-05,1.1117 
2009-11-06,1.0886 
2009-11-09,1.0816 
2009-11-10,1.0968 
2009-11-11,1.0966 
2009-11-12,1.1020 
2009-11-13,1.0912 
2009-11-16,1.0843 
2009-11-17,1.0722 
2009-11-18,1.0717 
2009-11-19,1.0681 
2009-11-20,1.0667 
2009-11-23,1.0649 
2009-11-24,1.0613 
2009-11-25,1.0622 
2009-11-26,1.0612 
2009-11-27,1.0657 
2009-11-30,1.0624 
2009-12-01,1.1001 
2009-12-02,1.0939 
2009-12-03,1.0885 
2009-12-04,1.0886 
2009-12-07,1.0788 
2009-12-08,1.0885 
2009-12-09,1.0838 
2009-12-10,1.0861 
2009-12-11,1.0993 
2009-12-14,1.1024 
2009-12-15,1.0698 
2009-12-16,1.0431 
2009-12-17,1.0502 
2009-12-18,1.0521 
2009-12-21,1.0591 
2009-12-22,1.0559 
2009-12-23,1.0529 
2009-12-24,1.0598 
2009-12-25,1.0609 
2009-12-28,1.0603 
2009-12-29,1.0526 
2009-12-30,1.0516 
2009-12-31,1.0457 
2010-01-04,1.0579 
2010-01-05,1.0402 
2010-01-06,1.0639 
2010-01-07,1.0340 
2010-01-08,1.0302 
2010-01-11,1.0278 
2010-01-12,1.0256 
2010-01-13,1.2086 
2010-01-14,1.0186 
2010-01-15,0.9990 
2010-01-18,0.9970 
2010-01-19,0.9965 
2010-01-20,0.9914 
2010-01-21,0.9927 
2010-01-22,0.9954 
2010-01-25,1.0643 
2010-01-26,1.0774 
2010-01-27,1.1466 
2010-01-28,1.1696 
2010-01-29,1.1965 
2010-02-01,1.1916 
2010-02-02,1.2069 
2010-02-03,1.2342 
2010-02-04,1.2486 
2010-02-05,1.2358 
2010-02-08,1.2467 
2010-02-09,1.2539 
2010-02-10,1.2952 
2010-02-11,1.3789 
2010-02-12,1.3318 
2010-02-20,1.3171 
2010-02-21,1.2612 
2010-02-22,1.2407 
2010-02-23,1.2510 
2010-02-24,1.2366 
2010-02-25,1.2382 
2010-02-26,1.2120 
2010-03-01,1.2110 
2010-03-02,1.2045 
2010-03-03,1.1838 
2010-03-04,1.1789 
2010-03-05,1.1699 
2010-03-08,1.1563 
2010-03-09,1.1611 
2010-03-10,1.1588 
2010-03-11,1.1588 
2010-03-12,1.1505 
2010-03-15,1.1571 
2010-03-16,1.1582 
2010-03-17,1.1554 
2010-03-18,1.1636 
2010-03-19,1.1585 
2010-03-22,1.1798 
2010-03-23,1.1877 
2010-03-24,1.1887 
2010-03-25,1.1927 
2010-03-26,1.1609 
2010-03-29,1.1328 
2010-03-30,1.1028 
2010-03-31,1.1315 
2010-04-01,1.1215 
2010-04-02,1.1137 
2010-04-06,1.1159 
2010-04-07,1.1196 
2010-04-08,1.1122 
2010-04-09,1.1293 
2010-04-12,1.1377 
2010-04-13,1.1455 
2010-04-14,1.1465 
2010-04-15,1.1459 
2010-04-16,1.1400 
2010-04-19,1.1328 
2010-04-20,1.1482 
2010-04-21,1.1500 
2010-04-22,1.1490 
2010-04-23,1.1688 
2010-04-26,1.1650 
2010-04-27,1.1885 
2010-04-28,1.1961 
2010-04-29,1.2043 
2010-04-30,1.2361 
2010-05-04,1.2104 
2010-05-05,1.2076 
2010-05-06,1.2049 
2010-05-07,1.2067 
2010-05-10,1.2533 
2010-05-11,1.2485 
2010-05-12,1.2472 
2010-05-13,1.2720 
2010-05-14,1.2801 
2010-05-17,1.3049 
2010-05-18,1.3087 
2010-05-19,1.3097 
2010-05-20,1.3359 
2010-05-21,1.4033 
2010-05-24,1.4735 
2010-05-25,1.5007 
2010-05-26,1.5970 
2010-05-27,1.6642 
2010-05-28,1.6210 
2010-05-31,1.6646 
2010-06-01,1.7549 
2010-06-02,1.7763 
2010-06-03,1.7573 
2010-06-04,1.6477 
2010-06-07,1.5489 
2010-06-08,1.5643 
2010-06-09,1.5849 
2010-06-10,1.6684 
2010-06-11,1.7320 
2010-06-12,1.8429 
2010-06-13,1.8305 
2010-06-17,1.8378 
2010-06-18,1.8792 
2010-06-21,1.9301 
2010-06-22,1.9503 
2010-06-23,1.9592 
2010-06-24,2.0061 
2010-06-25,1.9947 
2010-06-28,1.9922 
2010-06-29,2.0074 
2010-06-30,1.9735 
2010-07-01,1.9811 
2010-07-02,1.9688 
2010-07-05,1.9473 
2010-07-06,1.9504 
2010-07-07,1.9180 
2010-07-08,1.8095 
2010-07-09,1.6391 
2010-07-12,1.5293 
2010-07-13,1.4016 
2010-07-14,1.3056 
2010-07-15,1.2823 
2010-07-16,1.2709 
2010-07-19,1.2903 
2010-07-20,1.3298 
2010-07-21,1.3429 
2010-07-22,1.3283 
2010-07-23,1.3142 
2010-07-26,1.3578 
2010-07-27,1.3362 
2010-07-28,1.3358 
2010-07-29,1.3393 
2010-07-30,1.3497 
2010-08-02,1.3513 
2010-08-03,1.3483 
2010-08-04,1.3425 
2010-08-05,1.3436 
2010-08-06,1.3356 
2010-08-09,1.3310 
2010-08-10,1.3260 
2010-08-11,1.3239 
2010-08-12,1.3223 
2010-08-13,1.3025 
2010-08-16,1.2760 
2010-08-17,1.2760 
2010-08-18,1.2796 
2010-08-19,1.2844 
2010-08-20,1.2998 
2010-08-23,1.3030 
2010-08-24,1.3337 
2010-08-25,1.3472 
2010-08-26,1.4171 
2010-08-27,1.4792 
2010-08-30,1.5110 
2010-08-31,1.5602 
2010-09-01,1.6026 
2010-09-02,1.5567 
2010-09-03,1.5591 
2010-09-06,1.5699 
2010-09-07,1.5219 
2010-09-08,1.4910 
2010-09-09,1.5074 
2010-09-10,1.4975 
2010-09-13,1.5121 
2010-09-14,1.5040 
2010-09-15,1.5294 
2010-09-16,1.5211 
2010-09-17,1.4743 
2010-09-19,1.4506 
2010-09-20,1.5305 
2010-09-21,1.6061 
2010-09-25,1.6532 
2010-09-26,1.6101 
2010-09-27,1.5907 
2010-09-28,1.6522 
2010-09-29,1.6443 
2010-09-30,1.6681 
2010-10-08,1.6059 
2010-10-09,1.5945 
2010-10-11,1.5741 
2010-10-12,1.5541 
2010-10-13,1.5263 
2010-10-14,1.5038 
2010-10-15,1.4584 
2010-10-18,1.4566 
2010-10-19,1.4505 
2010-10-20,1.5363 
2010-10-21,1.5128 
2010-10-22,1.4966 
2010-10-25,1.4802 
2010-10-26,1.4767 
2010-10-27,1.4828 
2010-10-28,1.4916 
2010-10-29,1.5253 
2010-11-01,1.5250 
2010-11-02,1.5440 
2010-11-03,1.5406 
2010-11-04,1.5342 
2010-11-05,1.5290 
2010-11-08,1.4724 
2010-11-09,1.4651 
2010-11-10,1.4535 
2010-11-11,1.4574 
2010-11-12,1.4611 
2010-11-15,1.4997 
2010-11-16,1.5589 
2010-11-17,1.5828 
2010-11-18,1.6656 
2010-11-19,1.7006 
2010-11-22,1.8167 
2010-11-23,1.9356 
2010-11-24,1.9847 
2010-11-25,2.0224 
2010-11-26,2.0570 
2010-11-29,2.1400 
2010-11-30,2.2829 
2010-12-01,2.3415 
2010-12-02,2.2682 
2010-12-03,2.1730 
2010-12-06,2.0620 
2010-12-07,2.0789 
2010-12-08,2.1476 
2010-12-09,2.1581 
2010-12-10,2.2215 
2010-12-13,2.2567 
2010-12-14,2.2732 
2010-12-15,2.3542 
2010-12-16,2.3464 
2010-12-17,2.3568 
2010-12-20,2.4053 
2010-12-21,2.5173 
2010-12-22,2.6376 
2010-12-23,3.0513 
2010-12-24,3.3931 
2010-12-27,3.4538 
2010-12-28,3.5404 
2010-12-29,3.5479 
2010-12-30,3.5682 
2010-12-31,3.2885 
2011-01-04,2.7181 
2011-01-05,2.4791 
2011-01-06,2.3000 
2011-01-07,2.2689 
2011-01-10,2.2408 
2011-01-11,2.2273 
2011-01-12,2.2241 
2011-01-13,2.1799 
2011-01-14,2.1629 
2011-01-17,2.2102 
2011-01-18,2.2383 
2011-01-19,2.6634 
2011-01-20,3.0487 
2011-01-21,3.1732 
2011-01-24,3.1120 
2011-01-25,3.7368 
2011-01-26,3.9308 
2011-01-27,4.0455 
2011-01-28,4.0204 
2011-01-30,4.1261 
2011-01-31,3.4290 
2011-02-01,2.8007 
2011-02-09,3.0199 
2011-02-10,2.6526 
2011-02-11,2.6273 
2011-02-12,2.5118 
2011-02-14,2.3238 
2011-02-15,2.3132 
2011-02-16,2.3395 
2011-02-17,2.2494 
2011-02-18,2.2096 
2011-02-21,2.3779 
2011-02-22,2.2895 
2011-02-23,2.1604 
2011-02-24,2.2488 
2011-02-25,2.3808 
2011-02-28,2.2721 
2011-03-01,2.0676 
2011-03-02,1.9964 
2011-03-03,1.9866 
2011-03-04,1.9220 
2011-03-07,1.8424 
2011-03-08,1.7588 
2011-03-09,1.8003 
2011-03-10,1.7971 
2011-03-11,1.7776 
2011-03-14,1.7260 
2011-03-15,1.7600 
2011-03-16,1.7954 
2011-03-17,1.8023 
2011-03-18,1.7944 
2011-03-21,1.9913 
2011-03-22,2.0077 
2011-03-23,1.9852 
2011-03-24,1.9839 
2011-03-25,1.9229 
2011-03-28,1.8346 
2011-03-29,1.8394 
2011-03-30,1.8471 
2011-03-31,1.8456 
2011-04-01,1.8353 
2011-04-02,1.8400 
2011-04-06,1.8941 
2011-04-07,1.9098 
2011-04-08,1.8999 
2011-04-11,1.9382 
2011-04-12,1.9363 
2011-04-13,1.9295 
2011-04-14,1.9077 
2011-04-15,1.8759 
2011-04-18,1.8790 
2011-04-19,1.8455 
2011-04-20,1.8183 
2011-04-21,2.3283 
2011-04-22,2.2721 
2011-04-25,2.2541 
2011-04-26,2.2682 
2011-04-27,2.0632 
2011-04-28,2.0610 
2011-04-29,2.2494 
2011-05-03,2.2359 
2011-05-04,2.2237 
2011-05-05,2.0301 
2011-05-06,2.0321 
2011-05-09,2.0957 
2011-05-10,2.0933 
2011-05-11,2.1230 
2011-05-12,2.1065 
2011-05-13,2.1455 
2011-05-16,2.1781 
2011-05-17,2.1911 
2011-05-18,2.6327 
2011-05-19,2.6929 
2011-05-20,2.7776 
2011-05-23,2.8262 
2011-05-24,3.0098 
2011-05-25,3.1589 
2011-05-26,3.1009 
2011-05-27,2.5380 
2011-05-30,2.5058 
2011-05-31,2.7829 
2011-06-01,2.6229 
2011-06-02,2.6012 
2011-06-03,2.4963 
2011-06-07,2.7160 
2011-06-08,2.8652 
2011-06-09,2.8916 
2011-06-10,2.9160 
2011-06-13,2.9135 
2011-06-14,2.9111 
2011-06-15,3.2518 
2011-06-16,3.3437 
2011-06-17,3.3957 
2011-06-20,3.9850 
2011-06-21,4.0500 
2011-06-22,4.2704 
2011-06-23,4.2858 
2011-06-24,4.0949 
2011-06-27,3.6397 
2011-06-28,3.1685 
2011-06-29,3.1746 
2011-06-30,3.1272 
2011-07-01,3.0298 
2011-07-04,2.8695 
2011-07-05,3.1391 
2011-07-06,3.0324 
2011-07-07,2.9852 
2011-07-08,2.9554 
2011-07-11,2.8568 
2011-07-12,2.6083 
2011-07-13,2.8069 
2011-07-14,3.2903 
2011-07-15,3.0439 
2011-07-18,2.8929 
2011-07-19,3.3000 
2011-07-20,3.5445 
2011-07-21,3.7876 
2011-07-22,3.7218 
2011-07-25,3.6714 
2011-07-26,3.4478 
2011-07-27,3.2560 
2011-07-28,2.9621 
2011-07-29,2.8630 
2011-08-01,2.6818 
2011-08-02,2.5447 
2011-08-03,2.5465 
2011-08-04,2.5706 
2011-08-05,2.5504 
2011-08-08,2.5002 
2011-08-09,2.4940 
2011-08-10,2.5816 
2011-08-11,2.4565 
2011-08-12,2.4672 
2011-08-15,2.4454 
2011-08-16,2.5433 
2011-08-17,2.5314 
2011-08-18,2.7821 
2011-08-19,2.9070 
2011-08-22,3.0827 
2011-08-23,3.1762 
2011-08-24,2.9688 
2011-08-25,2.7491 
2011-08-26,2.6959 
2011-08-29,2.7231 
2011-08-30,2.9098 
2011-08-31,2.8843 
2011-09-01,2.9172 
2011-09-02,2.9434 
2011-09-05,3.1486 
2011-09-06,2.7627 
2011-09-07,2.8557 
2011-09-08,2.8376 
2011-09-09,2.8076 
2011-09-13,2.7374 
2011-09-14,2.6430 
2011-09-15,2.7495 
2011-09-16,2.7521 
2011-09-19,2.9195 
2011-09-20,3.0907 
2011-09-21,3.0635 
2011-09-22,2.9424 
2011-09-23,2.8069 
2011-09-26,2.6920 
2011-09-27,3.1975 
2011-09-28,3.1657 
2011-09-29,3.0975 
2011-09-30,3.2575 
2011-10-08,3.2582 
2011-10-09,3.1016 
2011-10-10,2.8853 
2011-10-11,2.7784 
2011-10-12,2.7478 
2011-10-13,2.6868 
2011-10-14,2.6536 
2011-10-17,2.6522 
2011-10-18,2.6427 
2011-10-19,2.6302 
2011-10-20,2.7130 
2011-10-21,2.7079 
2011-10-24,2.7718 
2011-10-25,2.8858 
2011-10-26,3.0442 
2011-10-27,3.0899 
2011-10-28,3.2566 
2011-10-31,3.1895 
2011-11-01,2.8882 
2011-11-02,2.7669 
2011-11-03,2.7606 
2011-11-04,2.7459 
2011-11-07,2.7435 
2011-11-08,2.6568 
2011-11-09,2.5082 
2011-11-10,2.4904 
2011-11-11,2.3914 
2011-11-14,2.3675 
2011-11-15,2.3896 
2011-11-16,2.3896 
2011-11-17,2.4991 
2011-11-18,2.5593 
2011-11-21,2.5997 
2011-11-22,2.7107 
2011-11-23,2.7625 
2011-11-24,2.7495 
2011-11-25,2.8085 
2011-11-28,2.6868 
2011-11-29,2.5599 
2011-11-30,2.5867 
2011-12-01,2.3024 
2011-12-02,2.3047 
2011-12-05,2.2331 
2011-12-06,2.2701 
2011-12-07,2.2898 
2011-12-08,2.2847 
2011-12-09,2.3011 
2011-12-12,2.3240 
2011-12-13,2.3184 
2011-12-14,2.4439 
2011-12-15,2.3369 
2011-12-16,2.2786 
2011-12-19,2.2716 
2011-12-20,2.2759 
2011-12-21,2.3101 
2011-12-22,2.3504 
2011-12-23,2.3593 
2011-12-26,2.3815 
2011-12-27,2.4253 
2011-12-28,2.5537 
2011-12-29,2.5526 
2011-12-30,2.5538 
2011-12-31,2.7738 
2012-01-04,2.5666 
2012-01-05,2.7884 
2012-01-06,2.7796 
2012-01-09,2.7838 
2012-01-10,2.6410 
2012-01-11,2.4776 
2012-01-12,2.5716 
2012-01-13,2.7265 
2012-01-16,2.9102 
2012-01-17,3.5272 
2012-01-18,3.8772 
2012-01-19,3.1918 
2012-01-20,2.5540 
2012-01-21,2.5479 
2012-01-29,2.5519 
2012-01-30,2.4472 
2012-01-31,2.4828 
2012-02-01,2.5161 
2012-02-02,2.5470 
2012-02-03,2.5260 
2012-02-06,2.3631 
2012-02-07,2.3640 
2012-02-08,2.4174 
2012-02-09,2.4187 
2012-02-10,2.4517 
2012-02-13,2.4452 
2012-02-14,2.5928 
2012-02-15,2.6207 
2012-02-16,2.8540 
2012-02-17,3.0912 
2012-02-20,3.0658 
2012-02-21,3.0911 
2012-02-22,2.9492 
2012-02-23,2.9978 
2012-02-24,2.9293 
2012-02-27,2.5571 
2012-02-28,2.4148 
2012-02-29,2.3873 
2012-03-01,2.3581 
2012-03-02,2.3817 
2012-03-05,2.3906 
2012-03-06,2.3527 
2012-03-07,2.3225 
2012-03-08,2.2893 
2012-03-09,2.2810 
2012-03-12,2.2712 
2012-03-13,2.3001 
2012-03-14,2.2987 
2012-03-15,2.3476 
2012-03-16,2.3811 
2012-03-19,2.3853 
2012-03-20,2.4198 
2012-03-21,2.4355 
2012-03-22,2.4926 
2012-03-23,2.4987 
2012-03-26,2.4837 
2012-03-27,2.4293 
2012-03-28,2.4673 
2012-03-29,2.4256 
2012-03-30,2.4375 
2012-03-31,2.4362 
2012-04-01,2.4237 
2012-04-05,2.5693 
2012-04-06,2.6591 
2012-04-09,2.5361 
2012-04-10,2.5570 
2012-04-11,2.5584 
2012-04-12,2.5782 
2012-04-13,2.6724 
2012-04-16,2.6306 
2012-04-17,2.5203 
2012-04-18,2.5141 
2012-04-19,2.5857 
2012-04-20,2.6669 
2012-04-23,2.6352 
2012-04-24,2.5731 
2012-04-25,2.6958 
2012-04-26,2.6603 
2012-04-27,2.6043 
2012-04-28,2.3968 
2012-05-02,2.3980 
2012-05-03,2.4112 
2012-05-04,2.4115 
2012-05-07,2.3874 
2012-05-08,2.1811 
2012-05-09,2.1460 
2012-05-10,2.1666 
2012-05-11,2.1862 
2012-05-14,1.8716 
2012-05-15,1.8821 
2012-05-16,1.9001 
2012-05-17,1.8699 
2012-05-18,1.8405 
2012-05-21,1.7404 
2012-05-22,1.7361 
2012-05-23,1.7849 
2012-05-24,1.7762 
2012-05-25,1.7183 
2012-05-28,1.7471 
2012-05-29,1.7467 
2012-05-30,1.7697 
2012-05-31,1.7208 
2012-06-01,1.7206 
2012-06-04,1.7240 
2012-06-05,1.7744 
2012-06-06,1.8494 
2012-06-07,1.9282 
2012-06-08,1.8316 
2012-06-11,1.8217 
2012-06-12,1.8425 
2012-06-13,1.8972 
2012-06-14,1.9203 
2012-06-15,1.9211 
2012-06-18,1.9093 
2012-06-19,1.9860 
2012-06-20,2.1437 
2012-06-21,2.2632 
2012-06-25,2.2864 
2012-06-26,2.3841 
2012-06-27,2.2179 
2012-06-28,2.2267 
2012-06-29,2.2611 
2012-07-02,2.2596 
2012-07-03,2.1203 
2012-07-04,1.8189 
2012-07-05,1.7957 
2012-07-06,1.6724 
2012-07-09,1.6563 
2012-07-10,1.6224 
2012-07-11,1.5724 
2012-07-12,1.5818 
2012-07-13,1.6212 
2012-07-16,1.5999 
2012-07-17,1.6968 
2012-07-18,1.8839 
2012-07-19,1.9349 
2012-07-20,2.0756 
2012-07-23,2.1383 
2012-07-24,1.9694 
2012-07-25,1.8310 
2012-07-26,1.8103 
2012-07-27,1.8125 
2012-07-30,1.8083 
2012-07-31,1.8501 
2012-08-01,1.8894 
2012-08-02,1.8966 
2012-08-03,1.8841 
2012-08-06,1.9044 
2012-08-07,1.9461 
2012-08-08,1.9643 
2012-08-09,1.9927 
2012-08-10,2.0242 
2012-08-13,1.9131 
2012-08-14,1.9856 
2012-08-15,2.1759 
2012-08-16,2.1858 
2012-08-17,2.2537 
2012-08-20,2.3848 
2012-08-21,2.5084 
2012-08-22,2.3557 
2012-08-23,2.3394 
2012-08-24,2.1900 
2012-08-27,2.1900 
2012-08-28,2.1858 
2012-08-29,2.1545 
2012-08-30,2.0623 
2012-08-31,1.9244 
2012-09-03,1.8846 
2012-09-04,1.8534 
2012-09-05,1.9249 
2012-09-06,1.9241 
2012-09-07,1.9230 
2012-09-10,2.0117 
2012-09-11,2.0802 
2012-09-12,2.0829 
2012-09-13,2.1344 
2012-09-14,2.2053 
2012-09-17,2.2249 
2012-09-18,2.2867 
2012-09-19,2.5341 
2012-09-20,2.7491 
2012-09-21,2.8771 
2012-09-24,2.9539 
2012-09-25,2.9967 
2012-09-26,2.3848 
2012-09-27,2.3988 
2012-09-28,2.2768 
2012-09-29,2.6059 
2012-10-08,2.7798 
2012-10-09,2.6165 
2012-10-10,2.3262 
2012-10-11,2.1734 
2012-10-12,2.1578 
2012-10-15,1.9590 
2012-10-16,2.0511 
2012-10-17,2.0984 
2012-10-18,2.0800 
2012-10-19,2.0354 
2012-10-22,2.0938 
2012-10-23,2.1077 
2012-10-24,2.3364 
2012-10-25,2.3256 
2012-10-26,2.6663 
2012-10-29,2.9471 
2012-10-30,2.5202 
2012-10-31,2.4082 
2012-11-01,2.5115 
2012-11-02,2.4939 
2012-11-05,2.5307 
2012-11-06,2.4608 
2012-11-07,2.5229 
2012-11-08,2.5424 
2012-11-09,2.5874 
2012-11-12,2.5836 
2012-11-13,2.5049 
2012-11-14,2.4731 
2012-11-15,2.4911 
2012-11-16,2.4961 
2012-11-19,2.4751 
2012-11-20,2.4798 
2012-11-21,2.5198 
2012-11-22,2.5282 
2012-11-23,2.5261 
2012-11-26,2.4403 
2012-11-27,2.4502 
2012-11-28,2.3785 
2012-11-29,2.3622 
2012-11-30,2.3153 
2012-12-03,2.2929 
2012-12-04,2.3024 
2012-12-05,2.3480 
2012-12-06,2.3780 
2012-12-07,2.4103 
2012-12-10,2.4174 
2012-12-11,2.4635 
2012-12-12,2.4607 
2012-12-13,2.4489 
2012-12-14,2.3697 
2012-12-17,2.4122 
2012-12-18,2.4282 
2012-12-19,2.4213 
2012-12-20,2.5440 
2012-12-21,2.5056 
2012-12-24,2.5099 
2012-12-25,2.6222 
2012-12-26,2.6456 
2012-12-27,2.4146 
2012-12-28,2.4020 
2012-12-31,3.0822 
2013-01-04,2.5113 
2013-01-05,2.3981 
2013-01-06,2.3501 
2013-01-07,2.3316 
2013-01-08,2.3089 
2013-01-09,2.2953 
2013-01-10,2.2941 
2013-01-11,2.3024 
2013-01-14,2.2235 
2013-01-15,2.2411 
2013-01-16,2.1886 
2013-01-17,2.1617 
2013-01-18,2.0572 
2013-01-21,2.0480 
2013-01-22,2.0453 
2013-01-23,2.0419 
2013-01-24,2.0962 
2013-01-25,2.1378 
2013-01-28,2.0536 
2013-01-29,2.0833 
2013-01-30,2.0649 
2013-01-31,2.1806 
2013-02-01,2.3118 
2013-02-04,2.3892 
2013-02-05,2.5642 
2013-02-06,2.7185 
2013-02-07,2.7388 
2013-02-08,2.3415 
2013-02-16,2.0178 
2013-02-17,1.9076 
2013-02-18,1.9405 
2013-02-19,1.9530 
2013-02-20,1.9836 
2013-02-21,2.0464 
2013-02-22,2.0589 
2013-02-25,2.1712 
2013-02-26,2.7343 
2013-02-27,2.8242 
2013-02-28,2.8948 
2013-03-01,2.9449 
2013-03-04,2.6009 
2013-03-05,2.4613 
2013-03-06,2.4009 
2013-03-07,2.2670 
2013-03-08,2.2465 
2013-03-11,2.1724 
2013-03-12,2.1240 
2013-03-13,2.1164 
2013-03-14,2.1138 
2013-03-15,2.1266 
2013-03-18,2.3125 
2013-03-19,2.2103 
2013-03-20,2.1181 
2013-03-21,2.0807 
2013-03-22,2.0187 
2013-03-25,1.9922 
2013-03-26,2.0580 
2013-03-27,2.0928 
2013-03-28,2.1184 
2013-03-29,2.4849 
2013-04-01,2.2080 
2013-04-02,2.2207 
2013-04-03,2.2489 
2013-04-07,2.1971 
2013-04-08,2.2427 
2013-04-09,2.2313 
2013-04-10,2.2233 
2013-04-11,2.1917 
2013-04-12,2.1681 
2013-04-15,2.1783 
2013-04-16,2.1185 
2013-04-17,2.1139 
2013-04-18,2.1979 
2013-04-19,2.3271 
2013-04-22,2.3740 
2013-04-23,2.5294 
2013-04-24,2.6901 
2013-04-25,2.8139 
2013-04-26,2.8534 
2013-04-27,2.8100 
2013-04-28,2.7500 
2013-05-02,2.6080 
2013-05-03,2.5417 
2013-05-06,2.5417 
2013-05-07,2.5587 
2013-05-08,2.5652 
2013-05-09,2.5812 
2013-05-10,2.5827 
2013-05-13,2.6267 
2013-05-14,2.6187 
2013-05-15,2.5617 
2013-05-16,2.7087 
2013-05-17,3.0088 
2013-05-20,3.4588 
2013-05-21,3.4538 
2013-05-22,3.3978 
2013-05-23,3.3768 
2013-05-24,3.3368 
2013-05-27,3.1328 
2013-05-28,3.0875 
2013-05-29,2.8218 
2013-05-30,2.8918 
2013-05-31,3.1578 
2013-06-03,3.3590 
2013-06-04,3.3326 
2013-06-05,3.4776 
2013-06-06,3.7637 
2013-06-07,4.8152 
2013-06-08,4.8197 
2013-06-09,4.4084 
2013-06-13,4.2494 
2013-06-14,4.2090 
2013-06-17,4.3589 
2013-06-18,4.4545 
2013-06-19,4.8915 
2013-06-20,6.5750 
2013-06-21,6.4661 
2013-06-24,5.6231 
2013-06-25,5.1389 
2013-06-26,4.8537 
2013-06-27,4.6927 
2013-06-28,4.5450 
2013-07-01,4.3250 
2013-07-02,3.9396 
2013-07-03,3.7669 
2013-07-04,3.6645 
2013-07-05,3.4312 
2013-07-08,3.3144 
2013-07-09,3.3787 
2013-07-10,3.4576 
2013-07-11,3.4786 
2013-07-12,3.4962 
2013-07-15,3.5134 
2013-07-16,3.4421 
2013-07-17,3.4870 
2013-07-18,3.4649 
2013-07-19,3.5239 
2013-07-22,3.5924 
2013-07-23,3.6124 
2013-07-24,3.7124 
2013-07-25,3.6824 
2013-07-26,3.5920 
2013-07-29,3.6220 
2013-07-30,3.5620 
2013-07-31,3.5420 
2013-08-01,3.5020 
2013-08-02,3.3920 
2013-08-05,3.4312 
2013-08-06,3.5230 
2013-08-07,3.5025 
2013-08-08,3.5175 
2013-08-09,3.3975 
2013-08-12,3.3975 
2013-08-13,3.3775 
2013-08-14,3.3765 
2013-08-15,3.4221 
2013-08-16,3.4677 
2013-08-19,3.6502 
2013-08-20,3.9432 
2013-08-21,3.8052 
2013-08-22,3.7832 
2013-08-23,3.7332 
2013-08-26,3.7242 
2013-08-27,3.6912 
2013-08-28,3.6462 
2013-08-29,3.6202 
2013-08-30,3.6222 
2013-09-02,3.4172 
2013-09-03,3.3402 
2013-09-04,3.3982 
2013-09-05,3.3912 
2013-09-06,3.3941 
2013-09-09,3.5081 
2013-09-10,3.7721 
2013-09-11,4.0481 
2013-09-12,4.1661 
2013-09-13,4.2208 
2013-09-16,4.1708 
2013-09-17,4.1708 
2013-09-18,4.1408 
2013-09-22,4.1408 
2013-09-23,4.1968 
2013-09-24,4.3017 
2013-09-25,4.2488 
2013-09-26,4.0278 
2013-09-27,4.0028 
2013-09-29,3.9728 
2013-09-30,3.9428 
2013-10-08,3.8208 
2013-10-09,3.8558 
2013-10-10,3.8558 
2013-10-11,3.8558 
2013-10-12,3.7608 
2013-10-14,3.8058 
2013-10-15,3.7988 
2013-10-16,3.7918 
2013-10-17,3.7848 
2013-10-18,3.6984 
2013-10-21,3.6388 
2013-10-22,3.6188 
2013-10-23,3.5988 
2013-10-24,4.1848 
2013-10-25,4.1848 
2013-10-28,4.1848 
2013-10-29,4.1340 
2013-10-30,4.0834 
2013-10-31,3.9710 
2013-11-01,3.8894 
2013-11-04,3.5324 
2013-11-05,3.5824 
2013-11-06,3.6835 
2013-11-07,3.7885 
2013-11-08,3.8915 
2013-11-11,4.0835 
2013-11-12,3.9372 
2013-11-13,3.9872 
2013-11-14,4.0612 
2013-11-15,4.6852 
2013-11-18,5.1412 
2013-11-19,4.8572 
2013-11-20,4.9152 
2013-11-21,4.9210 
2013-11-22,4.8710 
2013-11-25,4.8910 
2013-11-26,4.9110 
2013-11-27,4.8610 
2013-11-28,4.8610 
2013-11-29,4.7710 
2013-12-02,4.6948 
2013-12-03,4.6948 
2013-12-04,4.6498 
2013-12-05,4.5355 
2013-12-06,4.4920 
2013-12-09,4.5350 
2013-12-10,4.5574 
2013-12-11,4.5517 
2013-12-12,4.6017 
2013-12-13,4.5714 
2013-12-16,4.6502 
2013-12-17,4.7802 
2013-12-18,5.1202 
2013-12-19,5.2702 
2013-12-20,5.2702 
2013-12-23,5.3962 
2013-12-24,5.1707 
2013-12-25,5.0747 
2013-12-26,5.0547 
2013-12-27,4.9547 
2013-12-30,4.9547 
2013-12-31,4.7457 
2014-01-02,4.8457 
2014-01-03,5.1367 
2014-01-06,5.4107 
2014-01-07,5.2607 
2014-01-08,4.9857 
2014-01-09,5.3177 
2014-01-10,4.9982 
2014-01-13,4.9482 
2014-01-14,4.9530 
2014-01-15,4.9530 
2014-01-16,4.9040 
2014-01-17,5.1750 
2014-01-20,5.3830 
2014-01-21,5.3380 
2014-01-22,4.8610 
2014-01-23,4.7190 
2014-01-24,4.7190 
2014-01-26,4.8970 
2014-01-27,4.7320 
2014-01-28,5.0350 
2014-01-29,4.8940 
2014-01-30,3.9885 
2014-02-07,3.9680 
2014-02-08,4.2290 
2014-02-10,4.2170 
2014-02-11,4.1260 
2014-02-12,4.0180 
2014-02-13,3.9970 
2014-02-14,3.8610 
2014-02-17,3.8330 
2014-02-18,3.7665 
2014-02-19,3.7622 
2014-02-20,3.5880 
2014-02-21,3.5440 
2014-02-24,3.3360 
2014-02-25,3.3160 
2014-02-26,3.2475 
2014-02-27,3.1720 
2014-02-28,3.1200 
2014-03-03,3.1260 
2014-03-04,3.1930 
2014-03-05,3.2261 
2014-03-06,3.2261 
2014-03-07,3.1531 
2014-03-10,3.1131 
2014-03-11,3.0810 
2014-03-12,2.9110 
2014-03-13,2.9610 
2014-03-14,3.0110 
2014-03-17,2.8406 
2014-03-18,2.8448 
2014-03-19,3.0757 
2014-03-20,3.1827 
2014-03-21,3.2087 
2014-03-24,3.3352 
2014-03-25,3.4737 
2014-03-26,3.3287 
2014-03-27,3.4317 
2014-03-28,3.2627 
2014-03-31,3.1107 
2014-04-01,3.0937 
2014-04-02,3.0937 
2014-04-03,3.0937 
2014-04-04,3.0907 
2014-04-08,2.9307 
2014-04-09,2.8947 
2014-04-10,2.8687 
2014-04-11,2.9367 
2014-04-14,2.9153 
2014-04-15,2.8523 
2014-04-16,2.8486 
2014-04-17,2.8236 
2014-04-18,2.7247 
2014-04-21,2.5617 
2014-04-22,2.6027 
2014-04-23,2.7458 
2014-04-24,3.1147 
2014-04-25,3.0807 
2014-04-28,3.3947 
2014-04-29,3.3665 
2014-04-30,3.3275 
2014-05-04,3.2235 
2014-05-05,3.0025 
2014-05-06,2.8855 
2014-05-07,2.8265 
2014-05-08,2.7345 
2014-05-09,2.7175 
2014-05-12,2.6045 
2014-05-13,2.5615 
2014-05-14,2.5120 
2014-05-15,2.5955 
2014-05-16,2.6345 
2014-05-19,2.6805 
2014-05-20,3.0395 
2014-05-21,3.0445 
2014-05-22,3.0475 
2014-05-23,2.9130 
2014-05-26,2.8838 
2014-05-27,2.7820 
2014-05-28,2.7235 
2014-05-29,2.6605 
2014-05-30,2.6445 
2014-06-03,2.4995 
2014-06-04,2.7145 
2014-06-05,2.7452 
2014-06-06,2.8122 
2014-06-09,2.9392 
2014-06-10,2.9392 
2014-06-11,2.9412 
2014-06-12,3.0002 
2014-06-13,2.9352 
2014-06-16,2.9292 
2014-06-17,2.8122 
2014-06-18,3.0123 
2014-06-19,3.2733 
2014-06-20,3.5453 
2014-06-23,3.6363 
2014-06-24,3.7483 
2014-06-25,3.6223 
2014-06-26,3.4153 
2014-06-27,3.3923 
2014-06-30,3.3843 
2014-07-01,3.3813 
2014-07-02,3.2713 
2014-07-03,2.8123 
2014-07-04,2.7433 
2014-07-07,2.7273 
2014-07-08,2.7263 
2014-07-09,2.7803 
2014-07-10,2.8348 
2014-07-11,2.9233 
2014-07-14,2.9933 
2014-07-15,3.0673 
2014-07-16,3.1423 
2014-07-17,3.2383 
2014-07-18,3.3803 
2014-07-21,3.6803 
2014-07-22,3.7653 
2014-07-23,3.7913 
2014-07-24,3.6683 
2014-07-25,3.4103 
2014-07-28,3.3125 
2014-07-29,3.3151 
2014-07-30,3.4181 
2014-07-31,3.4741 
2014-08-01,3.4841 
2014-08-04,3.4291 
2014-08-05,3.3801 
2014-08-06,3.3781 
2014-08-07,3.3851 
2014-08-08,3.3251 
2014-08-11,3.3901 
2014-08-12,3.3781 
2014-08-13,3.4441 
2014-08-14,3.4571 
2014-08-15,3.3981 
2014-08-18,3.5041 
2014-08-19,3.5571 
2014-08-20,3.4801 
2014-08-21,3.4321 
2014-08-22,3.4389 
2014-08-25,3.4451 
2014-08-26,3.4661 
2014-08-27,3.4441 
2014-08-28,3.3991 
2014-08-29,3.3801 
2014-09-01,3.3231 
2014-09-02,3.3621 
2014-09-03,3.2991 
2014-09-04,3.2361 
2014-09-05,3.2311 
2014-09-09,3.2841 
2014-09-10,3.3141 
2014-09-11,3.3465 
2014-09-12,3.4289 
2014-09-15,3.4949 
2014-09-16,3.5009 
2014-09-17,3.4569 
2014-09-18,3.5769 
2014-09-19,3.5269 
2014-09-22,3.4912 
2014-09-23,3.4922 
2014-09-24,3.5442 
2014-09-25,3.5423 
2014-09-26,3.5563 
2014-09-28,3.5513 
2014-09-29,3.4964 
2014-09-30,3.4884 
2014-10-08,3.5316 
2014-10-09,3.5551 
2014-10-10,3.5816 
2014-10-11,3.6106 
2014-10-13,3.6626 
2014-10-14,3.5736 
2014-10-15,3.4764 
2014-10-16,3.4536 
2014-10-17,3.4446 
2014-10-20,3.4206 
2014-10-21,3.3702 
2014-10-22,3.3702 
2014-10-23,3.3503 
2014-10-24,3.3174 
2014-10-27,3.3170 
2014-10-28,3.3068 
2014-10-29,3.2668 
2014-10-30,3.2978 
2014-10-31,3.2958 
2014-11-03,3.2198 
2014-11-04,3.2018 
2014-11-05,3.1478 
2014-11-06,3.1618 
2014-11-07,3.1598 
2014-11-10,3.1818 
2014-11-11,3.1656 
2014-11-12,3.1208 
2014-11-13,3.0960 
2014-11-14,3.1210 
2014-11-17,3.1166 
2014-11-18,3.1056 
2014-11-19,3.1364 
2014-11-20,3.2574 
2014-11-21,3.2174 
2014-11-24,3.1724 
2014-11-25,3.2654 
2014-11-26,3.2244 
2014-11-27,3.2244 
2014-11-28,3.2245 
2014-12-01,3.2185 
2014-12-02,3.2155 
2014-12-03,3.1636 
2014-12-04,3.1281 
2014-12-05,3.1472 
2014-12-08,3.1736 
2014-12-09,3.3503 
2014-12-10,3.2479 
2014-12-11,3.2139 
2014-12-12,3.3266 
2014-12-15,3.3387 
2014-12-16,3.4392 
2014-12-17,3.6844 
2014-12-18,3.9110 
2014-12-19,3.8710 
2014-12-22,3.8510 
2014-12-23,3.8410 
2014-12-24,3.7827 
2014-12-25,3.7327 
2014-12-26,3.7327 
2014-12-29,3.6627 
2014-12-30,3.6327 
2014-12-31,3.5818 
2015-01-04,3.6228 
2015-01-05,3.3578 
2015-01-06,3.3584 
2015-01-07,3.4463 
2015-01-08,3.4963 
2015-01-09,3.5163 
2015-01-12,3.5173 
2015-01-13,3.5223 
2015-01-14,3.4191 
2015-01-15,3.4171 
2015-01-16,3.3431 
2015-01-19,3.2782 
2015-01-20,3.3347 
2015-01-21,3.3912 
2015-01-22,3.3572 
2015-01-23,3.3162 
2015-01-26,3.1752 
2015-01-27,3.1516 
2015-01-28,3.1578 
2015-01-29,3.1307 
2015-01-30,3.1850 
2015-02-02,3.2230 
2015-02-03,3.2417 
2015-02-04,3.3030 
2015-02-05,3.1512 
2015-02-06,3.1440 
2015-02-09,3.1440 
2015-02-10,3.1500 
2015-02-11,3.1630 
2015-02-12,3.1740 
2015-02-13,3.1247 
2015-02-15,3.1546 
2015-02-16,3.1646 
2015-02-17,3.1646 
2015-02-25,3.2132 
2015-02-26,3.2160 
2015-02-27,3.2571 
2015-02-28,3.2572 
2015-03-02,3.2429 
2015-03-03,3.2729 
2015-03-04,3.2719 
2015-03-05,3.2699 
2015-03-06,3.3138 
2015-03-09,3.4314 
2015-03-10,3.5314 
2015-03-11,3.5071 
2015-03-12,3.5571 
2015-03-13,3.5054 
2015-03-16,3.5709 
2015-03-17,3.5709 
2015-03-18,3.6236 
2015-03-19,3.5746 
2015-03-20,3.5077 
2015-03-23,3.5375 
2015-03-24,3.5735 
2015-03-25,3.5077 
2015-03-26,3.5800 
2015-03-27,3.5800 
2015-03-30,3.5470 
2015-03-31,3.5895 
2015-04-01,3.4495 
2015-04-02,3.3254 
2015-04-03,3.2960 
2015-04-07,3.2276 
2015-04-08,3.2404 
2015-04-09,3.1205 
2015-04-10,3.0890 
2015-04-13,3.0291 
2015-04-14,3.0291 
2015-04-15,3.0291 
2015-04-16,3.1136 
2015-04-17,3.0431 
2015-04-20,2.8934 
2015-04-21,2.7934 
2015-04-22,2.3366 
2015-04-23,2.3647 
2015-04-24,2.3822 
2015-04-27,2.3998 
2015-04-28,2.4174 
2015-04-29,2.4350 
2015-04-30,2.4358 
2015-05-04,2.3057 
2015-05-05,2.2775 
2015-05-06,2.2859 
2015-05-07,2.3886 
2015-05-08,2.4258 
2015-05-11,2.1972 
2015-05-12,2.1878 
2015-05-13,2.1378 
2015-05-14,2.0378 
2015-05-15,1.8878 
2015-05-18,1.8378 
2015-05-19,1.8885 
2015-05-20,1.9864 
2015-05-21,1.9712 
2015-05-22,2.0717 
2015-05-25,2.1031 
2015-05-26,1.9674 
2015-05-27,1.9174 
2015-05-28,1.9538 
2015-05-29,1.9017 
2015-06-01,1.9611 
2015-06-02,1.9622 
2015-06-03,1.9246 
2015-06-04,1.8290 
2015-06-05,1.8768 
2015-06-08,1.8190 
2015-06-09,1.7972 
2015-06-10,1.9172 
2015-06-11,1.7580 
2015-06-12,1.7611 
2015-06-15,1.7912 
2015-06-16,1.6832 
2015-06-17,1.6929 
2015-06-18,1.8224 
2015-06-19,2.0722 
2015-06-23,2.0422 
2015-06-24,2.3576 
2015-06-25,2.4715 
2015-06-26,2.4715 
2015-06-29,2.3215 
2015-06-30,1.9996 
2015-07-01,1.9996 
2015-07-02,2.0606 
2015-07-03,2.0206 
2015-07-06,1.9616 
2015-07-07,1.9276 
2015-07-08,1.8773 
2015-07-09,1.9456 
2015-07-10,2.0556 
2015-07-13,2.0610 
2015-07-14,2.0630 
2015-07-15,2.1042 
2015-07-16,2.1483 
2015-07-17,2.1016 
2015-07-20,2.0548 
2015-07-21,2.1556 
2015-07-22,2.0246 
2015-07-23,2.0506 
2015-07-24,1.9525 
2015-07-27,1.9230 
2015-07-28,2.0067 
2015-07-29,1.9367 
2015-07-30,1.8386 
2015-07-31,1.8022 
2015-08-03,1.7557 
2015-08-04,1.7557 
2015-08-05,1.7689 
2015-08-06,1.7968 
2015-08-07,1.8909 
2015-08-10,1.9796 
2015-08-11,1.9731 
2015-08-12,1.9578 
2015-08-13,1.9778 
2015-08-14,2.0200 
2015-08-17,2.0894 
2015-08-18,2.0545 
2015-08-19,2.1618 
2015-08-20,2.2005 
2015-08-21,2.2305 
2015-08-24,2.2515 
2015-08-25,2.1335 
2015-08-26,2.1339 
2015-08-27,2.1409 
2015-08-28,2.1819 
2015-08-31,2.5413 
2015-09-01,2.3569 
2015-09-02,2.3679 
2015-09-06,2.3569 
2015-09-07,2.2957 
2015-09-08,2.1554 
2015-09-09,2.0646 
2015-09-10,2.1046 
2015-09-11,2.1016 
2015-09-14,2.0837 
2015-09-15,2.1370 
2015-09-16,2.1870 
2015-09-17,2.1669 
2015-09-18,2.1269 
2015-09-21,2.2301 
2015-09-22,2.2801 
2015-09-23,2.2065 
2015-09-24,2.2907 
2015-09-25,2.3407 
2015-09-28,2.2907 
2015-09-29,2.2537 
2015-09-30,2.2537 
2015-10-08,2.2547 
2015-10-09,2.2577 
2015-10-10,2.2577 
2015-10-12,2.2567 
2015-10-13,2.1932 
2015-10-14,2.1932 
2015-10-15,2.1932 
2015-10-16,2.1902 
2015-10-19,2.1912 
2015-10-20,2.1729 
2015-10-21,2.1729 
2015-10-22,2.2235 
2015-10-23,2.2285 
2015-10-26,2.2810 
2015-10-27,2.2941 
2015-10-28,2.2341 
2015-10-29,2.2423 
2015-10-30,2.2423 
2015-11-02,2.2423 
2015-11-03,2.2423 
2015-11-04,2.2508 
2015-11-05,2.2624 
2015-11-06,2.2857 
2015-11-09,2.3329 
2015-11-10,2.3334 
2015-11-11,2.3411 
2015-11-12,2.3629 
2015-11-13,2.3682 
2015-11-16,2.3682 
2015-11-17,2.3164 
2015-11-18,2.2664 
2015-11-19,2.2686 
2015-11-20,2.2686 
2015-11-23,2.2212 
2015-11-24,2.1912 
2015-11-25,2.1922 
2015-11-26,2.1645 
2015-11-27,2.1685 
2015-11-30,2.1745 
2015-12-01,2.1719 
2015-12-02,2.1552 
2015-12-03,2.2075 
2015-12-04,2.2075 
2015-12-07,2.2075 
2015-12-08,2.2075 
2015-12-09,2.2575 
2015-12-10,2.2585 
2015-12-11,2.2785 
2015-12-14,2.3638 
2015-12-15,2.3850 
2015-12-16,2.3704 
2015-12-17,2.3387 
2015-12-18,2.3651 
2015-12-21,2.2944 
2015-12-22,2.2452 
2015-12-23,2.2874 
2015-12-24,2.3265 
2015-12-25,2.3251 
2015-12-28,2.2931 
2015-12-29,2.2893 
2015-12-30,2.1987 
2015-12-31,2.2017 
2016-01-04,2.2663 
2016-01-05,2.2816 
2016-01-06,2.3264 
2016-01-07,2.2918 
2016-01-08,2.2966 
2016-01-11,2.2568 
2016-01-12,2.2257 
2016-01-13,2.2257 
2016-01-14,2.2243 
2016-01-15,2.2105 
2016-01-18,2.1975 
2016-01-19,2.2576 
2016-01-20,2.3666 
2016-01-21,2.3266 
2016-01-22,2.2518 
2016-01-25,2.3004 
2016-01-26,2.2414 
2016-01-27,2.2092 
2016-01-28,2.2459 
2016-01-29,2.2024 
2016-02-01,2.1910 
2016-02-02,2.2015 
2016-02-03,2.1208 
2016-02-04,2.2023 
2016-02-05,2.1287 
2016-02-06,2.1868 
2016-02-14,2.1003 
2016-02-15,2.0899 
2016-02-16,2.0996 
2016-02-17,2.0977 
2016-02-18,2.1486 
2016-02-19,2.1418 
2016-02-22,2.1246 
2016-02-23,2.1610 
2016-02-24,2.1450 
2016-02-25,2.2475 
2016-02-26,2.2512 
2016-02-29,2.1994 
2016-03-01,2.0736 
2016-03-02,2.0408 
2016-03-03,2.0569 
2016-03-04,2.0861 
2016-03-07,2.0387 
2016-03-08,2.0582 
2016-03-09,1.9979 
2016-03-10,2.0226 
2016-03-11,2.0176 
2016-03-14,2.0019 
2016-03-15,2.0019 
2016-03-16,2.0014 
2016-03-17,2.0049 
2016-03-18,2.0049 
2016-03-21,2.0263 
2016-03-22,2.0333 
2016-03-23,2.0368 
2016-03-24,2.0817 
2016-03-25,2.0634 
2016-03-28,2.0674 
2016-03-29,2.0572 
2016-03-30,2.0947 
2016-03-31,2.1150 
2016-04-01,1.9842 
2016-04-05,1.9894 
2016-04-06,1.9750 
2016-04-07,2.0154 
2016-04-08,2.0271 
2016-04-11,2.0405 
2016-04-12,2.0128 
2016-04-13,2.0148 
2016-04-14,2.0148 
2016-04-15,2.0148 
