themeID,themeName,themeDescription,themeSource,themeBaseDate,isActive,isMain,insertTime,updateTime
1,4G,,1,2015/6/28,1,1,2014/12/10 18:08,2015/11/25 9:13
23,彩票,,1,2015/6/28,1,1,2014/12/10 18:08,2015/11/25 9:13
27,传感器,,1,2015/6/26,1,1,2014/12/10 18:08,2015/11/25 9:13
30,涤纶,来自申万行业分类,5,2011/5/28,1,1,2014/12/10 18:08,2015/11/25 9:13
38,风电,,1,2015/1/13,1,1,2014/12/10 18:08,2015/11/25 9:13
40,复合肥,来自申万行业分类,5,2011/5/28,1,1,2014/12/10 18:08,2015/11/25 9:13
43,白酒,来自申万行业分类,5,2011/5/28,1,1,2014/12/10 18:08,2015/11/25 9:13
44,特钢,来自申万行业分类,5,2011/5/28,1,1,2014/12/10 18:08,2015/11/25 9:13
46,银行,来自申万行业分类,5,2011/5/28,1,1,2014/12/10 18:08,2015/11/25 9:13
50,饮料,,1,2015/6/26,1,1,2014/12/10 18:08,2015/11/25 9:13
53,航母,,1,2015/6/28,1,1,2014/12/10 18:08,2015/11/25 9:13
57,核电,,1,2015/5/19,1,1,2014/12/10 18:08,2015/11/25 9:13
66,黄金,来自申万行业分类,5,2011/5/28,1,1,2014/12/10 18:08,2015/11/25 9:13
69,集装箱,,1,2015/6/26,1,1,2014/12/10 18:08,2015/11/25 9:13
72,甲醇,,1,2015/6/26,1,1,2014/12/10 18:08,2015/11/25 9:13
78,客车,,1,2015/6/28,1,1,2014/12/10 18:08,2015/11/25 9:13
79,空调,来自申万行业分类,5,2011/5/28,1,1,2014/12/10 18:08,2015/11/25 9:13
90,葡萄酒,来自申万行业分类,5,2011/5/28,1,1,2014/12/10 18:08,2015/11/25 9:13
92,汽配,,1,2015/6/26,1,1,2014/12/10 18:08,2015/11/25 9:13
98,水电,来自申万行业分类,5,2011/5/28,1,1,2014/12/10 18:08,2015/11/25 9:13
99,饲料,来自申万行业分类,5,2011/5/28,1,1,2014/12/10 18:08,2015/11/25 9:13
110,天然气,,1,2015/6/26,1,1,2014/12/10 18:08,2015/11/25 9:13
112,铜,来自申万行业分类,5,2011/5/28,1,1,2014/12/10 18:08,2015/11/25 9:13
115,污水处理,,1,2015/6/28,1,1,2014/12/10 18:08,2015/11/25 9:13
116,物流,来自申万行业分类,5,2011/5/28,1,1,2014/12/10 18:08,2015/11/25 9:13
121,信托,来自申万行业分类,5,2014/8/31,1,1,2014/12/10 18:08,2015/11/25 9:13
133,航天军工,,1,2015/6/28,1,1,2014/12/10 18:08,2015/11/25 9:13
139,前海,,1,2015/6/26,1,1,2014/12/10 18:08,2015/11/25 9:13
141,水利工程,来自申万行业分类,5,2011/5/28,1,1,2014/12/10 18:08,2015/11/25 9:13
143,种业,,1,2015/6/26,1,1,2014/12/10 18:08,2015/11/25 9:13
149,干细胞,,1,2015/6/23,1,1,2014/12/10 18:08,2015/11/25 9:13
151,蓝宝石,,1,2015/6/23,1,1,2014/12/10 18:08,2015/11/25 9:13
153,NFC,,1,2015/5/19,1,1,2014/12/10 18:08,2015/11/25 9:13
154,社保,,1,2015/1/18,1,1,2014/12/10 18:08,2015/11/25 9:13
158,微信,,1,2015/6/28,1,1,2014/12/10 18:08,2015/11/25 9:13
160,光伏,,1,2015/6/28,1,1,2014/12/10 18:08,2015/11/25 9:13
161,水泥建材,,1,2015/6/26,1,1,2014/12/10 18:08,2015/11/25 9:13
162,土壤环保,,1,2015/5/17,1,1,2014/12/10 18:08,2015/11/25 9:13
164,保险,来自申万行业分类,5,2011/5/28,1,1,2014/12/10 18:08,2015/11/25 9:13
165,无人机,,1,2015/6/26,1,1,2014/12/10 18:08,2015/11/25 9:13
168,养老,,1,2015/6/26,1,1,2014/12/10 18:08,2015/11/25 9:13
170,成品油,,1,2015/6/26,1,1,2014/12/10 18:08,2015/11/25 9:13
172,旅游,,1,2015/6/26,1,1,2014/12/10 18:08,2015/11/25 9:13
177,处理器,,1,2015/5/21,1,1,2014/12/10 18:08,2015/11/25 9:13
178,足球,,1,2015/6/26,1,1,2014/12/10 18:08,2015/11/25 9:13
179,油气,,1,2015/5/15,1,1,2014/12/10 18:08,2015/11/25 9:13
182,工业自动化,,1,2015/6/28,1,1,2014/12/10 18:08,2015/11/25 9:13
187,铁路建设,来自申万行业分类,5,2011/5/28,1,1,2014/12/10 18:08,2015/11/25 9:13
190,宽带,,1,2015/6/26,1,1,2014/12/10 18:08,2015/11/25 9:13
197,航运,来自申万行业分类,5,2011/5/28,1,1,2014/12/10 18:08,2015/11/25 9:13
203,小米,,1,2015/5/13,1,1,2014/12/10 18:08,2015/11/25 9:13
204,人工智能,,1,2015/6/26,1,1,2014/12/10 18:08,2015/11/25 9:13
206,券商,,1,2015/6/28,1,1,2014/12/10 18:08,2015/11/25 9:13
210,电改,新电改方案主要围绕“四放开一独立”来进行布局，即输配以外的经营性电价放开、增量配电业务放开、售电业务放开、公益性和调节性以外的发供电计划放开和交易平台相对独立,1,2015/6/28,1,1,2014/12/10 18:08,2015/11/25 9:13
214,IPO注册制,,1,2015/6/26,1,1,2014/12/10 18:08,2015/11/25 9:13
218,兽药,,1,2015/6/28,1,1,2014/12/10 18:08,2015/11/25 9:13
225,跨境电商,,1,2015/6/23,1,1,2014/12/10 18:08,2015/11/25 9:13
227,海上丝绸之路,,1,2015/6/23,1,1,2014/12/10 18:08,2015/11/25 9:13
229,VOCs,,1,2015/6/23,1,1,2014/12/10 18:08,2015/11/25 9:13
238,一带一路,,1,2015/6/26,1,1,2014/12/10 18:08,2015/11/25 9:13
239,PPP,,1,2015/6/28,1,1,2014/12/10 18:08,2015/11/25 9:13
241,高新区,,1,2015/5/21,1,1,2014/12/10 18:08,2015/11/25 9:13
242,高速公路,来自申万行业分类,5,2011/5/28,1,1,2014/12/10 18:08,2015/11/25 9:13
271,工业4.0,,1,2015/6/23,1,1,2014/12/10 18:08,2015/11/25 9:13
273,玻璃,,1,2015/6/27,1,1,2014/12/10 18:08,2015/11/25 9:13
280,发动机,,1,2015/6/28,1,1,2014/12/10 18:08,2015/11/25 9:13
283,基础设施建设,,1,2015/6/28,1,1,2014/12/10 18:08,2015/11/25 9:13
285,机床,,1,2015/6/28,1,1,2014/12/10 18:08,2015/11/25 9:13
288,铝,来自申万行业分类,5,2011/5/28,1,1,2014/12/10 18:08,2015/11/25 9:13
296,橡胶,来自申万行业分类,5,2011/5/28,1,1,2014/12/10 18:08,2015/11/25 9:13
300,珠宝,,1,2015/6/26,1,1,2014/12/10 18:08,2015/11/25 9:13
303,清洁能源,,1,2015/6/26,1,1,2014/12/10 18:08,2015/11/25 9:13
322,保健品,,1,2015/6/23,1,1,2014/12/10 18:08,2015/11/25 9:13
323,电梯,,1,2015/6/28,1,1,2014/12/10 18:08,2015/11/25 9:13
332,软件,,1,2015/6/26,1,1,2014/12/10 18:08,2015/11/25 9:13
334,O2O,,1,2015/6/28,1,1,2014/12/10 18:08,2015/11/25 9:13
339,油改,,1,2015/6/28,1,1,2014/12/10 18:08,2015/11/25 9:13
345,沪港通,,1,2015/3/20,1,1,2014/12/10 18:08,2015/11/25 9:13
347,鸡蛋,,1,2015/6/26,1,1,2014/12/10 18:08,2015/11/25 9:13
349,互联网汽车,,1,2015/6/28,1,1,2014/12/10 18:08,2015/11/25 9:13
352,反腐,,1,2015/6/23,1,1,2014/12/10 18:08,2015/11/25 9:13
365,白银,,1,2015/6/22,1,1,2014/12/10 18:08,2015/11/25 9:13
366,超市,来自申万行业分类,5,2011/5/28,1,1,2014/12/10 18:08,2015/11/25 9:13
370,电源,,1,2015/6/26,1,1,2014/12/10 18:08,2015/11/25 9:13
373,肉制品,来自申万行业分类,5,2011/5/28,1,1,2014/12/10 18:08,2015/11/25 9:13
374,食用油,,1,2015/5/21,1,1,2014/12/10 18:08,2015/11/25 9:13
381,人脑工程,,1,2015/5/3,1,1,2014/12/10 18:08,2015/11/25 9:13
396,虚拟现实设备,,1,2015/6/28,1,1,2014/12/10 18:08,2015/11/25 9:13
399,公路运输,,1,2015/6/26,1,1,2014/12/10 18:08,2015/11/25 9:13
414,化肥,,1,2015/6/26,1,1,2014/12/10 18:08,2015/11/25 9:13
416,磷肥,来自申万行业分类,5,2011/5/28,1,1,2014/12/10 18:08,2015/11/25 9:13
424,园林,,1,2015/5/17,1,1,2014/12/10 18:08,2015/11/25 9:13
425,自行车,,1,2015/6/28,1,1,2014/12/10 18:08,2015/11/25 9:13
431,机器人,,1,2015/6/26,1,1,2014/12/10 18:08,2015/11/25 9:13
432,高校,,1,2015/6/26,1,1,2014/12/10 18:08,2015/11/25 9:13
439,农业信息化,,1,2015/5/19,1,1,2014/12/10 18:08,2015/11/25 9:13
471,创投,,1,2015/6/26,1,1,2014/12/10 18:08,2015/11/25 9:13
472,分拆上市,,1,2015/3/19,1,1,2014/12/10 18:08,2015/11/25 9:13
477,低价,,2,2015/3/25,1,1,2014/12/10 18:08,2015/11/25 9:13
483,高铁,,1,2015/6/28,1,1,2014/12/10 18:08,2015/11/25 9:13
484,稀土,来自申万行业分类,5,2011/5/28,1,1,2014/12/10 18:08,2015/11/25 9:13
485,重组,,2,2015/3/25,1,1,2014/12/10 18:08,2015/11/25 9:13
488,春节,,2,2015/3/25,1,1,2014/12/10 18:08,2015/11/25 9:13
489,军工,,1,2015/6/7,1,1,2014/12/10 18:08,2015/11/25 9:13
497,期货,,1,2015/6/28,1,1,2014/12/10 18:08,2015/11/25 9:13
501,苹果,,2,2015/3/25,1,1,2014/12/10 18:08,2015/11/25 9:13
502,巴菲特,,2,2015/3/25,1,1,2014/12/10 18:08,2015/11/25 9:13
507,消费,,2,2015/3/25,1,1,2014/12/10 18:08,2015/11/25 9:13
508,PTA,,1,2015/1/13,1,1,2014/12/10 18:08,2015/11/25 9:13
511,现代农业,,2,2015/3/25,1,1,2014/12/10 18:08,2015/11/25 9:13
512,大消费,,1,2015/6/28,1,1,2014/12/10 18:08,2015/11/25 9:13
518,上海迪士尼,,2,2015/3/25,1,1,2014/12/10 18:08,2015/11/25 9:13
520,人参,,1,2015/5/2,1,1,2014/12/10 18:08,2015/11/25 9:13
522,水利,,2,2015/3/25,1,1,2014/12/10 18:08,2015/11/25 9:13
539,动漫产业,,2,2015/3/25,1,1,2014/12/10 18:08,2015/11/25 9:13
541,海南,,2,2015/3/25,1,1,2014/12/10 18:08,2015/11/25 9:13
542,铁路,,2,2015/3/25,1,1,2014/12/10 18:08,2015/11/25 9:13
545,园区,,2,2015/3/25,1,1,2014/12/10 18:08,2015/11/25 9:13
547,订单,,2,2015/3/25,1,1,2014/12/10 18:08,2015/11/25 9:13
550,能源,,2,2015/3/25,1,1,2014/12/10 18:08,2015/11/25 9:13
551,实验,,2,2015/3/25,1,1,2014/12/10 18:08,2015/11/25 9:13
556,基建,,2,2015/3/25,1,1,2014/12/10 18:08,2015/11/25 9:13
562,液氯,,1,2015/6/28,1,1,2014/12/10 18:08,2015/11/25 9:13
563,地产,,2,2015/3/25,1,1,2014/12/10 18:08,2015/11/25 9:13
571,中资,,2,2015/3/25,1,1,2014/12/10 18:08,2015/11/25 9:13
580,生物,,2,2015/3/25,1,1,2014/12/10 18:08,2015/11/25 9:13
582,PBM,,2,2015/3/25,1,1,2014/12/10 18:08,2015/11/25 9:13
583,生态,,2,2015/3/25,1,1,2014/12/10 18:08,2015/11/25 9:13
593,送转,,2,2015/3/25,1,1,2014/12/10 18:08,2015/11/25 9:13
598,农业,,2,2015/3/25,1,1,2014/12/10 18:08,2015/11/25 9:13
600,小盘,,2,2015/3/25,1,1,2014/12/10 18:08,2015/11/25 9:13
602,电商,,2,2015/3/25,1,1,2014/12/10 18:08,2015/11/25 9:13
608,土壤治理,,2,2015/3/25,1,1,2014/12/10 18:08,2015/11/25 9:13
611,三星,,1,2015/6/28,1,1,2014/12/10 18:08,2015/11/25 9:13
623,消防,,2,2015/3/25,1,1,2014/12/10 18:08,2015/11/25 9:13
637,环境保护,,2,2015/3/25,1,1,2014/12/10 18:08,2015/11/25 9:13
644,5G,,1,2015/6/23,1,1,2014/12/10 18:08,2015/11/25 9:13
650,迪斯尼,上海迪士尼公园将在2015年1月30日完成施工，建成后将带动周边土地大幅升值，巨大的客流量，将对当地娱乐、餐饮、住宿、购物等行业上市公司构成利好,2,2015/3/25,1,1,2014/12/10 18:08,2015/11/25 9:13
654,青霉素,,2,2015/3/25,1,1,2014/12/10 18:08,2015/11/25 9:13
661,CRO,,2,2015/3/25,1,1,2014/12/10 18:08,2015/11/25 9:13
670,互联网,,1,2015/6/7,1,1,2014/12/10 18:08,2015/11/25 9:13
683,手游,,2,2015/3/25,1,1,2014/12/10 18:08,2015/11/25 9:13
691,国产,,2,2015/3/25,1,1,2014/12/10 18:08,2015/11/25 9:13
698,抗癌,,1,2015/6/26,1,1,2014/12/10 18:08,2015/11/25 9:13
700,小贷,,2,2015/3/25,1,1,2014/12/10 18:08,2015/11/25 9:13
704,三板,,2,2015/3/25,1,1,2014/12/10 18:08,2015/11/25 9:13
706,香港,,2,2015/3/25,1,1,2014/12/10 18:08,2015/11/25 9:13
707,阿里,,2,2015/3/25,1,1,2014/12/10 18:08,2015/11/25 9:13
708,新经济,,2,2015/3/25,1,1,2014/12/10 18:08,2015/11/25 9:13
715,动漫,,1,2015/5/20,1,1,2014/12/10 18:08,2015/11/25 9:13
722,园区开发,来自申万行业分类,5,2011/5/28,1,1,2014/12/10 18:08,2015/11/25 9:13
724,文化,,2,2015/3/25,1,1,2014/12/10 18:08,2015/11/25 9:13
733,网游,,2,2015/3/25,1,1,2014/12/10 18:08,2015/11/25 9:13
738,新兴产业,,2,2015/3/25,1,1,2014/12/10 18:08,2015/11/25 9:13
742,回购,股票回购是指上市公司从股票市场上购回一定数额的发行在外的股票。公司在股票回购完成后可以将所回购股票注销，但在大多数情况下，公司将回购的股份作为“库藏股份”保留，仍属于发行在外的股份，但不参与每般收益的计算和收益分配。库藏股票日后可移作他用，或在需要资金时将其出售。,2,2015/3/25,1,1,2014/12/10 18:08,2015/11/25 9:13
752,农机,,1,2015/6/26,1,1,2014/12/10 18:08,2015/11/25 9:13
757,腾讯,,2,2015/3/25,1,1,2014/12/10 18:08,2015/11/25 9:13
758,管家,,2,2015/3/25,1,1,2014/12/10 18:08,2015/11/25 9:13
764,涨价,,2,2015/3/25,1,1,2014/12/10 18:08,2015/11/25 9:13
779,通信,来自申万行业分类,5,2011/5/28,1,1,2014/12/10 18:08,2015/11/25 9:13
780,电子发票,,1,2015/1/13,1,1,2014/12/10 18:08,2015/11/25 9:13
782,TMT,,1,2015/6/28,1,1,2014/12/10 18:08,2015/11/25 9:13
788,文化传媒,来自申万行业分类,5,2011/5/28,1,1,2014/12/10 18:08,2015/11/25 9:13
789,游戏,,2,2015/3/25,1,1,2014/12/10 18:08,2015/11/25 9:13
792,LNG,"液化天然气（liquefied natural gas）的缩写,是一种清洁、高效的能源，很多国家都将LNG列为首选燃料，在能源供应中的比例迅速增加。",2,2015/3/25,1,1,2014/12/10 18:08,2015/11/25 9:13
793,网络金融,,1,2015/6/7,1,1,2014/12/10 18:08,2015/11/25 9:13
796,自贸,,2,2015/3/25,1,1,2014/12/10 18:08,2015/11/25 9:13
798,旅游行业,,2,2015/3/25,1,1,2014/12/10 18:08,2015/11/25 9:13
807,新疆,,2,2015/3/25,1,1,2014/12/10 18:08,2015/11/25 9:13
827,临港,,2,2015/3/25,1,1,2014/12/10 18:08,2015/11/25 9:13
828,互联金融,,1,2015/3/19,1,1,2014/12/10 18:08,2015/11/25 9:13
832,马云,,1,2015/1/13,1,1,2014/12/10 18:08,2015/11/25 9:13
835,直销银行,互联网时代的新型银行运作模式，没有营业网点，不发放实体银行卡，客户主要通过电脑、电子邮件、手机、电话等远程渠道获取银行产品和服务。,1,2015/6/26,1,1,2014/12/10 18:08,2015/11/25 9:13
837,水泥,,2,2015/3/25,1,1,2014/12/10 18:08,2015/11/25 9:13
841,触网,,2,2015/3/25,1,1,2014/12/10 18:08,2015/11/25 9:13
842,零售行业,,2,2015/3/25,1,1,2014/12/10 18:08,2015/11/25 9:13
846,产业链,,2,2015/3/25,1,1,2014/12/10 18:08,2015/11/25 9:13
848,金融,,2,2015/3/25,1,1,2014/12/10 18:08,2015/11/25 9:13
849,复苏,,2,2015/3/25,1,1,2014/12/10 18:08,2015/11/25 9:13
852,互联网安全,,2,2015/3/25,1,1,2014/12/10 18:08,2015/11/25 9:13
857,商贸零售,,2,2015/3/25,1,1,2014/12/10 18:08,2015/11/25 9:13
869,苏宁,,2,2015/3/25,1,1,2014/12/10 18:08,2015/11/25 9:13
872,光伏发电,,2,2015/3/25,1,1,2014/12/10 18:08,2015/11/25 9:13
876,大金融,,2,2015/3/25,1,1,2014/12/10 18:08,2015/11/25 9:13
880,乳业,,1,2015/6/28,1,1,2014/12/10 18:08,2015/11/25 9:13
888,通讯,,2,2015/3/25,1,1,2014/12/10 18:08,2015/11/25 9:13
897,天津,,2,2015/3/25,1,1,2014/12/10 18:08,2015/11/25 9:13
916,金融创新,,2,2015/3/25,1,1,2014/12/10 18:08,2015/11/25 9:13
921,上海,,2,2015/3/25,1,1,2014/12/10 18:08,2015/11/25 9:13
926,参股基金,,1,2015/5/1,1,1,2014/12/10 18:08,2015/11/25 9:13
928,政策,,2,2015/3/25,1,1,2014/12/10 18:08,2015/11/25 9:13
929,健康产业,,2,2015/3/25,1,1,2014/12/10 18:08,2015/11/25 9:13
933,业绩,,2,2015/3/25,1,1,2014/12/10 18:08,2015/11/25 9:13
936,水产养殖,来自申万行业分类,5,2011/5/28,1,1,2014/12/10 18:08,2015/11/25 9:13
937,疫苗,,2,2015/3/25,1,1,2014/12/10 18:08,2015/11/25 9:13
939,信用卡,,2,2015/3/25,1,1,2014/12/10 18:08,2015/11/25 9:13
943,医疗,,2,2015/3/25,1,1,2014/12/10 18:08,2015/11/25 9:13
945,中药,来自申万行业分类,5,2011/5/28,1,1,2014/12/10 18:08,2015/11/25 9:13
949,健康,,2,2015/3/25,1,1,2014/12/10 18:08,2015/11/25 9:13
950,智能物流,,2,2015/3/25,1,1,2014/12/10 18:08,2015/11/25 9:13
959,煤炭,,2,2015/3/25,1,1,2014/12/10 18:08,2015/11/25 9:13
960,铁矿石,,1,2015/6/23,1,1,2014/12/10 18:08,2015/11/25 9:13
965,国资改革,,2,2015/3/25,1,1,2014/12/10 18:08,2015/11/25 9:13
966,服装,,2,2015/3/25,1,1,2014/12/10 18:08,2015/11/25 9:13
969,新药,,2,2015/3/25,1,1,2014/12/10 18:08,2015/11/25 9:13
973,移动,,2,2015/3/25,1,1,2014/12/10 18:08,2015/11/25 9:13
974,医疗健康,,2,2015/3/25,1,1,2014/12/10 18:08,2015/11/25 9:13
982,石油,,2,2015/3/25,1,1,2014/12/10 18:08,2015/11/25 9:13
983,禽流感疫苗,,2,2015/3/25,1,1,2014/12/10 18:08,2015/11/25 9:14
985,林场改革,,1,2015/6/28,1,1,2014/12/10 18:08,2015/11/25 9:14
988,参股,,2,2015/3/25,1,1,2014/12/10 18:08,2015/11/25 9:14
995,三中,,2,2015/3/25,1,1,2014/12/10 18:08,2015/11/25 9:14
998,体育,,2,2015/3/25,1,1,2014/12/10 18:08,2015/11/25 9:14
1003,改革红利,,2,2015/3/25,1,1,2014/12/10 18:08,2015/11/25 9:14
1004,双十一,,2,2015/3/25,1,1,2014/12/10 18:08,2015/11/25 9:14
1005,大气污染治理,,2,2015/3/25,1,1,2014/12/10 18:08,2015/11/25 9:14
1010,转型,,2,2015/3/25,1,1,2014/12/10 18:08,2015/11/25 9:14
1011,燃气,来自申万行业分类,5,2011/5/28,1,1,2014/12/10 18:08,2015/11/25 9:14
1012,船舶,,1,2015/6/28,1,1,2014/12/10 18:08,2015/11/25 9:14
1019,国家安全,,1,2015/6/23,1,1,2014/12/10 18:08,2015/11/25 9:14
1025,农林牧渔,来自申万行业分类,5,2011/5/28,1,1,2014/12/10 18:08,2015/11/25 9:14
1028,安全,,2,2015/3/25,1,1,2014/12/10 18:08,2015/11/25 9:14
1032,上海国资改革,,1,2015/1/13,1,1,2014/12/10 18:08,2015/11/25 9:14
1035,国策,,2,2015/3/25,1,1,2014/12/10 18:08,2015/11/25 9:14
1040,大安全,,2,2015/3/25,1,1,2014/12/10 18:08,2015/11/25 9:14
1042,改革预期,,2,2015/3/25,1,1,2014/12/10 18:08,2015/11/25 9:14
1046,通航,,2,2015/3/25,1,1,2014/12/10 18:08,2015/11/25 9:14
1047,玩具,,2,2015/3/25,1,1,2014/12/10 18:08,2015/11/25 9:14
1049,航空航天,,1,2015/6/26,1,1,2014/12/10 18:08,2015/11/25 9:14
1050,航空,,2,2015/3/25,1,1,2014/12/10 18:08,2015/11/25 9:14
1051,轨交,,2,2015/3/25,1,1,2014/12/10 18:08,2015/11/25 9:14
1054,申万,,2,2015/3/25,1,1,2014/12/10 18:08,2015/11/25 9:14
1056,银行改革,,2,2015/3/25,1,1,2014/12/10 18:08,2015/11/25 9:14
1079,国企,,2,2015/3/25,1,1,2014/12/10 18:08,2015/11/25 9:14
1083,雷达,,1,2015/6/28,1,1,2014/12/10 18:08,2015/11/25 9:14
1095,军工资产证券化,,2,2015/3/25,1,1,2014/12/10 18:08,2015/11/25 9:14
1102,中国高铁,,2,2015/3/25,1,1,2014/12/10 18:08,2015/11/25 9:14
1106,4G通信,,2,2015/3/25,1,1,2014/12/10 18:08,2015/11/25 9:14
1109,家具,来自申万行业分类,5,2011/5/28,1,1,2014/12/10 18:08,2015/11/25 9:14
1114,教育改革,,2,2015/3/25,1,1,2014/12/10 18:08,2015/11/25 9:14
1120,国防,,2,2015/3/25,1,1,2014/12/10 18:08,2015/11/25 9:14
1121,房地产,来自申万行业分类,5,2011/5/28,1,1,2014/12/10 18:08,2015/11/25 9:14
1123,高端装备,,1,2015/6/28,1,1,2014/12/10 18:08,2015/11/25 9:14
1125,医院,,2,2015/3/25,1,1,2014/12/10 18:08,2015/11/25 9:14
1132,核能,,2,2015/3/25,1,1,2014/12/10 18:08,2015/11/25 9:14
1134,中英核电合作,,1,2015/5/20,1,1,2014/12/10 18:08,2015/11/25 9:14
1155,彩票投资,,2,2015/3/25,1,1,2014/12/10 18:08,2015/11/25 9:14
1159,成长,,2,2015/3/25,1,1,2014/12/10 18:08,2015/11/25 9:14
1162,高增长,,2,2015/3/25,1,1,2014/12/10 18:08,2015/11/25 9:14
1164,绿色,,2,2015/3/25,1,1,2014/12/10 18:08,2015/11/25 9:14
1173,城镇,,2,2015/3/25,1,1,2014/12/10 18:08,2015/11/25 9:14
1175,防治,,2,2015/3/25,1,1,2014/12/10 18:08,2015/11/25 9:14
1176,金融服务,来自申万行业分类,5,2011/5/28,1,1,2014/12/10 18:08,2015/11/25 9:14
1192,转板,,2,2015/3/25,1,1,2014/12/10 18:08,2015/11/25 9:14
1203,流感,,2,2015/3/25,1,1,2014/12/10 18:08,2015/11/25 9:14
1212,京东,,1,2015/6/23,1,1,2014/12/10 18:08,2015/11/25 9:14
1214,军工重组,,2,2015/3/25,1,1,2014/12/10 18:08,2015/11/25 9:14
1215,网络,,2,2015/3/25,1,1,2014/12/10 18:08,2015/11/25 9:14
1216,多元金融,来自申万行业分类,5,2011/5/28,1,1,2014/12/10 18:08,2015/11/25 9:14
1218,导航,,2,2015/3/25,1,1,2014/12/10 18:08,2015/11/25 9:14
1224,年终,,2,2015/3/25,1,1,2014/12/10 18:08,2015/11/25 9:14
1225,视频,,2,2015/3/25,1,1,2014/12/10 18:08,2015/11/25 9:14
1241,水务,来自申万行业分类,5,2011/5/28,1,1,2014/12/10 18:08,2015/11/25 9:14
1244,医药主题,,2,2015/3/25,1,1,2014/12/10 18:08,2015/11/25 9:14
1266,智能,,2,2015/3/25,1,1,2014/12/10 18:08,2015/11/25 9:14
1271,智能汽车,在普通汽车的基础上增加了先进的传感器（雷达、摄像）、控制器、执行器等装置，通过车载传感系统和信息终端实现与人、车、路等的智能信息交换，使汽车具备智能的环境感知能力，能够自动分析汽车行驶的安全及危险状态，并使汽车按照人的意愿到达目的地，最终实现替代人来操作的目的。,2,2015/3/25,1,1,2014/12/10 18:08,2015/11/25 9:14
1288,治理,,2,2015/3/25,1,1,2014/12/10 18:08,2015/11/25 9:14
1289,生物技术,,2,2015/3/25,1,1,2014/12/10 18:08,2015/11/25 9:14
1295,传媒娱乐,,2,2015/3/25,1,1,2014/12/10 18:08,2015/11/25 9:14
1309,互联网平台,,1,2015/5/20,1,1,2014/12/10 18:08,2015/11/25 9:14
1319,大农业,不仅是种植、养殖，还包括产前产后如产农药、化肥等生产，产后加工、销售等领域的一种农业产业化模式,2,2015/3/25,1,1,2014/12/10 18:08,2015/11/25 9:14
1328,东莞,,2,2015/3/25,1,1,2014/12/10 18:08,2015/11/25 9:14
1333,集成电路,来自申万行业分类,5,2011/5/28,1,1,2014/12/10 18:08,2015/11/25 9:14
1334,电动车,,2,2015/3/25,1,1,2014/12/10 18:08,2015/11/25 9:14
1341,美股,,2,2015/3/25,1,1,2014/12/10 18:08,2015/11/25 9:14
1342,民营,,2,2015/3/25,1,1,2014/12/10 18:08,2015/11/25 9:14
1372,芯片国产化,,2,2015/3/25,1,1,2014/12/10 18:08,2015/11/25 9:14
1380,家电,,1,2015/6/26,1,1,2014/12/10 18:08,2015/11/25 9:14
1387,社交,,2,2015/3/25,1,1,2014/12/10 18:08,2015/11/25 9:14
1398,险资重仓,,2,2015/3/25,1,1,2014/12/10 18:08,2015/11/25 9:14
1400,医药,,2,2015/3/25,1,1,2014/12/10 18:08,2015/11/25 9:14
1407,微投,,2,2015/3/25,1,1,2014/12/10 18:08,2015/11/25 9:14
1413,支付,,2,2015/3/25,1,1,2014/12/10 18:08,2015/11/25 9:14
1417,中国改革,,2,2015/3/25,1,1,2014/12/10 18:08,2015/11/25 9:14
1429,出口,,2,2015/3/25,1,1,2014/12/10 18:08,2015/11/25 9:14
1435,安防监控,,2,2015/3/25,1,1,2014/12/10 18:08,2015/11/25 9:14
1441,早盘,,2,2015/3/25,1,1,2014/12/10 18:08,2015/11/25 9:14
1444,经济圈,,2,2015/3/25,1,1,2014/12/10 18:08,2015/11/25 9:14
1452,李克强,,2,2015/3/25,1,1,2014/12/10 18:08,2015/11/25 9:14
1456,锂资源,,2,2015/3/25,1,1,2014/12/10 18:08,2015/11/25 9:14
1486,电力,来自申万行业分类,5,2011/5/28,1,1,2014/12/10 18:08,2015/11/25 9:14
1496,环保板块,,2,2015/3/25,1,1,2014/12/10 18:08,2015/11/25 9:14
1500,芯片,,2,2015/3/25,1,1,2014/12/10 18:08,2015/11/25 9:14
1504,广告,,2,2015/3/25,1,1,2014/12/10 18:08,2015/11/25 9:14
1506,文化金融,文化金融是一个新的业态，它不是简单意义上的文化产业与金融业的融合，而是指在文化资源资产化、产业化发展过程中的理论创新架构体系、金融化过程与运作体系、以文化价值链构建为核心的产业形态体系及服务与支撑体系等形成的系统活动过程的总和。,2,2015/3/25,1,1,2014/12/10 18:08,2015/11/25 9:14
1517,医疗服务,来自申万行业分类,5,2011/5/28,1,1,2014/12/10 18:08,2015/11/25 9:14
1521,新电改,,2,2015/3/25,1,1,2014/12/10 18:08,2015/11/25 9:14
1523,河北,,2,2015/3/25,1,1,2014/12/10 18:08,2015/11/25 9:14
1524,智能化,,2,2015/3/25,1,1,2014/12/10 18:08,2015/11/25 9:14
1538,港口,来自申万行业分类,5,2011/5/28,1,1,2014/12/10 18:08,2015/11/25 9:14
1559,广东国资改革,,1,2015/5/20,1,1,2014/12/10 18:08,2015/11/25 9:14
1565,集成电路芯片,,2,2015/3/25,1,1,2014/12/10 18:08,2015/11/25 9:14
1569,安徽,,2,2015/3/25,1,1,2014/12/10 18:08,2015/11/25 9:14
1573,红利,,2,2015/3/25,1,1,2014/12/10 18:08,2015/11/25 9:14
1584,合并,,2,2015/3/25,1,1,2014/12/10 18:08,2015/11/25 9:14
1592,科技,,2,2015/3/25,1,1,2014/12/10 18:08,2015/11/25 9:14
1596,软件服务,,2,2015/3/25,1,1,2014/12/10 18:08,2015/11/25 9:14
1600,AH,,2,2015/3/25,1,1,2014/12/10 18:08,2015/11/25 9:14
1605,军工改革,,2,2015/3/25,1,1,2014/12/10 18:08,2015/11/25 9:14
1608,华北,,2,2015/3/25,1,1,2014/12/10 18:08,2015/11/25 9:14
1615,江苏,,2,2015/3/25,1,1,2014/12/10 18:08,2015/11/25 9:14
1618,新疆板块,,2,2015/3/25,1,1,2014/12/10 18:08,2015/11/25 9:14
1625,三农,,1,2015/6/23,1,1,2014/12/10 18:08,2015/11/25 9:14
1637,赎回,,2,2015/3/25,1,1,2014/12/10 18:08,2015/11/25 9:14
1638,建筑建材,来自申万行业分类,5,2011/5/28,1,1,2014/12/10 18:08,2015/11/25 9:14
1645,无人驾驶,无人驾驶汽车是通过车载传感系统感知道路环境，自动规划行车路线并控制车辆到达预定目标的智能汽车,1,2015/6/28,1,1,2014/12/10 18:08,2015/11/25 9:14
1650,被举牌,,2,2015/3/25,1,1,2014/12/10 18:08,2015/11/25 9:14
1652,举牌,,1,2015/1/13,1,1,2014/12/10 18:08,2015/11/25 9:14
1653,食品饮料,来自申万行业分类,5,2011/5/28,1,1,2014/12/10 18:08,2015/11/25 9:14
1667,中韩自贸区,,1,2015/1/13,1,1,2014/12/10 18:08,2015/11/25 9:14
1673,黄金水道建设,,2,2015/3/25,1,1,2014/12/10 18:08,2015/11/25 9:14
1680,资本增持,,2,2015/3/25,1,1,2014/12/10 18:08,2015/11/25 9:14
1682,家禽养殖,,1,2015/5/4,1,1,2014/12/10 18:08,2015/11/25 9:14
1693,镍,,2,2015/3/25,1,1,2014/12/10 18:08,2015/11/25 9:14
1715,送转潜力,每股未分配利润和公积金高，具有送转股潜力的股票,1,2015/3/19,1,1,2014/12/10 18:08,2015/11/25 9:14
1725,增发,,2,2015/3/25,1,1,2014/12/10 18:08,2015/11/25 9:14
1733,硬盘,,2,2015/3/25,1,1,2014/12/10 18:08,2015/11/25 9:14
1745,世杯,,2,2015/3/25,1,1,2014/12/10 18:08,2015/11/25 9:14
1755,中超,,2,2015/3/25,1,1,2014/12/10 18:08,2015/11/25 9:14
1760,量子通信,,1,2015/5/4,1,1,2014/12/10 18:08,2015/11/25 9:14
1777,化工价格上行,,2,2015/3/25,1,1,2014/12/10 18:08,2015/11/25 9:14
1795,邮政,,2,2015/3/25,1,1,2014/12/10 18:08,2015/11/25 9:14
1799,核电高铁,,2,2015/3/25,1,1,2014/12/10 18:08,2015/11/25 9:14
1812,影视,,2,2015/3/25,1,1,2014/12/10 18:08,2015/11/25 9:14
1814,高送转预期,,2,2015/3/25,1,1,2014/12/10 18:08,2015/11/25 9:14
1817,锌,,1,2015/1/13,1,1,2014/12/10 18:08,2015/11/25 9:14
1819,教育,,2,2015/3/25,1,1,2014/12/10 18:08,2015/11/25 9:14
1833,新股,,2,2015/3/25,1,1,2014/12/10 18:08,2015/11/25 9:14
1839,参股IPO,,2,2015/3/25,1,1,2014/12/10 18:08,2015/11/25 9:14
1841,参新,,2,2015/3/25,1,1,2014/12/10 18:08,2015/11/25 9:14
1852,户籍制度改革,,2,2015/3/25,1,1,2014/12/10 18:08,2015/11/25 9:14
1865,基本金属,,1,2015/3/20,1,1,2014/12/10 18:08,2015/11/25 9:14
1873,中韩合作,,2,2015/3/25,1,1,2014/12/10 18:08,2015/11/25 9:14
1909,核电板块,,2,2015/3/25,1,1,2014/12/10 18:08,2015/11/25 9:14
1914,国改,,2,2015/3/25,1,1,2014/12/10 18:08,2015/11/25 9:14
1917,跨界,,2,2015/3/25,1,1,2014/12/10 18:08,2015/11/25 9:14
1919,一体化,,2,2015/3/25,1,1,2014/12/10 18:08,2015/11/25 9:14
1931,铝行业,,2,2015/3/25,1,1,2014/12/10 18:08,2015/11/25 9:14
1937,农牧饲渔,,2,2015/3/25,1,1,2014/12/10 18:08,2015/11/25 9:14
1943,电池,,2,2015/3/25,1,1,2014/12/10 18:08,2015/11/25 9:14
1949,电信,,2,2015/3/25,1,1,2014/12/10 18:08,2015/11/25 9:14
1952,信息,,2,2015/3/25,1,1,2014/12/10 18:08,2015/11/25 9:14
1955,有色金属,来自申万行业分类,5,2011/5/28,1,1,2014/12/10 18:08,2015/11/25 9:14
1963,有色,,2,2015/3/25,1,1,2014/12/10 18:08,2015/11/25 9:14
1979,埃博拉,,2,2015/3/25,1,1,2014/12/10 18:08,2015/11/25 9:14
1981,养殖,,2,2015/3/25,1,1,2014/12/10 18:08,2015/11/25 9:14
1995,化纤行业,,2,2015/3/25,1,1,2014/12/10 18:08,2015/11/25 9:14
2003,互联网券商,通过互联网进行证券交易的相关经纪代理活动，交易场所和交易执行都从实体物理点转移到互联网线上进行操作，投资者只需通过互联网和移动互联网工具即可进行签约开户、交易委托、支付和交易执行。,2,2015/3/25,1,1,2014/12/10 18:08,2015/11/25 9:14
2007,汽车电商,,1,2015/6/23,1,1,2014/12/10 18:08,2015/11/25 9:14
2016,化工,来自申万行业分类,5,2011/5/28,1,1,2014/12/10 18:08,2015/11/25 9:14
2036,大宗金属,,2,2015/3/25,1,1,2014/12/10 18:08,2015/11/25 9:14
2040,电子消费,,2,2015/3/25,1,1,2014/12/10 18:08,2015/11/25 9:14
2041,甲醇汽车,,2,2015/3/25,1,1,2014/12/10 18:08,2015/11/25 9:14
2053,纺织服装,来自申万行业分类,5,2011/5/28,1,1,2014/12/10 18:08,2015/11/25 9:14
2055,国产化芯片,,2,2015/3/25,1,1,2014/12/10 18:08,2015/11/25 9:14
2062,运输,,2,2015/3/25,1,1,2014/12/10 18:08,2015/11/25 9:14
2064,高端白酒,,2,2015/3/25,1,1,2014/12/10 18:08,2015/11/25 9:14
2065,海运,,2,2015/3/25,1,1,2014/12/10 18:08,2015/11/25 9:14
2066,改革转型,,2,2015/3/25,1,1,2014/12/10 18:08,2015/11/25 9:14
2067,员工持股,"员工持股计划属于一种特殊的报酬计划,是指为了吸引、保留和激励公司员工,通过让员工持有股票,使员工享有剩余索取权的利益分享机制和拥有经营决策权的参与机制",2,2015/3/25,1,1,2014/12/10 18:08,2015/11/25 9:14
2074,P2P,,1,2015/6/23,1,1,2014/12/10 18:08,2015/11/25 9:14
2075,众筹,翻译自国外crowdfunding一词，即大众筹资或群众筹资，是指一种向群众募资，以支持发起的个人或组织的行为。一般而言是透过网络上的平台连结起赞助者与提案者。,2,2015/3/25,1,1,2014/12/10 18:08,2015/11/25 9:14
2083,石化,,2,2015/3/25,1,1,2014/12/10 18:08,2015/11/25 9:14
2089,民航机场,,2,2015/3/25,1,1,2014/12/10 18:08,2015/11/25 9:14
2118,高端制造,,2,2015/3/25,1,1,2014/12/10 18:08,2015/11/25 9:14
2120,港口航运,,2,2015/3/25,1,1,2014/12/10 18:08,2015/11/25 9:14
2126,安防板块,,2,2015/3/25,1,1,2014/12/10 18:08,2015/11/25 9:14
2146,百度,,1,2015/1/13,1,1,2014/12/10 18:08,2015/11/25 9:14
2155,新疆兵团,新疆生产建设兵团是目前国内唯一的农垦系统，是现存的行政色彩最浓厚的党、政、军、企合一的特殊组织，新疆兵团改革既是兵团农垦系统去行政化的过程，同时也是国企改革的过程,2,2015/3/25,1,1,2014/12/10 18:08,2015/11/25 9:14
2159,APEC,,2,2015/3/25,1,1,2014/12/10 18:08,2015/11/25 9:14
2160,涉农电商,农产品电商,2,2015/3/25,1,1,2014/12/10 18:08,2015/11/25 9:14
2166,军工板块,,2,2015/3/25,1,1,2014/12/10 18:08,2015/11/25 9:14
2167,体育产业,,1,2015/6/26,1,1,2014/12/10 18:08,2015/11/25 9:14
2190,手机,,2,2015/3/25,1,1,2014/12/10 18:08,2015/11/25 9:14
2193,预期高送转,,2,2015/3/25,1,1,2014/12/10 18:08,2015/11/25 9:14
2198,车载,,2,2015/3/25,1,1,2014/12/10 18:08,2015/11/25 9:14
2209,基因,,2,2015/3/25,1,1,2014/12/10 18:08,2015/11/25 9:14
2218,公交,来自申万行业分类,5,2011/5/28,1,1,2014/12/10 18:08,2015/11/25 9:14
2229,交通运输,来自申万行业分类,5,2011/5/28,1,1,2014/12/10 18:08,2015/11/25 9:14
2230,沪股通,,1,2015/4/27,1,1,2014/12/10 18:08,2015/11/25 9:14
2240,一路一带,“丝绸之路经济带”和“21世纪海上丝绸之路”的简称。“一带一路”不是一个实体和机制，而是合作发展的理念和倡议，是依靠中国与有关国家既有的双多边机制，借助既有的、行之有效的区域合作平台,2,2015/3/25,1,1,2014/12/10 18:08,2015/11/25 9:14
2247,中国制造,,2,2015/3/25,1,1,2014/12/10 18:08,2015/11/25 9:14
2248,大中国,,2,2015/3/25,1,1,2014/12/10 18:08,2015/11/25 9:14
2249,补涨,,2,2015/3/25,1,1,2014/12/10 18:08,2015/11/25 9:14
2254,基础设施,,2,2015/3/25,1,1,2014/12/10 18:08,2015/11/25 9:14
2257,“一带一路”建设,,2,2015/3/25,1,1,2014/12/10 18:08,2015/11/25 9:14
2264,电力建设,,2,2015/3/25,1,1,2014/12/10 18:08,2015/11/25 9:14
2266,丝路,,2,2015/3/25,1,1,2014/12/10 18:08,2015/11/25 9:14
2271,海外大单,,2,2015/3/25,1,1,2014/12/10 18:08,2015/11/25 9:14
2276,福建自贸,,2,2015/3/25,1,1,2014/12/10 18:08,2015/11/25 9:14
2278,中航,,2,2015/3/25,1,1,2014/12/10 18:08,2015/11/25 9:14
2279,借壳,,2,2015/3/25,1,1,2014/12/10 18:08,2015/11/25 9:14
2283,区域,,2,2015/3/25,1,1,2014/12/10 18:08,2015/11/25 9:14
2292,互联网大会,,2,2015/3/25,1,1,2014/12/10 18:08,2015/11/25 9:14
2294,白糖,,1,2015/5/20,1,1,2014/12/10 18:08,2015/11/25 9:14
2300,南沙,南沙区，广东省广州市市辖区。2013年广东省政府就南沙新区明确提出“启动申报自由贸易园区”计划,2,2015/3/25,1,1,2014/12/10 18:08,2015/11/25 9:14
2303,充电,,2,2015/3/25,1,1,2014/12/10 18:08,2015/11/25 9:14
2306,重组定增,,2,2015/3/25,1,1,2014/12/10 18:08,2015/11/25 9:14
2331,食品,,2,2015/3/25,1,1,2014/12/16 10:41,2015/11/25 9:14
2333,建筑业,,2,2015/3/25,1,1,2014/12/16 10:41,2015/11/25 9:14
2360,糖业,,1,2015/6/28,1,1,2014/12/16 10:41,2015/11/25 9:14
2361,糖尿病,,1,2015/5/20,1,1,2014/12/16 10:41,2015/11/25 9:14
2373,新型农业,,1,2015/5/17,1,1,2014/12/16 10:41,2015/11/25 9:14
2421,农业电商,,1,2015/6/23,1,1,2014/12/16 10:41,2015/11/25 9:14
2422,OLED,,1,2015/6/28,1,1,2014/12/16 10:41,2015/11/25 9:14
2436,公路,,2,2015/3/25,1,1,2014/12/16 10:41,2015/11/25 9:14
2439,低估值,,2,2015/3/25,1,1,2014/12/16 10:41,2015/11/25 9:14
2441,采掘,来自申万行业分类,5,2011/5/28,1,1,2014/12/16 13:09,2015/11/25 9:14
2443,综合,来自申万行业分类,5,2011/5/28,1,1,2014/12/16 13:09,2015/11/25 9:14
2449,电子,来自申万行业分类,5,2011/5/28,1,1,2014/12/16 13:09,2015/11/25 9:14
2451,家用电器,来自申万行业分类,5,2011/5/28,1,1,2014/12/16 13:09,2015/11/25 9:14
2452,商业贸易,来自申万行业分类,5,2011/5/28,1,1,2014/12/16 13:09,2015/11/25 9:14
2455,种植业,来自申万行业分类,5,2011/5/28,1,1,2014/12/16 13:09,2015/11/25 9:14
2457,农业综合,来自申万行业分类,5,2011/5/28,1,1,2014/12/16 13:09,2015/11/25 9:14
2458,畜禽养殖,来自申万行业分类,5,2011/5/28,1,1,2014/12/16 13:09,2015/11/25 9:14
2465,石油化工,来自申万行业分类,5,2011/5/28,1,1,2014/12/16 13:09,2015/11/25 9:14
2469,塑料,来自申万行业分类,5,2011/5/28,1,1,2014/12/16 13:09,2015/11/25 9:14
2472,餐饮,来自申万行业分类,5,2011/5/28,1,1,2014/12/16 13:09,2015/11/25 9:14
2479,基础建设,来自申万行业分类,5,2011/5/28,1,1,2014/12/16 13:09,2015/11/25 9:14
2480,计算机应用,来自申万行业分类,5,2011/5/28,1,1,2014/12/16 13:09,2015/11/25 9:14
2482,电机,来自申万行业分类,5,2011/5/28,1,1,2014/12/16 13:09,2015/11/25 9:14
2484,汽车零部件,来自申万行业分类,5,2011/5/28,1,1,2014/12/16 13:09,2015/11/25 9:14
2488,通用设备,来自申万行业分类,5,2014/8/31,1,1,2014/12/16 13:09,2015/11/25 9:14
2494,航空装备,来自申万行业分类,5,2011/5/28,1,1,2014/12/16 13:09,2015/11/25 9:14
2497,汽车整车,来自申万行业分类,5,2011/5/28,1,1,2014/12/16 13:09,2015/11/25 9:14
2498,互联网传媒,来自申万行业分类,5,2011/5/28,1,1,2014/12/16 13:09,2015/11/25 9:14
2500,环保工程及服务,来自申万行业分类,5,2011/5/28,1,1,2014/12/16 13:09,2015/11/25 9:14
2504,电子制造,来自申万行业分类,5,2011/5/28,1,1,2014/12/16 13:09,2015/11/25 9:14
2509,贸易,来自申万行业分类,5,2011/5/28,1,1,2014/12/16 13:09,2015/11/25 9:14
2511,造纸,来自申万行业分类,5,2011/5/28,1,1,2014/12/16 13:09,2015/11/25 9:14
2520,酒店,来自申万行业分类,5,2011/5/28,1,1,2014/12/16 13:09,2015/11/25 9:14
2537,农药,来自申万行业分类,5,2011/5/28,1,1,2014/12/16 13:09,2015/11/25 9:14
2553,普钢,来自申万行业分类,5,2011/5/28,1,1,2014/12/16 13:09,2015/11/25 9:14
2556,锂,来自申万行业分类,5,2011/5/28,1,1,2014/12/16 13:09,2015/11/25 9:14
2573,综合电力设备,来自申万行业分类,5,2014/8/31,1,1,2014/12/16 13:09,2015/11/25 9:14
2574,光伏设备,来自申万行业分类,5,2011/5/28,1,1,2014/12/16 13:09,2015/11/25 9:14
2594,环保设备,来自申万行业分类,5,2011/5/28,1,1,2014/12/16 13:09,2015/11/25 9:14
2604,被动元件,来自申万行业分类,5,2011/5/28,1,1,2014/12/16 13:09,2015/11/25 9:14
2611,家电零部件,来自申万行业分类,5,2011/5/28,1,1,2014/12/16 13:09,2015/11/25 9:14
2612,彩电,来自申万行业分类,5,2011/5/28,1,1,2014/12/16 13:09,2015/11/25 9:14
2620,棉纺,来自申万行业分类,5,2011/5/28,1,1,2014/12/16 13:09,2015/11/25 9:14
2628,鞋帽,来自申万行业分类,5,2011/5/28,1,1,2014/12/16 13:09,2015/11/25 9:14
2635,热电,来自申万行业分类,5,2011/5/28,1,1,2014/12/16 13:09,2015/11/25 9:14
2683,国际航空,,1,2015/5/17,1,1,2014/12/10 18:09,2015/11/25 9:14
2690,创业板,,1,2015/6/7,1,1,2014/12/10 18:09,2015/11/25 9:14
2709,融合通信,,1,2015/5/21,1,1,2014/12/10 18:09,2015/11/25 9:14
2720,苯胺,,1,2015/6/22,1,1,2014/12/10 18:09,2015/11/25 9:14
2742,整体上市,整体上市是指一家公司将其主要资产和业务整体改制为股份公司进行上市的做法,1,2015/4/27,1,1,2014/12/10 18:09,2015/11/25 9:14
2744,金融参股,,1,2015/6/28,1,1,2014/12/10 18:09,2015/11/25 9:14
2757,深圳本地,,1,2015/4/27,1,1,2014/12/10 18:09,2015/11/25 9:14
2761,超大盘,,1,2015/3/19,1,1,2014/12/10 18:09,2015/11/25 9:14
2762,基金重仓,,1,2015/6/7,1,1,2014/12/10 18:09,2015/11/25 9:14
2770,资产注入,资产注入通常是指上市公司的控股股东把自家的优质的资产注入到上市公司里面去，以有效改善上市公司的资产质量，进而提高上市公司的盈利能力与股价，从而达到控股股东与中小股东“双赢”的目的,1,2015/3/19,1,1,2014/12/10 18:09,2015/11/25 9:14
2773,溴素,,1,2015/5/20,1,1,2014/12/10 18:09,2015/11/25 9:14
2780,工业4.0板块,,2,2015/3/25,1,1,2014/12/10 18:09,2015/11/25 9:14
2791,3D打印,,1,2015/6/26,1,1,2014/12/10 18:09,2015/11/25 9:14
2792,超级细菌,,1,2015/6/26,1,1,2014/12/10 18:09,2015/11/25 9:14
2802,民营银行,,1,2015/6/23,1,1,2014/12/10 18:09,2015/11/25 9:14
2809,土地流转,,1,2015/5/18,1,1,2014/12/10 18:09,2015/11/25 9:14
2810,网络安全,,1,2015/6/28,1,1,2014/12/10 18:09,2015/11/25 9:14
2811,网络游戏,,1,2015/6/26,1,1,2014/12/10 18:09,2015/11/25 9:14
2816,智慧城市,,1,2015/6/26,1,1,2014/12/10 18:09,2015/11/25 9:14
2819,互联网金融,,1,2015/6/28,1,1,2014/12/10 18:09,2015/11/25 9:14
2820,在线旅游,依托互联网，以满足旅游消费者信息查询、产品预定及服务评价为核心目的，囊括了包括航空公司、酒店、景区、租车公司、海内外旅游局等旅游服务供应商及搜索引擎、OTA、电信运营商、旅游资讯及社区网站等,1,2015/5/20,1,1,2014/12/10 18:09,2015/11/25 9:14
2821,食品安全,,1,2015/6/28,1,1,2014/12/10 18:09,2015/11/25 9:14
2824,丝绸之路,,1,2015/6/26,1,1,2014/12/10 18:09,2015/11/25 9:14
2826,特斯拉,,1,2015/6/26,1,1,2014/12/10 18:09,2015/11/25 9:14
2827,天津自贸,,1,2015/3/19,1,1,2014/12/10 18:09,2015/11/25 9:14
2828,信息安全,,1,2015/3/19,1,1,2014/12/10 18:09,2015/11/25 9:14
2829,油气改革,,1,2015/3/19,1,1,2014/12/10 18:09,2015/11/25 9:14
2836,上海自贸,,1,2015/4/27,1,1,2014/12/10 18:09,2015/11/25 9:14
2839,聚氨酯,来自申万行业分类,5,2011/5/28,1,1,2014/12/10 18:09,2015/11/25 9:14
2840,风沙治理,,1,2015/3/19,1,1,2014/12/10 18:09,2015/11/25 9:14
2846,安防服务,,1,2015/3/19,1,1,2014/12/10 18:09,2015/11/25 9:14
2855,节能环保,,1,2015/6/28,1,1,2014/12/10 18:09,2015/11/25 9:14
2861,金融改革,,1,2015/3/20,1,1,2014/12/10 18:09,2015/11/25 9:14
2863,海工装备,,1,2015/6/23,1,1,2014/12/10 18:09,2015/11/25 9:14
2864,太阳能,,1,2015/6/28,1,1,2014/12/10 18:09,2015/11/25 9:14
2866,水利建设,,1,2015/3/20,1,1,2014/12/10 18:09,2015/11/25 9:14
2872,参股金融,,1,2015/6/28,1,1,2014/12/10 18:09,2015/11/25 9:14
2875,军工航天,,1,2015/3/19,1,1,2014/12/10 18:09,2015/11/25 9:14
2876,迪士尼,,1,2015/5/17,1,1,2014/12/10 18:09,2015/11/25 9:14
2877,出口退税,,1,2015/3/19,1,1,2014/12/10 18:09,2015/11/25 9:14
2878,铁路基建,,1,2015/6/26,1,1,2014/12/10 18:09,2015/11/25 9:14
2879,新能源,,1,2015/6/28,1,1,2014/12/10 18:09,2015/11/25 9:14
2885,LED,来自申万行业分类,5,2011/5/28,1,1,2014/12/10 18:09,2015/11/25 9:14
2891,煤化工,,1,2015/6/28,1,1,2014/12/10 18:09,2015/11/25 9:14
2898,新材料,,1,2015/6/28,1,1,2014/12/10 18:09,2015/11/25 9:14
2903,中字头,,1,2015/6/7,1,1,2014/12/10 18:09,2015/11/25 9:14
2908,中韩自贸,,1,2015/3/20,1,1,2014/12/10 18:09,2015/11/25 9:14
2911,国产软件,,1,2015/5/19,1,1,2014/12/10 18:09,2015/11/25 9:14
2912,小金属,,1,2015/6/28,1,1,2014/12/10 18:09,2015/11/25 9:14
2923,国企改革,,1,2015/6/26,1,1,2014/12/10 18:09,2015/11/25 9:14
2930,电力改革,,1,2015/1/13,1,1,2014/12/10 18:09,2015/11/25 9:14
2936,央企改革,,1,2015/1/13,1,1,2014/12/10 18:09,2015/11/25 9:14
2938,粤港澳,,3,2014/7/30,1,1,2014/12/10 18:09,2015/11/25 9:14
2942,泽熙系,,1,2015/3/26,1,1,2014/12/10 18:09,2015/11/25 9:14
2959,大数据指数,,2,2015/3/25,1,1,2014/12/10 18:09,2015/11/25 9:14
2971,海外工程,,2,2015/3/25,1,1,2014/12/10 18:09,2015/11/25 9:14
2976,丙烯腈,,1,2015/6/28,1,1,2014/12/10 18:09,2015/11/25 9:14
2986,水泥行业,,2,2015/3/25,1,1,2014/12/10 18:09,2015/11/25 9:14
2989,博鳌机场,,1,2015/6/28,1,1,2014/12/10 18:09,2015/11/25 9:14
3033,征信,,1,2015/6/28,1,1,2014/12/10 18:09,2015/11/25 9:14
4183,新上海,,1,2015/4/27,1,1,2014/12/10 18:09,2015/11/25 9:14
4185,预亏预减,,1,2015/6/7,1,1,2014/12/10 18:09,2015/11/25 9:14
4207,送转除权,,1,2015/3/20,1,1,2014/12/10 18:09,2015/11/25 9:14
5218,智能服装,,1,2015/5/18,1,1,2014/12/10 18:09,2015/11/25 9:14
5223,质子重离子,,1,2015/6/28,1,1,2014/12/10 18:09,2015/11/25 9:14
5246,铜箔,,1,2015/5/20,1,1,2014/12/10 18:09,2015/11/25 9:14
5279,股神,,2,2015/3/25,1,1,2014/12/10 18:09,2015/11/25 9:14
5282,信息化,,1,2015/6/28,1,1,2014/12/10 18:09,2015/11/25 9:14
5305,铅蓄电池,,1,2015/1/13,1,1,2014/12/10 18:09,2015/11/25 9:14
5315,填权,,1,2015/1/13,1,1,2014/12/10 18:09,2015/11/25 9:14
5336,智能表,,1,2015/5/3,1,1,2014/12/10 18:09,2015/11/25 9:14
5346,中部崛起,,1,2015/1/15,1,1,2014/12/10 18:09,2015/11/25 9:14
5380,新疆振兴,,1,2015/5/20,1,1,2014/12/10 18:09,2015/11/25 9:14
5387,调味品,,1,2015/5/20,1,1,2014/12/10 18:09,2015/11/25 9:14
5459,贵金属,,1,2015/5/20,1,1,2014/12/10 18:09,2015/11/25 9:14
5463,元器件,,1,2015/6/28,1,1,2014/12/10 18:09,2015/11/25 9:14
5466,收入改革,,1,2015/5/17,1,1,2014/12/10 18:09,2015/11/25 9:14
5512,北京冬奥会,,1,2015/5/21,1,1,2014/12/10 18:09,2015/11/25 9:14
5568,豆粕,,1,2015/6/26,1,1,2014/12/10 18:09,2015/11/25 9:14
5569,医保,,1,2015/6/26,1,1,2014/12/10 18:09,2015/11/25 9:14
5571,大上海,,1,2015/5/15,1,1,2014/12/10 18:09,2015/11/25 9:14
5577,好莱坞,,1,2015/6/28,1,1,2014/12/10 18:09,2015/11/25 9:14
5662,专网通信,,1,2015/5/4,1,1,2014/12/10 18:09,2015/11/25 9:14
5667,沪港通券商,,1,2015/5/17,1,1,2014/12/10 18:09,2015/11/25 9:14
5682,国足,,2,2015/3/25,1,1,2014/12/10 18:09,2015/11/25 9:14
5696,四大行,,1,2015/1/13,1,1,2014/12/10 18:09,2015/11/25 9:14
5704,业绩预增,,2,2015/3/25,1,1,2014/12/10 18:09,2015/11/25 9:14
5740,央企,,2,2015/3/25,1,1,2014/12/10 18:09,2015/11/25 9:14
5743,药店,,1,2015/6/28,1,1,2014/12/10 18:09,2015/11/25 9:14
119831,3D打印机,,2,2015/3/25,1,1,2014/12/10 18:09,2015/11/25 9:14
119843,APEC会议,,1,2015/5/2,1,1,2014/12/10 18:09,2015/11/25 9:14
119845,CMO,,2,2015/3/25,1,1,2014/12/10 18:09,2015/11/25 9:14
119848,H7N9,,2,2015/3/25,1,1,2014/12/10 18:09,2015/11/25 9:14
119851,IDC,,2,2015/3/25,1,1,2014/12/10 18:09,2015/11/25 9:14
119852,IGBT,,2,2015/3/25,1,1,2014/12/10 18:09,2015/11/25 9:14
119854,IPO受益,,1,2015/4/19,1,1,2014/12/10 18:09,2015/11/25 9:14
119855,IPO影子,,2,2015/3/25,1,1,2014/12/10 18:09,2015/11/25 9:14
119856,IPO重启,,2,2015/3/25,1,1,2014/12/10 18:09,2015/11/25 9:14
119866,LED行业,,2,2015/3/25,1,1,2014/12/10 18:09,2015/11/25 9:14
119873,P2P网贷,,1,2015/1/13,1,1,2014/12/10 18:09,2015/11/25 9:14
119875,PM2.5,,1,2015/6/23,1,1,2014/12/10 18:09,2015/11/25 9:14
119877,QFII重仓,,1,2015/4/19,1,1,2014/12/10 18:09,2015/11/25 9:14
119878,QQ,,2,2015/3/25,1,1,2014/12/10 18:09,2015/11/25 9:14
119886,WIFI,,1,2015/5/21,1,1,2014/12/10 18:09,2015/11/25 9:14
119888,一号文件,,1,2015/5/18,1,1,2014/12/10 18:09,2015/11/25 9:14
119893,三季报,,2,2015/3/25,1,1,2014/12/10 18:09,2015/11/25 9:14
119897,三网融合,,1,2015/5/14,1,1,2014/12/10 18:09,2015/11/25 9:14
119910,丙烯,,1,2015/6/27,1,1,2014/12/10 18:09,2015/11/25 9:14
119912,东北振兴,,2,2015/3/25,1,1,2014/12/10 18:09,2015/11/25 9:14
119914,东盟,东南亚国家联盟(Association of Southeast Asian Nations)，简称东盟(ASEAN)。成员国有印度尼西亚、马来西亚、菲律宾、新加坡、泰国、文莱、越南、老挝、缅甸和柬埔寨,2,2015/3/25,1,1,2014/12/10 18:09,2015/11/25 9:14
119919,两桶油改革,,1,2015/6/23,1,1,2014/12/10 18:09,2015/11/25 9:14
119921,中医,,2,2015/3/25,1,1,2014/12/10 18:09,2015/11/25 9:14
119922,中医药,,1,2015/6/28,1,1,2014/12/10 18:09,2015/11/25 9:14
119924,中国特斯拉,,2,2015/3/25,1,1,2014/12/10 18:09,2015/11/25 9:14
119927,中报,,2,2015/3/25,1,1,2014/12/10 18:09,2015/11/25 9:14
119933,中澳自贸,,2,2015/3/25,1,1,2014/12/10 18:09,2015/11/25 9:14
119945,乳制品,,1,2015/5/21,1,1,2014/12/10 18:09,2015/11/25 9:14
119946,乳品,来自申万行业分类,5,2011/5/28,1,1,2014/12/10 18:09,2015/11/25 9:14
119948,二孩,,2,2015/3/25,1,1,2014/12/10 18:09,2015/11/25 9:14
119952,二胎,,1,2015/6/26,1,1,2014/12/10 18:09,2015/11/25 9:14
119959,互联网保险,,1,2015/6/28,1,1,2014/12/10 18:09,2015/11/25 9:14
119961,互联网电视,,1,2015/5/20,1,1,2014/12/10 18:09,2015/11/25 9:14
119964,产业互联网,,2,2015/3/25,1,1,2014/12/10 18:09,2015/11/25 9:14
119970,人民币汇率,,2,2015/3/25,1,1,2014/12/10 18:09,2015/11/25 9:14
119971,人脸识别,,1,2015/6/26,1,1,2014/12/10 18:09,2015/11/25 9:14
119979,低碳,,1,2015/6/28,1,1,2014/12/10 18:09,2015/11/25 9:14
119983,体外诊断,,1,2015/6/23,1,1,2014/12/10 18:09,2015/11/25 9:14
119984,体育文化,,1,2014/11/29,1,1,2014/12/10 18:09,2015/11/25 9:14
119990,保定,,2,2015/3/25,1,1,2014/12/10 18:09,2015/11/25 9:14
119992,信息消费,,2,2015/3/25,1,1,2014/12/10 18:09,2015/11/25 9:14
119994,健康服务,,2,2015/3/25,1,1,2014/12/10 18:09,2015/11/25 9:14
119995,储能,,2,2015/3/25,1,1,2014/12/10 18:09,2015/11/25 9:14
119999,光热,,1,2015/1/13,1,1,2014/12/10 18:09,2015/11/25 9:14
120001,光纤,未来传输网络的最终目标，是构建全光网络，即在接入网、城域网、骨干网完全实现“光纤传输代替铜线传输”,1,2015/6/26,1,1,2014/12/10 18:09,2015/11/25 9:14
120002,光通信,光通信就是以光波为载波的通信方式。未来传输网络的最终目标，是构建全光网络，即在接入网、城域网、骨干网完全实现“光纤传输代替铜线传输”,1,2015/5/17,1,1,2014/12/10 18:09,2015/11/25 9:14
120005,免疫治疗,,1,2015/6/7,1,1,2014/12/10 18:09,2015/11/25 9:14
120007,全息,,2,2015/3/25,1,1,2014/12/10 18:09,2015/11/25 9:14
120013,养殖业,,2,2015/3/25,1,1,2014/12/10 18:09,2015/11/25 9:14
120015,养老地产,,1,2015/5/20,1,1,2014/12/10 18:09,2015/11/25 9:14
120016,养老服务,随着国家加强养老服务业的政策支持力度，财政、金融、用地、税费、人才、技术及服务等相关配套政策有望逐一完善落实，这将直接拉动养老相关行业，带动养老医疗、家庭用品、养老地产及养老服务等领域的发展,2,2015/3/25,1,1,2014/12/10 18:09,2015/11/25 9:14
120019,内存,,2,2015/3/25,1,1,2014/12/10 18:09,2015/11/25 9:14
120022,军改,,2,2015/3/25,1,1,2014/12/10 18:09,2015/11/25 9:14
120023,军民融合,,1,2015/5/20,1,1,2014/12/10 18:09,2015/11/25 9:14
120025,农业现代化,,1,2015/6/26,1,1,2014/12/10 18:09,2015/11/25 9:14
120027,农场,,2,2015/3/25,1,1,2014/12/10 18:09,2015/11/25 9:14
120029,农垦改革,新一轮农垦改革内容包括推进农垦企业股份化改革、发展混合所有制经济、引进和利用民间资本参与农垦企业产权改革等。,2,2015/3/25,1,1,2014/12/10 18:09,2015/11/25 9:14
120033,冬奥会,,1,2015/6/26,1,1,2014/12/10 18:09,2015/11/25 9:14
120035,冰箱,来自申万行业分类,5,2011/5/28,1,1,2014/12/10 18:09,2015/11/25 9:14
120038,凉茶,,1,2015/6/28,1,1,2014/12/10 18:09,2015/11/25 9:14
120040,出租车,,2,2015/3/25,1,1,2014/12/10 18:09,2015/11/25 9:14
120043,制造业转型,,2,2015/3/25,1,1,2014/12/10 18:09,2015/11/25 9:14
120045,券商重仓,,1,2015/4/27,1,1,2014/12/10 18:09,2015/11/25 9:14
120049,包装印刷,来自申万行业分类,5,2011/5/28,1,1,2014/12/10 18:09,2015/11/25 9:14
120057,医改,,2,2015/3/25,1,1,2014/12/10 18:09,2015/11/25 9:14
120058,医疗保健,,2,2015/3/25,1,1,2014/12/10 18:09,2015/11/25 9:14
120060,医疗改革,,1,2015/6/26,1,1,2014/12/10 18:09,2015/11/25 9:14
120064,医药生物,来自申万行业分类,5,2011/5/28,1,1,2014/12/10 18:09,2015/11/25 9:14
120069,南海,,1,2015/5/18,1,1,2014/12/10 18:09,2015/11/25 9:14
120072,博鳌,,1,2015/5/21,1,1,2014/12/10 18:09,2015/11/25 9:14
120075,印刷,,1,2015/6/28,1,1,2014/12/10 18:09,2015/11/25 9:14
120079,厄尔尼诺,,1,2015/6/28,1,1,2014/12/10 18:09,2015/11/25 9:14
120084,双11,,2,2015/3/25,1,1,2014/12/10 18:09,2015/11/25 9:14
120086,反恐,,2,2015/3/25,1,1,2014/12/10 18:09,2015/11/25 9:14
120100,商旅,,2,2015/3/25,1,1,2014/12/10 18:09,2015/11/25 9:14
120101,啤酒,来自申万行业分类,5,2011/5/28,1,1,2014/12/10 18:09,2015/11/25 9:14
120106,国产伟哥,,1,2015/5/21,1,1,2014/12/10 18:09,2015/11/25 9:14
120108,国产飞机,国产飞机带动的配套产业链主要包括发动机、航电系统、飞控系统等核心组件制造,2,2015/3/25,1,1,2014/12/10 18:09,2015/11/25 9:14
120110,国企重组,,2,2015/3/25,1,1,2014/12/10 18:09,2015/11/25 9:14
120111,国债期货,,1,2015/6/28,1,1,2014/12/10 18:09,2015/11/25 9:14
120112,国内航空,,1,2015/5/2,1,1,2014/12/10 18:09,2015/11/25 9:14
120118,国资重组,,2,2015/3/25,1,1,2014/12/10 18:09,2015/11/25 9:14
120125,地图,,2,2015/3/25,1,1,2014/12/10 18:09,2015/11/25 9:14
120135,埃博拉疫苗,,2,2015/3/25,1,1,2014/12/10 18:09,2015/11/25 9:14
120140,城轨,,1,2015/5/16,1,1,2014/12/10 18:09,2015/11/25 9:14
120141,基因检测,基因检测是通过血液、其他体液或细胞对DNA进行检测的技术，通过特定设备对被检测者细胞中的DNA分子信息作检测，可以诊断疾病，也可以用于疾病风险的预测。,2,2015/3/25,1,1,2014/12/10 18:09,2015/11/25 9:14
120142,基因测序,,1,2015/6/26,1,1,2014/12/10 18:09,2015/11/25 9:14
120146,外贸,,1,2015/6/26,1,1,2014/12/10 18:09,2015/11/25 9:14
120149,大数据,,1,2015/6/26,1,1,2014/12/10 18:09,2015/11/25 9:14
120150,大文化产业,,2,2015/3/25,1,1,2014/12/10 18:09,2015/11/25 9:14
120152,大气污染防治,,2,2015/3/25,1,1,2014/12/10 18:09,2015/11/25 9:14
120153,大气治理,,1,2015/6/26,1,1,2014/12/10 18:09,2015/11/25 9:14
120155,大飞机,,1,2015/6/28,1,1,2014/12/10 18:09,2015/11/25 9:14
120163,奢侈品,,1,2015/6/26,1,1,2014/12/10 18:09,2015/11/25 9:14
120165,女装,来自申万行业分类,5,2011/5/28,1,1,2014/12/10 18:09,2015/11/25 9:14
120167,奶粉,,1,2015/6/26,1,1,2014/12/10 18:09,2015/11/25 9:14
120171,婴童,婴童用品行业是指以0至12岁婴幼儿及产妇、孕妇为主体需求及导向的产业，其产品及服务主要包括孕婴童食品、哺育用品、洗护用品、婴童玩具、孕婴童服装、婴儿车、婴儿床等。,2,2015/3/25,1,1,2014/12/10 18:09,2015/11/25 9:14
120174,安防,,1,2015/6/26,1,1,2014/12/10 18:09,2015/11/25 9:14
120175,宝宝,,2,2015/3/25,1,1,2014/12/10 18:09,2015/11/25 9:14
120179,家纺,来自申万行业分类,5,2011/5/28,1,1,2014/12/10 18:09,2015/11/25 9:14
120186,尿素,,1,2015/6/28,1,1,2014/12/10 18:09,2015/11/25 9:14
120191,年报,,2,2015/3/25,1,1,2014/12/10 18:09,2015/11/25 9:14
120192,年报预增,,2,2015/3/25,1,1,2014/12/10 18:09,2015/11/25 9:14
120193,并购预期,,2,2015/3/25,1,1,2014/12/10 18:09,2015/11/25 9:14
120195,广东国企改革,,2,2015/3/25,1,1,2014/12/10 18:09,2015/11/25 9:14
120197,广电,,2,2015/3/25,1,1,2014/12/10 18:09,2015/11/25 9:14
120203,影视动漫,来自申万行业分类,5,2011/5/28,1,1,2014/12/10 18:09,2015/11/25 9:14
120206,微电子,,1,2015/5/21,1,1,2014/12/10 18:09,2015/11/25 9:14
120213,打印,,2,2015/3/25,1,1,2014/12/10 18:09,2015/11/25 9:14
120220,指纹,,2,2015/3/25,1,1,2014/12/10 18:09,2015/11/25 9:14
120221,振兴东北,,1,2015/5/19,1,1,2014/12/10 18:09,2015/11/25 9:14
120223,摘帽,撤销特别处理的股票代码前不再有ST标记，俗称“摘帽”,2,2015/3/25,1,1,2014/12/10 18:09,2015/11/25 9:14
120226,改革主题,,2,2015/3/25,1,1,2014/12/10 18:09,2015/11/25 9:14
120231,文化创意,,1,2015/5/18,1,1,2014/12/10 18:09,2015/11/25 9:14
120239,新消费,,2,2015/3/25,1,1,2014/12/10 18:09,2015/11/25 9:14
120240,新疆发展,,1,2015/5/20,1,1,2014/12/10 18:09,2015/11/25 9:14
120264,智能传感器,,2,2015/3/25,1,1,2014/12/10 18:09,2015/11/25 9:14
120265,智能制造,,2,2015/3/25,1,1,2014/12/10 18:09,2015/11/25 9:14
120271,智能机器,,1,2015/5/21,1,1,2014/12/10 18:09,2015/11/25 9:14
120277,智能设备,,2,2015/3/25,1,1,2014/12/10 18:09,2015/11/25 9:14
120280,有机硅,,1,2015/5/2,1,1,2014/12/10 18:09,2015/11/25 9:14
120282,服务器,,2,2015/3/25,1,1,2014/12/10 18:09,2015/11/25 9:14
120286,机械设备,来自申万行业分类,5,2011/5/28,1,1,2014/12/10 18:09,2015/11/25 9:14
120290,染料,,1,2015/1/13,1,1,2014/12/10 18:09,2015/11/25 9:14
120293,校车,,1,2015/5/15,1,1,2014/12/10 18:09,2015/11/25 9:14
120298,棉花,,1,2015/1/13,1,1,2014/12/10 18:09,2015/11/25 9:14
120299,棕榈油,,1,2015/6/28,1,1,2014/12/10 18:09,2015/11/25 9:14
120311,民营医疗,,2,2015/3/25,1,1,2014/12/10 18:09,2015/11/25 9:14
120312,民营医院,,1,2015/6/23,1,1,2014/12/10 18:09,2015/11/25 9:14
120322,氯碱,来自申万行业分类,5,2011/5/28,1,1,2014/12/10 18:09,2015/11/25 9:14
120329,汽车电子,,1,2015/6/28,1,1,2014/12/10 18:09,2015/11/25 9:14
120331,汽车销售,,1,2015/6/23,1,1,2014/12/10 18:09,2015/11/25 9:14
120349,流转,,2,2015/3/25,1,1,2014/12/10 18:09,2015/11/25 9:14
120356,海底隧道,,1,2015/4/28,1,1,2014/12/10 18:09,2015/11/25 9:14
120360,海西,,1,2015/6/28,1,1,2014/12/10 18:09,2015/11/25 9:14
120362,涉农,,2,2015/3/25,1,1,2014/12/10 18:09,2015/11/25 9:14
120367,淘宝,,1,2015/5/20,1,1,2014/12/10 18:09,2015/11/25 9:14
120369,深圳国资改革,,2,2015/3/25,1,1,2014/12/10 18:09,2015/11/25 9:14
120370,深港通,,1,2015/6/23,1,1,2014/12/10 18:09,2015/11/25 9:14
120375,激光,,1,2015/6/26,1,1,2014/12/10 18:09,2015/11/25 9:14
120377,炭黑,来自申万行业分类,5,2011/5/28,1,1,2014/12/10 18:09,2015/11/25 9:14
120380,焦炭,,1,2015/1/13,1,1,2014/12/10 18:09,2015/11/25 9:14
120381,焦煤,在中国煤炭分类国家标准中，是对煤化度较高，结焦性好的烟煤的称谓。又称主焦煤。,1,2015/1/13,1,1,2014/12/10 18:09,2015/11/25 9:14
120385,煤层气,,1,2015/5/14,1,1,2014/12/10 18:09,2015/11/25 9:14
120390,燃料电池,,1,2015/3/20,1,1,2014/12/10 18:09,2015/11/25 9:14
120393,牛肉,,1,2015/6/26,1,1,2014/12/10 18:09,2015/11/25 9:14
120399,猪肉,,1,2015/6/26,1,1,2014/12/10 18:09,2015/11/25 9:14
120401,王亚伟,,2,2015/3/25,1,1,2014/12/10 18:09,2015/11/25 9:14
120405,环渤海,,1,2015/5/20,1,1,2014/12/10 18:09,2015/11/25 9:14
120407,玻纤,来自申万行业分类,5,2011/5/28,1,1,2014/12/10 18:09,2015/11/25 9:14
120414,生态农业,,1,2015/6/28,1,1,2014/12/10 18:09,2015/11/25 9:14
120415,生态文明,,2,2015/3/25,1,1,2014/12/10 18:09,2015/11/25 9:14
120416,生态文明建设,,1,2015/5/18,1,1,2014/12/10 18:09,2015/11/25 9:14
120419,生物医药,,1,2015/6/28,1,1,2014/12/10 18:09,2015/11/25 9:14
120422,生物识别,通过计算机与光学、声学、生物传感器和生物统计学原理等高科技手段密切结合，利用人体固有的生理特性，（如指纹、脸象、虹膜等）和行为特征（如笔迹、声音、步态等）来进行个人身份的鉴定,2,2015/3/25,1,1,2014/12/10 18:09,2015/11/25 9:14
120426,生猪,,2,2015/3/25,1,1,2014/12/10 18:09,2015/11/25 9:14
120433,电子信息,,1,2015/6/27,1,1,2014/12/10 18:09,2015/11/25 9:14
120437,电子支付,,1,2015/3/19,1,1,2014/12/10 18:09,2015/11/25 9:14
120438,电气设备,来自申万行业分类,5,2011/5/28,1,1,2014/12/10 18:09,2015/11/25 9:14
120439,电池产业链,,2,2015/3/25,1,1,2014/12/10 18:09,2015/11/25 9:14
120444,电视购物,,1,2015/5/17,1,1,2014/12/10 18:09,2015/11/25 9:14
120445,电解铝,,1,2015/4/30,1,1,2014/12/10 18:09,2015/11/25 9:14
120447,畜牧,,2,2015/3/25,1,1,2014/12/10 18:09,2015/11/25 9:14
120448,畜牧业,,1,2015/6/26,1,1,2014/12/10 18:09,2015/11/25 9:14
120449,畜禽,,2,2015/3/25,1,1,2014/12/10 18:09,2015/11/25 9:14
120451,疫情,,2,2015/3/25,1,1,2014/12/10 18:09,2015/11/25 9:14
120453,登革热,,1,2015/5/16,1,1,2014/12/10 18:09,2015/11/25 9:14
120454,百度金融,,1,2015/6/28,1,1,2014/12/10 18:09,2015/11/25 9:14
120455,百货,来自申万行业分类,5,2011/5/28,1,1,2014/12/10 18:09,2015/11/25 9:14
120460,盐酸,,1,2015/5/20,1,1,2014/12/10 18:09,2015/11/25 9:14
120464,石墨,,2,2015/3/25,1,1,2014/12/10 18:09,2015/11/25 9:14
120469,矿石,,2,2015/3/25,1,1,2014/12/10 18:09,2015/11/25 9:14
120472,碳交易,,1,2015/6/28,1,1,2014/12/10 18:09,2015/11/25 9:14
120478,社保重仓,,1,2015/5/21,1,1,2014/12/10 18:09,2015/11/25 9:14
120480,禽流感,,1,2015/6/26,1,1,2014/12/10 18:09,2015/11/25 9:14
120483,科技创新,,2,2015/3/25,1,1,2014/12/10 18:09,2015/11/25 9:14
120485,租车,,1,2015/6/26,1,1,2014/12/10 18:09,2015/11/25 9:14
120491,稀有金属,来自申万行业分类,5,2011/5/28,1,1,2014/12/10 18:09,2015/11/25 9:14
120493,空中互联网,,1,2015/5/21,1,1,2014/12/10 18:09,2015/11/25 9:14
120495,空气治理,,1,2015/5/3,1,1,2014/12/10 18:09,2015/11/25 9:14
120503,粘胶,来自申万行业分类,5,2011/5/28,1,1,2014/12/10 18:09,2015/11/25 9:14
120504,粘胶纤维,,1,2015/5/21,1,1,2014/12/10 18:09,2015/11/25 9:14
120507,粮食安全,以保障粮食供应为核心的重大国家安全战略，完善粮食应急储备体系，确保粮食市场供应，最大限度地减少紧急状态时期的粮食安全风险是粮食安全保障体系的重要组成部分。,1,2015/5/20,1,1,2014/12/10 18:09,2015/11/25 9:14
120508,系统设备,,2,2015/3/25,1,1,2014/12/10 18:09,2015/11/25 9:14
120510,纳米,,1,2015/5/20,1,1,2014/12/10 18:09,2015/11/25 9:14
120516,细胞治疗,利用某些具有特定功能的细胞的特性，采用生物工程方法获取和/或通过体外扩增、特殊培养等处理后，使这些细胞具有增强免疫、杀死病原体和肿瘤细胞、促进组织器官再生和机体康复等治疗功效，从而达到治疗疾病的目的。,2,2015/3/25,1,1,2014/12/10 18:09,2015/11/25 9:14
120518,维稳,,1,2015/5/21,1,1,2014/12/10 18:09,2015/11/25 9:14
120523,网络信用卡,,1,2015/5/18,1,1,2014/12/10 18:09,2015/11/25 9:14
120525,网络教育,,1,2015/5/13,1,1,2014/12/10 18:09,2015/11/25 9:14
120529,美丽中国,,1,2015/6/28,1,1,2014/12/10 18:09,2015/11/25 9:14
120535,老龄化,,1,2015/5/20,1,1,2014/12/10 18:09,2015/11/25 9:14
120536,耳机,,2,2015/3/25,1,1,2014/12/10 18:09,2015/11/25 9:14
120537,职业教育,,1,2015/1/13,1,1,2014/12/10 18:09,2015/11/25 9:14
120546,膜材料,,1,2015/5/2,1,1,2014/12/10 18:09,2015/11/25 9:14
120549,舟山,,2,2015/3/25,1,1,2014/12/10 18:09,2015/11/25 9:14
120555,艺术品,,1,2015/6/28,1,1,2014/12/10 18:09,2015/11/25 9:14
120559,节能减排,,1,2015/6/26,1,1,2014/12/10 18:09,2015/11/25 9:14
120561,苹果产业链,,1,2015/6/26,1,1,2014/12/10 18:09,2015/11/25 9:14
120569,菜鸟,,2,2015/3/25,1,1,2014/12/10 18:09,2015/11/25 9:14
120572,蓄电池,,1,2015/6/26,1,1,2014/12/10 18:09,2015/11/25 9:14
120574,虫草,,2,2015/3/25,1,1,2014/12/10 18:09,2015/11/25 9:14
120577,裸眼3D,,1,2015/6/26,1,1,2014/12/10 18:09,2015/11/25 9:14
120589,诺基亚,,1,2015/6/28,1,1,2014/12/10 18:09,2015/11/25 9:14
120590,诺奖,,2,2015/3/25,1,1,2014/12/10 18:09,2015/11/25 9:14
120591,谷歌,,2,2015/3/25,1,1,2014/12/10 18:09,2015/11/25 9:14
120600,超导,,1,2015/4/28,1,1,2014/12/10 18:09,2015/11/25 9:14
120612,轻工制造,来自申万行业分类,5,2011/5/28,1,1,2014/12/10 18:09,2015/11/25 9:14
120619,邮轮旅游,,1,2015/5/21,1,1,2014/12/10 18:09,2015/11/25 9:14
120622,酒类,,1,2015/1/13,1,1,2014/12/10 18:09,2015/11/25 9:14
120628,重建,,2,2015/3/25,1,1,2014/12/10 18:09,2015/11/25 9:14
120630,金改,,1,2015/6/28,1,1,2014/12/10 18:09,2015/11/25 9:14
120637,钢铁电商,,1,2015/6/23,1,1,2014/12/10 18:09,2015/11/25 9:14
120638,钨,来自申万行业分类,5,2011/5/28,1,1,2014/12/10 18:09,2015/11/25 9:14
120640,钱荒,,2,2015/3/25,1,1,2014/12/10 18:09,2015/11/25 9:14
120641,铁矿石期货,,1,2015/5/20,1,1,2014/12/10 18:09,2015/11/25 9:14
120652,铝业,,2,2015/3/25,1,1,2014/12/10 18:09,2015/11/25 9:14
120660,锂矿,,1,2015/5/19,1,1,2014/12/10 18:09,2015/11/25 9:14
120663,锆,,1,2015/5/20,1,1,2014/12/10 18:09,2015/11/25 9:14
120669,长三角,,1,2015/5/20,1,1,2014/12/10 18:09,2015/11/25 9:14
120687,雾霾,,2,2015/3/25,1,1,2014/12/10 18:09,2015/11/25 9:14
120688,雾霾治理,,2,2015/3/25,1,1,2014/12/10 18:09,2015/11/25 9:14
120696,飞机制造,飞机制造带动的配套产业链主要包括发动机、航电系统、飞控系统等核心组件制造,2,2015/3/25,1,1,2014/12/10 18:09,2015/11/25 9:14
120697,飞机租赁,,1,2015/5/20,1,1,2014/12/10 18:09,2015/11/25 9:14
120709,骨科,,2,2015/3/25,1,1,2014/12/10 18:09,2015/11/25 9:14
120710,高分红,,2,2015/3/25,1,1,2014/12/10 18:09,2015/11/25 9:14
120714,鸡肉,,1,2015/6/23,1,1,2014/12/10 18:09,2015/11/25 9:14
120716,黄金水道,,1,2015/6/7,1,1,2014/12/10 18:09,2015/11/25 9:14
120719,龙头股军工,,1,2015/1/13,1,1,2014/12/10 18:09,2015/11/25 9:14
120720,宁波,,1,2015/3/25,1,1,2014/12/10 18:09,2015/11/25 9:14
120726,牛羊肉,,1,2015/5/15,1,1,2014/12/10 18:09,2015/11/25 9:14
120731,华为,,1,2015/5/20,1,1,2014/12/10 18:09,2015/11/25 9:14
120751,水产,,2,2015/3/25,1,1,2015/2/3 9:00,2015/11/25 9:14
120762,类金融,,2,2015/3/25,1,1,2015/2/3 9:00,2015/11/25 9:14
120763,足球产业,,2,2015/3/25,1,1,2015/2/3 9:00,2015/11/25 9:14
120766,农业产业化,,1,2015/6/26,1,1,2015/2/3 9:00,2015/11/25 9:14
120776,微博,,1,2015/6/28,1,1,2015/2/3 9:00,2015/11/25 9:14
120781,北斗产业,,2,2015/3/25,1,1,2015/2/3 9:00,2015/11/25 9:14
120785,金融大数据,,2,2015/3/25,1,1,2015/2/3 9:00,2015/11/25 9:14
120795,节能,,1,2015/1/13,1,1,2015/2/3 9:00,2015/11/25 9:14
120800,上海金改,,1,2015/5/21,1,1,2015/2/3 9:00,2015/11/25 9:14
120819,网贷,,2,2015/3/25,1,1,2015/2/3 9:00,2015/11/25 9:14
120820,亚马逊,,1,2015/6/28,1,1,2015/2/3 9:00,2015/11/25 9:14
120836,旅游业,,2,2015/3/25,1,1,2015/2/3 9:00,2015/11/25 9:14
120843,创客,,1,2015/5/20,1,1,2015/2/11 9:00,2015/11/25 9:14
120847,高送转潜力,,2,2015/3/25,1,1,2015/2/11 9:00,2015/11/25 9:14
120862,生态环保,,2,2015/3/25,1,1,2015/2/11 9:00,2015/11/25 9:14
120865,首富,,2,2015/3/25,1,1,2015/2/11 9:00,2015/11/25 9:14
120872,地方国资改革,,2,2015/3/25,1,1,2015/2/11 9:00,2015/11/25 9:14
120880,消费品,,2,2015/3/25,1,1,2015/2/11 9:00,2015/11/25 9:14
120881,亚运,,2,2015/3/25,1,1,2015/2/11 9:00,2015/11/25 9:14
120886,高成长,,2,2015/3/25,1,1,2015/2/11 9:00,2015/11/25 9:14
120889,高管增持,,2,2015/3/25,1,1,2015/2/11 9:00,2015/11/25 9:14
120893,注册制,,2,2015/3/25,1,1,2015/2/11 9:00,2015/11/25 9:14
120938,双引擎,,2,2015/3/25,1,1,2015/2/11 9:00,2015/11/25 9:14
120940,婚庆,,2,2015/3/25,1,1,2015/2/11 9:00,2015/11/25 9:14
120941,婴儿,,2,2015/3/25,1,1,2015/2/11 9:00,2015/11/25 9:14
120942,婴幼儿,,2,2015/3/25,1,1,2015/2/11 9:00,2015/11/25 9:14
120946,智能硬件,,2,2015/3/25,1,1,2015/2/11 9:00,2015/11/25 9:14
120947,港股通,,2,2015/3/25,1,1,2015/2/11 9:00,2015/11/25 9:14
120961,国产大飞机,,2,2015/3/25,1,1,2015/2/11 9:00,2015/11/25 9:14
120965,矿泉水,,2,2015/3/25,1,1,2015/2/12 17:28,2015/11/25 9:14
120971,大北京,,2,2015/3/25,1,1,2015/2/12 17:29,2015/11/25 9:14
120979,中广核,,2,2015/3/25,1,1,2015/2/12 17:29,2015/11/25 9:14
120984,营销传播,来自申万行业分类,5,2011/5/28,1,1,2015/2/13 9:00,2015/11/25 9:14
121001,参股保险,,1,2015/5/21,1,1,2015/2/16 9:00,2015/11/25 9:14
121006,国家安防,,1,2015/5/13,1,1,2015/2/16 9:00,2015/11/25 9:14
121008,数字传媒,,2,2015/3/25,1,1,2015/2/25 15:08,2015/11/25 9:14
121011,精准医疗,,1,2015/5/21,1,1,2015/2/27 9:00,2015/11/25 9:14
121024,智能家电,,2,2015/3/25,1,1,2015/3/3 9:00,2015/11/25 9:14
121025,港股环保,,2,2015/3/25,1,1,2015/3/3 9:00,2015/11/25 9:14
121026,篮球,,1,2015/5/21,1,1,2015/3/5 9:00,2015/11/25 9:14
121027,阅兵,,1,2015/6/26,1,1,2015/3/5 9:00,2015/11/25 9:14
121036,互联网+,,1,2015/6/26,1,1,2015/3/8 9:00,2015/11/25 9:14
121038,丙烯酸,,2,2015/3/25,1,1,2015/3/11 9:00,2015/11/25 9:14
121046,全网通,,2,2015/3/25,1,1,2015/3/18 9:01,2015/11/25 9:14
121047,大环保,,2,2015/3/25,1,1,2015/3/18 9:01,2015/11/25 9:14
121048,丝路基金,,2,2015/3/25,1,1,2015/3/18 9:01,2015/11/25 9:14
121049,网络医院,,2,2015/3/25,1,1,2015/3/18 9:01,2015/11/25 9:14
121050,降息,,2,2015/3/25,1,1,2015/3/18 9:01,2015/11/25 9:14
121051,中国制造2025,,2,2015/3/25,1,1,2015/3/18 9:01,2015/11/25 9:14
121055,网络银行,,1,2015/6/28,1,1,2015/3/20 9:00,2015/11/25 9:14
121060,互联网教育,,2,2015/3/25,1,1,2015/3/26 9:00,2015/11/25 9:14
121061,电视,,2,2015/3/25,1,1,2015/3/26 9:00,2015/11/25 9:14
121063,超材料,,1,2015/5/19,1,1,2015/3/30 9:00,2015/11/25 9:14
121071,互联网家装,,1,2015/6/23,1,1,2015/4/10 9:00,2015/11/25 9:14
121082,机构重仓,,1,2015/3/20,1,1,2015/4/18 9:00,2015/11/25 9:14
121092,员工持股计划,,2,2015/3/25,1,1,2015/4/23 9:00,2015/11/25 9:14
121093,工业互联网,,2,2015/3/25,1,1,2015/4/23 9:00,2015/11/25 9:14
121094,汉能,,2,2015/3/25,1,1,2015/4/23 9:00,2015/11/25 9:14
121097,互联网医疗,,2,2015/3/25,1,1,2015/4/23 9:00,2015/11/25 9:14
121098,泽熙,,2,2015/3/25,1,1,2015/4/23 9:00,2015/11/25 9:14
121099,央企合并,,2,2015/3/25,1,1,2015/4/23 9:00,2015/11/25 9:14
121114,政策预期,,2,2015/3/25,1,1,2015/4/23 17:47,2015/11/25 9:14
121135,医药医疗,,2,2015/3/25,1,1,2015/4/23 17:47,2015/11/25 9:14
121144,文创,,2,2015/3/25,1,1,2015/4/23 17:47,2015/11/25 9:14
121158,长白山,,2,2015/3/25,1,1,2015/4/23 17:47,2015/11/25 9:14
121166,更名,,2,2015/3/25,1,1,2015/4/23 17:48,2015/11/25 9:14
121174,大型飞机,,2,2015/3/25,1,1,2015/4/23 17:48,2015/11/25 9:14
121178,传媒板块,,2,2015/3/25,1,1,2015/4/23 17:48,2015/11/25 9:14
121197,水电站,,2,2015/3/25,1,1,2015/4/23 17:48,2015/11/25 9:14
121205,人民币贬值,,2,2015/3/25,1,1,2015/4/23 17:48,2015/11/25 9:14
121212,自主创新,,2,2015/3/25,1,1,2015/4/23 17:48,2015/11/25 9:14
121217,空气环保,,2,2015/3/25,1,1,2015/4/23 17:48,2015/11/25 9:14
121235,农田水利,,2,2015/3/25,1,1,2015/4/23 17:48,2015/11/25 9:14
121241,电商平台,,2,2015/3/25,1,1,2015/4/23 17:48,2015/11/25 9:14
121249,吸毒,,2,2015/3/25,1,1,2015/4/23 17:48,2015/11/25 9:14
121255,电影,,2,2015/3/25,1,1,2015/4/23 17:48,2015/11/25 9:14
121260,装备制造业,,2,2015/3/25,1,1,2015/4/23 17:48,2015/11/25 9:14
121265,再保险,,2,2015/3/25,1,1,2015/4/23 17:48,2015/11/25 9:14
121280,孵化器,,2,2015/3/25,1,1,2015/4/23 17:48,2015/11/25 9:14
121284,智能机械,,2,2015/3/25,1,1,2015/4/23 17:48,2015/11/25 9:14
121287,太阳能光伏,,2,2015/3/25,1,1,2015/4/23 17:48,2015/11/25 9:14
121302,百元股,,2,2015/3/25,1,1,2015/4/23 17:48,2015/11/25 9:14
121311,大健康,,2,2015/3/25,1,1,2015/4/23 17:48,2015/11/25 9:14
121314,大基建,,2,2015/3/25,1,1,2015/4/23 17:48,2015/11/25 9:14
121318,新常态,,2,2015/3/25,1,1,2015/4/23 17:48,2015/11/25 9:14
121322,能源互联网,,2,2015/3/26,1,1,2015/4/25 9:00,2015/11/25 9:14
121331,央企重组,,2,2015/3/30,1,1,2015/4/29 9:00,2015/11/25 9:14
121347,信息设备,来自申万行业分类,5,2011/5/28,1,1,2015/5/7 17:45,2015/11/25 9:14
121350,零售,来自申万行业分类,5,2011/5/28,1,1,2015/5/7 17:46,2015/11/25 9:14
121368,影视动漫行业,,2,2015/4/12,1,1,2015/5/12 9:00,2015/11/25 9:14
121375,四川,,1,2015/4/14,1,1,2015/5/14 9:00,2015/11/25 9:14
121377,湖南,,1,2015/4/14,1,1,2015/5/14 9:00,2015/11/25 9:14
121382,深圳,,1,2015/4/15,1,1,2015/5/15 9:00,2015/11/25 9:14
121386,装备制造,,2,2015/4/22,1,1,2015/5/22 9:00,2015/11/25 9:14
121389,创投园区,,2,2015/4/22,1,1,2015/5/22 9:00,2015/11/25 9:14
121396,参股证券,,2,2015/4/23,1,1,2015/5/23 9:00,2015/11/25 9:14
121400,三主线掘金,,2,2015/4/23,1,1,2015/5/23 9:00,2015/11/25 9:14
121402,互联网农业,,2,2015/4/23,1,1,2015/5/23 9:00,2015/11/25 9:14
121675,家电行业,,2,2015/5/3,1,1,2015/6/2 9:01,2015/11/25 9:14
121677,虚拟现实,,2,2015/5/3,1,1,2015/6/2 9:01,2015/11/25 9:14
121736,IP,,2,2015/5/28,1,1,2015/6/27 9:00,2015/11/25 9:14
121741,绿色产业,,2,2015/5/31,1,1,2015/6/30 9:00,2015/11/25 9:14
121747,煤炭脱困,,2,2015/6/7,1,1,2015/7/7 9:00,2015/11/25 9:14
121750,基金掘金,,2,2015/6/7,1,1,2015/7/7 9:00,2015/11/25 9:14
121757,私有化,,2,2015/6/10,1,1,2015/7/10 9:00,2015/11/25 9:14
121768,全面二孩政策,,2,2015/8/9,1,1,2015/9/8 9:00,2015/11/25 9:14
121773,存储芯片,,2,2015/8/9,1,1,2015/9/8 9:00,2015/11/25 9:14
121778,证金,,2,2015/8/9,1,1,2015/9/8 9:01,2015/11/25 9:14
121782,医药十三五,,2,2015/8/9,1,1,2015/9/8 9:01,2015/11/25 9:14
121788,捉妖记,,2,2015/8/9,1,1,2015/9/8 9:01,2015/11/25 9:14
121793,合作社,,2,2015/8/9,1,1,2015/9/8 9:01,2015/11/25 9:14
121800,融资担保,,2,2015/8/9,1,1,2015/9/8 9:01,2015/11/25 9:14
121816,食品安全法,,2,2015/8/9,1,1,2015/9/8 9:01,2015/11/25 9:14
121819,儿童,,2,2015/8/9,1,1,2015/9/8 9:01,2015/11/25 9:14
121829,国企改,,2,2015/8/9,1,1,2015/9/8 9:01,2015/11/25 9:14
121839,智能停车,,2,2015/8/9,1,1,2015/9/8 9:01,2015/11/25 9:14
121840,智能环保,,2,2015/8/9,1,1,2015/9/8 9:01,2015/11/25 9:14
121847,证金持股,,2,2015/8/9,1,1,2015/9/8 9:01,2015/11/25 9:14
121853,阿里京东,,2,2015/8/9,1,1,2015/9/8 9:01,2015/11/25 9:14
121858,证金系,,2,2015/8/9,1,1,2015/9/8 9:01,2015/11/25 9:14
121863,徐翔,,2,2015/8/9,1,1,2015/9/8 9:01,2015/11/25 9:14
121866,救市,,2,2015/8/9,1,1,2015/9/8 9:01,2015/11/25 9:14
121867,国家队,,2,2015/8/9,1,1,2015/9/8 9:01,2015/11/25 9:14
121868,汇金,,2,2015/8/9,1,1,2015/9/8 9:01,2015/11/25 9:14
121871,证金汇金,,2,2015/8/9,1,1,2015/9/8 9:01,2015/11/25 9:14
121876,双金,,2,2015/8/9,1,1,2015/9/8 9:01,2015/11/25 9:14
121880,证金公司持股,,2,2015/8/9,1,1,2015/9/8 9:01,2015/11/25 9:14
121882,新种子法,,2,2015/8/9,1,1,2015/9/8 9:01,2015/11/25 9:14
121889,达沃斯,,2,2015/8/9,1,1,2015/9/8 9:01,2015/11/25 9:14
121893,破净,,2,2015/8/9,1,1,2015/9/8 9:01,2015/11/25 9:14
121898,餐饮旅游,,2,2015/8/9,1,1,2015/9/8 9:01,2015/11/25 9:14
121900,大阅兵,,2,2015/8/9,1,1,2015/9/8 9:01,2015/11/25 9:14
121904,金融十三五,,2,2015/8/9,1,1,2015/9/8 9:01,2015/11/25 9:14
121907,掘金受益,,2,2015/8/11,1,1,2015/9/10 9:00,2015/11/25 9:14
121909,核电走出去,,2,2015/8/11,1,1,2015/9/10 9:00,2015/11/25 9:14
121916,工程建设,,2,2015/8/17,1,1,2015/9/16 9:00,2015/11/25 9:14
121918,民生,,2,2015/8/17,1,1,2015/9/16 9:00,2015/11/25 9:14
121928,杭州,,2,2015/8/27,1,1,2015/9/26 9:00,2015/11/25 9:14
121934,主力增持,,2,2015/8/27,1,1,2015/9/26 9:00,2015/11/25 9:14
121943,杭州亚运,,2,2015/8/27,1,1,2015/9/26 9:00,2015/11/25 9:14
121950,险资,,2,2015/8/27,1,1,2015/9/26 9:00,2015/11/25 9:14
121953,飞机,,2,2015/8/27,1,1,2015/9/26 9:00,2015/11/25 9:14
121961,国企混改,,2,2015/8/30,1,1,2015/9/29 9:00,2015/11/25 9:14
121965,访英,,2,2015/8/31,1,1,2015/9/30 9:00,2015/11/25 9:14
121969,题材,,2,2015/9/9,1,1,2015/10/9 9:00,2015/11/25 9:14
121978,历年,,2,2015/9/14,1,1,2015/10/14 9:00,2015/11/25 9:14
121980,这些,,2,2015/9/14,1,1,2015/10/14 9:01,2015/11/25 9:14
121985,TPP,,2,2015/9/14,1,1,2015/10/14 9:01,2015/11/25 9:14
121989,十三五规划,,2,2015/9/14,1,1,2015/10/14 9:01,2015/11/25 9:14
121996,十八届五中全会,,2,2015/9/17,1,1,2015/10/17 9:00,2015/11/25 9:14
122002,基金重仓四,,2,2015/9/17,1,1,2015/10/17 9:00,2015/11/25 9:14
122009,智慧交通,,2,2015/9/17,1,1,2015/10/17 9:00,2015/11/25 9:14
122012,电动,,2,2015/9/17,1,1,2015/10/17 9:00,2015/11/25 9:14
122018,在线,,2,2015/9/21,1,1,2015/10/21 9:00,2015/11/25 9:14
122021,产融结合,,2,2015/9/21,1,1,2015/10/21 9:00,2015/11/25 9:14
122025,健康中国,,2,2015/9/27,1,1,2015/10/27 9:00,2015/11/25 9:14
122027,试点,,2,2015/9/27,1,1,2015/10/27 9:00,2015/11/25 9:14
122032,政策受益,,2,2015/9/29,1,1,2015/10/29 9:00,2015/11/25 9:14
122034,教育产业,,2,2015/9/29,1,1,2015/10/29 9:00,2015/11/25 9:14
122036,投资,,2,2015/9/29,1,1,2015/10/29 9:00,2015/11/25 9:14
122039,国开行,,2,2015/9/30,1,1,2015/10/30 9:00,2015/11/25 9:14
122042,能源板块,,2,2015/9/30,1,1,2015/10/30 9:00,2015/11/25 9:14
122044,股市,,2,2015/9/30,1,1,2015/10/30 9:00,2015/11/25 9:14
122046,国开,,2,2015/9/30,1,1,2015/10/30 9:00,2015/11/25 9:14
122047,深圳国改,,2,2015/10/4,1,1,2015/11/3 9:00,2015/11/25 9:14
122051,公益,,2,2015/10/4,1,1,2015/11/3 9:00,2015/11/25 9:14
122053,消费返利,,2,2015/10/4,1,1,2015/11/3 9:00,2015/11/25 9:14
122055,两孩,,2,2015/10/4,1,1,2015/11/3 9:00,2015/11/25 9:14
122058,“十三五”规划,,2,2015/10/6,1,1,2015/11/5 9:00,2015/11/25 9:14
122063,防伪,,2,2015/10/6,1,1,2015/11/5 9:00,2015/11/25 9:14
122066,规划,,2,2015/10/6,1,1,2015/11/5 9:00,2015/11/25 9:14
122069,核废料,,2,2015/10/6,1,1,2015/11/5 9:00,2015/11/25 9:14
122070,家装,,2,2015/10/6,1,1,2015/11/5 9:00,2015/11/25 9:14
122085,新中国,,2,2015/10/13,1,1,2015/11/12 9:00,2015/11/25 9:14
122091,印钞,,2,2015/10/14,1,1,2015/11/13 9:00,2015/11/25 9:14
122093,VR,,2,2015/10/14,1,1,2015/11/13 9:00,2015/11/25 9:14
122096,港股通弃蓝筹取国策,,2,2015/10/15,1,1,2015/11/14 9:00,2015/11/25 9:14
122103,王思聪,,2,2015/10/19,1,1,2015/11/18 9:00,2015/11/25 9:14
122108,环保税,,2,2015/10/21,1,1,2015/11/20 9:00,2015/11/25 9:14
122115,本地,,2,2015/10/25,1,1,2015/11/24 9:00,2015/11/25 9:14
122117,高送转填权,,2,2015/10/25,1,1,2015/11/24 9:00,2015/11/25 9:14
122119,养老医疗,,2,2015/10/25,1,1,2015/11/24 9:00,2015/11/25 9:14
122122,轻薄,,2,2015/10/26,1,1,2015/11/25 9:00,2015/11/25 9:14
