,close,high,low,ma10,ma20,ma5,ma5-ma20,ma60,open,vol,volume
2011-12-09,0.797,0.814,0.795,           ,           ,           ,,           ,0.795,106177232.0,
2011-12-12,0.79,0.803,0.79,           ,           ,           ,,           ,0.79,31106508.0,
2011-12-13,0.768,0.788,0.763,           ,           ,           ,,           ,0.788,96744368.0,
2011-12-14,0.76,0.777,0.755,           ,           ,           ,,           ,0.768,81609472.0,
2011-12-15,0.752,0.764,0.747,           ,           ,0.773,,           ,0.755,41700500.0,
2011-12-16,0.781,0.784,0.748,           ,           ,0.77,,           ,0.75,82938440.0,
2011-12-19,0.795,0.795,0.766,           ,           ,0.771,,           ,0.775,106873520.0,
2011-12-20,0.78,0.8,0.78,           ,           ,0.774,,           ,0.795,65199184.0,
2011-12-21,0.766,0.791,0.766,           ,           ,0.775,,           ,0.786,48542544.0,
2011-12-22,0.757,0.768,0.73,0.775,           ,0.776,,           ,0.756,70938408.0,
2011-12-23,0.761,0.773,0.749,0.771,           ,0.772,,           ,0.75,101360320.0,
2011-12-26,0.755,0.773,0.751,0.767,           ,0.764,,           ,0.759,45685476.0,
2011-12-27,0.729,0.754,0.727,0.764,           ,0.754,,           ,0.75,109915968.0,
2011-12-28,0.719,0.724,0.703,0.76,           ,0.744,,           ,0.72,115703880.0,
2011-12-29,0.718,0.726,0.711,0.756,           ,0.736,,           ,0.713,33972048.0,
2011-12-30,0.729,0.732,0.722,0.751,           ,0.73,,           ,0.723,77257520.0,
2012-01-04,0.708,0.739,0.708,0.742,           ,0.721,,           ,0.735,36049352.0,
2012-01-05,0.672,0.705,0.666,0.731,           ,0.709,,           ,0.705,66382216.0,
2012-01-06,0.67,0.676,0.647,0.722,           ,0.699,,           ,0.668,138794080.0,
2012-01-09,0.696,0.698,0.658,0.716,0.745,0.695,,           ,0.667,177847072.0,
2012-01-10,0.72,0.722,0.691,0.712,0.741,0.693,,           ,0.696,75556136.0,
2012-01-11,0.723,0.731,0.711,0.708,0.738,0.696,,           ,0.717,125941376.0,
2012-01-12,0.711,0.73,0.71,0.707,0.735,0.704,,           ,0.717,79838624.0,
2012-01-13,0.668,0.711,0.666,0.702,0.731,0.704,,           ,0.709,211204112.0,
2012-01-16,0.635,0.66,0.635,0.693,0.725,0.691,,           ,0.656,92503552.0,
2012-01-17,0.666,0.67,0.627,0.687,0.719,0.681,,           ,0.635,226998256.0,
2012-01-18,0.624,0.669,0.624,0.678,0.71,0.661,,           ,0.665,87704160.0,
2012-01-19,0.635,0.639,0.615,0.675,0.703,0.646,,           ,0.619,101084632.0,
2012-01-20,0.648,0.653,0.634,0.673,0.697,0.642,,           ,0.634,107639896.0,
2012-01-30,0.655,0.663,0.645,0.668,0.692,0.646,,           ,0.649,92379696.0,
2012-01-31,0.65,0.655,0.638,0.661,0.687,0.642,,           ,0.652,62003252.0,
2012-02-01,0.653,0.666,0.648,0.655,0.681,0.648,,           ,0.651,150784768.0,
2012-02-02,0.67,0.67,0.653,0.65,0.679,0.655,,           ,0.654,73896736.0,
2012-02-03,0.682,0.685,0.664,0.652,0.677,0.662,,           ,0.669,103945856.0,
2012-02-06,0.69,0.693,0.683,0.657,0.675,0.669,,           ,0.683,129940592.0,
2012-02-07,0.675,0.685,0.671,0.658,0.673,0.674,,           ,0.683,109232272.0,
2012-02-08,0.696,0.697,0.671,0.665,0.672,0.683,,           ,0.677,200855440.0,
2012-02-09,0.701,0.708,0.693,0.672,0.673,0.689,,           ,0.694,116409288.0,
2012-02-10,0.701,0.708,0.695,0.677,0.675,0.693,,           ,0.7,113099856.0,
2012-02-13,0.718,0.721,0.691,0.684,0.676,0.698,,           ,0.694,117284664.0,
2012-02-14,0.715,0.719,0.708,0.69,0.676,0.706,,           ,0.715,58079240.0,
2012-02-15,0.726,0.727,0.708,0.697,0.676,0.712,,           ,0.714,79149856.0,
2012-02-16,0.723,0.734,0.715,0.703,0.677,0.717,,           ,0.723,50055724.0,
2012-02-17,0.719,0.728,0.71,0.706,0.679,0.72,,           ,0.726,67987776.0,
2012-02-20,0.723,0.734,0.722,0.71,0.683,0.721,,           ,0.725,39183956.0,
2012-02-21,0.738,0.739,0.716,0.716,0.687,0.726,,           ,0.721,77306936.0,
2012-02-22,0.762,0.767,0.737,0.723,0.694,0.733,,           ,0.738,193157648.0,
2012-02-23,0.76,0.768,0.75,0.729,0.7,0.74,,           ,0.765,124234296.0,
2012-02-24,0.764,0.768,0.755,0.735,0.706,0.749,,           ,0.758,136445088.0,
2012-02-27,0.763,0.774,0.761,0.739,0.711,0.757,,           ,0.764,110213496.0,
2012-02-28,0.75,0.759,0.74,0.743,0.716,0.76,,           ,0.758,93806672.0,
2012-02-29,0.737,0.751,0.734,0.744,0.721,0.755,,           ,0.745,82783744.0,
2012-03-01,0.743,0.75,0.733,0.746,0.724,0.751,,           ,0.733,82547416.0,
2012-03-02,0.759,0.759,0.743,0.75,0.728,0.75,,           ,0.744,64597656.0,
2012-03-05,0.761,0.769,0.758,0.754,0.732,0.75,,           ,0.76,47158412.0,
2012-03-06,0.752,0.76,0.744,0.755,0.736,0.75,,           ,0.756,54151724.0,
2012-03-07,0.749,0.761,0.74,0.754,0.738,0.753,,           ,0.743,61384480.0,
2012-03-08,0.765,0.766,0.75,0.754,0.741,0.757,,           ,0.75,40179180.0,
2012-03-09,0.779,0.78,0.765,0.756,0.745,0.761,,           ,0.767,122944480.0,
2012-03-12,0.786,0.787,0.779,0.758,0.749,0.766,,0.723,0.783,107803776.0,
2012-03-13,0.793,0.794,0.783,0.762,0.753,0.774,,0.723,0.787,35307492.0,
2012-03-14,0.756,0.802,0.751,0.764,0.754,0.776,,0.723,0.8,125620704.0,
2012-03-15,0.747,0.762,0.735,0.765,0.755,0.772,,0.722,0.759,129150600.0,
2012-03-16,0.767,0.769,0.747,0.765,0.758,0.77,,0.722,0.749,98307632.0,
2012-03-19,0.78,0.783,0.763,0.767,0.761,0.769,,0.723,0.764,65436560.0,
2012-03-20,0.756,0.776,0.755,0.768,0.761,0.761,,0.722,0.775,89051864.0,
2012-03-21,0.75,0.763,0.738,0.768,0.761,0.76,,0.722,0.759,68199856.0,
2012-03-22,0.752,0.759,0.743,0.767,0.76,0.761,,0.721,0.75,51353588.0,
2012-03-23,0.74,0.752,0.735,0.763,0.759,0.756,,0.721,0.75,77648840.0,
2012-03-26,0.739,0.744,0.732,0.758,0.758,0.747,,0.721,0.738,21587764.0,
2012-03-27,0.737,0.748,0.735,0.752,0.757,0.744,,0.72,0.746,37273852.0,
2012-03-28,0.7,0.733,0.699,0.747,0.756,0.734,,0.719,0.733,46298272.0,
2012-03-29,0.686,0.698,0.678,0.741,0.753,0.72,,0.718,0.698,64397460.0,
2012-03-30,0.683,0.69,0.677,0.732,0.749,0.709,,0.718,0.686,27879706.0,
2012-04-05,0.701,0.702,0.678,0.724,0.746,0.701,,0.718,0.68,64860940.0,
2012-04-06,0.703,0.708,0.695,0.719,0.743,0.695,,0.717,0.7,50509288.0,
2012-04-09,0.691,0.705,0.691,0.713,0.741,0.693,,0.717,0.701,25538368.0,
2012-04-10,0.7,0.701,0.675,0.708,0.737,0.696,,0.717,0.691,43221724.0,
2012-04-11,0.701,0.704,0.688,0.704,0.733,0.699,,0.718,0.69,40536952.0,
2012-04-12,0.718,0.718,0.699,0.702,0.73,0.703,,0.718,0.701,71346336.0,
2012-04-13,0.722,0.728,0.716,0.701,0.726,0.706,,0.718,0.719,63592248.0,
2012-04-16,0.719,0.723,0.713,0.702,0.725,0.712,,0.718,0.715,37035196.0,
2012-04-17,0.71,0.721,0.708,0.705,0.723,0.714,,0.718,0.719,35016344.0,
2012-04-18,0.728,0.73,0.712,0.709,0.721,0.719,,0.719,0.713,124734696.0,
2012-04-19,0.728,0.732,0.724,0.712,0.718,0.721,,0.721,0.726,61837904.0,
2012-04-20,0.729,0.732,0.723,0.715,0.717,0.723,,0.722,0.726,54608148.0,
2012-04-23,0.686,0.725,0.686,0.714,0.714,0.716,,0.723,0.725,141603360.0,
2012-04-24,0.683,0.691,0.664,0.712,0.71,0.711,,0.724,0.681,68260112.0,
2012-04-25,0.684,0.688,0.676,0.711,0.707,0.702,,0.724,0.681,34922140.0,
2012-04-26,0.681,0.689,0.676,0.707,0.705,0.693,,0.725,0.689,36139008.0,
2012-04-27,0.688,0.693,0.678,0.704,0.702,0.684,,0.725,0.68,44496472.0,
2012-05-02,0.698,0.701,0.689,0.702,0.702,0.687,,0.726,0.696,66155100.0,
2012-05-03,0.703,0.704,0.694,0.701,0.703,0.691,,0.727,0.697,58050456.0,
2012-05-04,0.719,0.719,0.703,0.7,0.705,0.698,,0.727,0.703,84968456.0,
2012-05-07,0.737,0.737,0.714,0.701,0.706,0.709,,0.728,0.717,96135400.0,
2012-05-08,0.734,0.743,0.734,0.701,0.708,0.718,,0.729,0.739,115937728.0,
2012-05-09,0.724,0.733,0.722,0.705,0.71,0.723,,0.729,0.729,64441568.0,
2012-05-10,0.732,0.735,0.723,0.71,0.711,0.729,,0.73,0.725,75957656.0,
2012-05-11,0.722,0.735,0.722,0.714,0.712,0.73,,0.73,0.73,58180736.0,
2012-05-14,0.722,0.735,0.721,0.718,0.712,0.727,,0.73,0.728,88465800.0,
2012-05-15,0.724,0.725,0.713,0.722,0.713,0.725,,0.731,0.718,43185328.0,
2012-05-16,0.714,0.727,0.714,0.723,0.712,0.723,,0.73,0.723,60953168.0,
2012-05-17,0.72,0.724,0.707,0.725,0.713,0.72,,0.73,0.715,51216976.0,
2012-05-18,0.712,0.722,0.709,0.724,0.712,0.718,,0.73,0.715,31018236.0,
2012-05-21,0.708,0.717,0.703,0.721,0.711,0.716,,0.73,0.712,62550840.0,
2012-05-22,0.721,0.722,0.711,0.72,0.711,0.715,,0.73,0.711,42735560.0,
2012-05-23,0.716,0.722,0.71,0.719,0.712,0.715,,0.729,0.72,19088100.0,
2012-05-24,0.716,0.723,0.714,0.717,0.714,0.715,,0.728,0.715,60866808.0,
2012-05-25,0.706,0.72,0.705,0.716,0.715,0.713,,0.727,0.718,35070004.0,
2012-05-28,0.712,0.714,0.69,0.715,0.716,0.714,,0.726,0.701,86387112.0,
2012-05-29,0.725,0.733,0.708,0.715,0.718,0.715,,0.726,0.709,57021352.0,
2012-05-30,0.732,0.737,0.723,0.717,0.72,0.718,,0.726,0.725,50587200.0,
2012-05-31,0.74,0.747,0.728,0.719,0.722,0.723,,0.726,0.73,85139504.0,
2012-06-01,0.739,0.746,0.735,0.722,0.723,0.73,,0.725,0.739,42483792.0,
2012-06-04,0.723,0.741,0.723,0.723,0.722,0.732,,0.725,0.727,39990180.0,
2012-06-05,0.721,0.73,0.718,0.723,0.721,0.731,,0.724,0.724,24605532.0,
2012-06-06,0.72,0.729,0.716,0.723,0.721,0.729,,0.724,0.723,18724092.0,
2012-06-07,0.717,0.732,0.715,0.724,0.72,0.724,,0.723,0.725,17286572.0,
2012-06-08,0.721,0.728,0.715,0.725,0.72,0.72,,0.722,0.724,60689408.0,
2012-06-11,0.744,0.744,0.72,0.728,0.722,0.725,,0.721,0.721,88951616.0,
2012-06-12,0.741,0.746,0.738,0.73,0.722,0.729,,0.72,0.74,161794368.0,
2012-06-13,0.752,0.753,0.742,0.732,0.724,0.735,,0.72,0.743,62582188.0,
2012-06-14,0.745,0.757,0.744,0.732,0.726,0.741,,0.72,0.751,57417836.0,
2012-06-15,0.747,0.753,0.739,0.733,0.727,0.746,,0.72,0.748,42084328.0,
2012-06-18,0.759,0.763,0.751,0.737,0.73,0.749,,0.72,0.755,41460876.0,
2012-06-19,0.752,0.758,0.751,0.74,0.731,0.751,,0.72,0.758,39424948.0,
2012-06-20,0.754,0.758,0.751,0.743,0.733,0.751,,0.72,0.755,79528528.0,
2012-06-21,0.744,0.753,0.737,0.746,0.735,0.751,,0.72,0.753,35010048.0,
2012-06-25,0.73,0.742,0.729,0.747,0.736,0.748,,0.719,0.74,24872658.0,
2012-06-26,0.721,0.727,0.71,0.744,0.736,0.74,,0.719,0.725,97951240.0,
2012-06-27,0.725,0.736,0.719,0.743,0.736,0.735,,0.719,0.72,53839932.0,
2012-06-28,0.716,0.735,0.716,0.739,0.736,0.727,,0.719,0.726,38871860.0,
2012-06-29,0.734,0.734,0.712,0.738,0.735,0.725,,0.72,0.713,103093480.0,
2012-07-02,0.75,0.753,0.735,0.738,0.736,0.729,,0.721,0.74,48454872.0,
2012-07-03,0.749,0.758,0.745,0.738,0.737,0.735,,0.722,0.747,41713708.0,
2012-07-04,0.743,0.753,0.742,0.737,0.738,0.738,,0.723,0.752,26566940.0,
2012-07-05,0.728,0.741,0.726,0.734,0.739,0.741,,0.723,0.741,77129888.0,
2012-07-06,0.745,0.745,0.718,0.734,0.74,0.743,,0.724,0.732,166487200.0,
2012-07-09,0.725,0.743,0.725,0.734,0.74,0.738,,0.724,0.74,67771600.0,
2012-07-10,0.72,0.727,0.716,0.733,0.739,0.732,,0.724,0.724,63100580.0,
2012-07-11,0.726,0.726,0.713,0.734,0.738,0.729,,0.724,0.719,42700396.0,
2012-07-12,0.738,0.742,0.721,0.736,0.738,0.731,,0.725,0.723,64080636.0,
2012-07-13,0.73,0.741,0.726,0.735,0.737,0.728,,0.725,0.737,43571788.0,
2012-07-16,0.697,0.73,0.696,0.73,0.734,0.722,,0.725,0.73,28504680.0,
2012-07-17,0.702,0.702,0.688,0.725,0.731,0.719,,0.724,0.688,41081540.0,
2012-07-18,0.707,0.708,0.69,0.722,0.729,0.715,,0.724,0.698,64955096.0,
2012-07-19,0.714,0.72,0.704,0.72,0.727,0.71,,0.724,0.704,71316488.0,
2012-07-20,0.71,0.719,0.709,0.717,0.726,0.706,,0.725,0.714,28183284.0,
2012-07-23,0.711,0.714,0.701,0.715,0.725,0.709,,0.725,0.701,25423084.0,
2012-07-24,0.711,0.718,0.702,0.715,0.724,0.711,,0.726,0.707,49017204.0,
2012-07-25,0.713,0.721,0.708,0.713,0.723,0.712,,0.726,0.711,37004948.0,
2012-07-26,0.712,0.723,0.709,0.711,0.723,0.711,,0.726,0.712,39628936.0,
2012-07-27,0.709,0.716,0.704,0.709,0.722,0.711,,0.726,0.715,19343650.0,
2012-07-30,0.694,0.714,0.692,0.708,0.719,0.708,,0.726,0.708,12982138.0,
2012-07-31,0.683,0.693,0.678,0.706,0.716,0.702,,0.725,0.691,139290880.0,
2012-08-01,0.695,0.701,0.682,0.705,0.713,0.699,,0.724,0.682,81192448.0,
2012-08-02,0.695,0.7,0.689,0.703,0.712,0.695,,0.724,0.694,39625856.0,
2012-08-03,0.719,0.719,0.695,0.704,0.711,0.697,,0.724,0.697,59682184.0,
2012-08-06,0.736,0.738,0.712,0.707,0.711,0.706,,0.724,0.714,84642688.0,
2012-08-07,0.741,0.743,0.735,0.71,0.712,0.717,,0.724,0.736,39016528.0,
2012-08-08,0.735,0.741,0.728,0.712,0.713,0.725,,0.724,0.741,28718712.0,
2012-08-09,0.748,0.749,0.732,0.715,0.713,0.736,,0.725,0.736,62206316.0,
2012-08-10,0.748,0.75,0.739,0.719,0.714,0.742,,0.725,0.747,26009580.0,
2012-08-13,0.732,0.747,0.732,0.723,0.716,0.741,,0.726,0.746,20254524.0,
2012-08-14,0.742,0.743,0.717,0.729,0.718,0.741,,0.726,0.73,80927152.0,
2012-08-15,0.734,0.742,0.733,0.733,0.719,0.741,,0.727,0.739,40284760.0,
2012-08-16,0.729,0.736,0.727,0.736,0.72,0.737,,0.727,0.732,17266144.0,
2012-08-17,0.727,0.729,0.718,0.737,0.721,0.733,,0.727,0.727,42804460.0,
2012-08-20,0.736,0.738,0.717,0.737,0.722,0.734,,0.727,0.719,73989320.0,
2012-08-21,0.753,0.758,0.734,0.738,0.724,0.736,,0.728,0.735,95965896.0,
2012-08-22,0.752,0.762,0.747,0.74,0.726,0.739,,0.729,0.753,69073992.0,
2012-08-23,0.755,0.758,0.748,0.741,0.728,0.745,,0.729,0.751,68160336.0,
2012-08-24,0.739,0.756,0.739,0.74,0.73,0.747,,0.729,0.753,34891508.0,
2012-08-27,0.728,0.736,0.726,0.739,0.731,0.745,,0.729,0.736,57511584.0,
2012-08-28,0.733,0.74,0.722,0.739,0.734,0.741,,0.729,0.727,104145512.0,
2012-08-29,0.731,0.741,0.727,0.738,0.736,0.737,,0.729,0.73,71466952.0,
2012-08-30,0.707,0.734,0.697,0.736,0.736,0.728,,0.729,0.727,209821632.0,
2012-08-31,0.713,0.715,0.702,0.735,0.736,0.722,,0.729,0.704,70363448.0,
2012-09-03,0.729,0.73,0.705,0.734,0.736,0.723,,0.729,0.71,91480048.0,
2012-09-04,0.728,0.737,0.725,0.731,0.735,0.722,,0.729,0.729,41094528.0,
2012-09-05,0.736,0.738,0.722,0.73,0.735,0.723,,0.729,0.724,63744296.0,
2012-09-06,0.744,0.745,0.732,0.729,0.735,0.73,,0.728,0.738,50469348.0,
2012-09-07,0.766,0.776,0.748,0.731,0.736,0.741,,0.729,0.748,131526752.0,
2012-09-10,0.767,0.77,0.76,0.735,0.737,0.748,,0.729,0.768,77966840.0,
2012-09-11,0.766,0.768,0.76,0.739,0.739,0.756,,0.729,0.764,26411000.0,
2012-09-12,0.766,0.771,0.758,0.742,0.74,0.762,,0.73,0.768,56721060.0,
2012-09-13,0.751,0.771,0.751,0.747,0.741,0.763,,0.729,0.766,26380696.0,
2012-09-14,0.748,0.759,0.745,0.75,0.742,0.76,,0.73,0.755,51715084.0,
2012-09-17,0.727,0.746,0.727,0.75,0.742,0.752,,0.729,0.746,35880316.0,
2012-09-18,0.729,0.736,0.723,0.75,0.741,0.744,,0.73,0.723,64704368.0,
2012-09-19,0.734,0.736,0.727,0.75,0.74,0.738,,0.73,0.729,88320520.0,
2012-09-20,0.712,0.733,0.707,0.747,0.738,0.73,,0.73,0.733,26999672.0,
2012-09-21,0.694,0.713,0.694,0.739,0.735,0.719,,0.729,0.712,104414496.0,
2012-09-24,0.696,0.702,0.682,0.732,0.734,0.713,,0.728,0.69,121017824.0,
2012-09-25,0.684,0.699,0.684,0.724,0.731,0.704,,0.727,0.69,22457642.0,
2012-09-26,0.666,0.687,0.664,0.714,0.728,0.69,,0.726,0.686,29980188.0,
2012-09-27,0.683,0.686,0.668,0.707,0.727,0.685,,0.725,0.67,126248936.0,
2012-09-28,0.696,0.696,0.674,0.702,0.726,0.685,,0.724,0.677,181137392.0,
2012-10-08,0.697,0.697,0.68,0.699,0.725,0.685,,0.724,0.69,21813652.0,
2012-10-09,0.717,0.718,0.693,0.698,0.724,0.692,,0.724,0.698,68931520.0,
2012-10-10,0.725,0.727,0.711,0.697,0.723,0.704,,0.724,0.716,62208752.0,
2012-10-11,0.717,0.729,0.715,0.698,0.722,0.71,,0.723,0.725,33641228.0,
2012-10-12,0.711,0.726,0.703,0.699,0.719,0.713,,0.723,0.717,54610744.0,
2012-10-15,0.708,0.712,0.697,0.7,0.716,0.716,,0.723,0.712,17288698.0,
2012-10-16,0.709,0.716,0.702,0.703,0.714,0.714,,0.723,0.707,66098144.0,
2012-10-17,0.713,0.715,0.704,0.708,0.711,0.712,,0.723,0.709,58684160.0,
2012-10-18,0.724,0.727,0.713,0.712,0.71,0.713,,0.724,0.713,66079964.0,
2012-10-19,0.723,0.727,0.719,0.714,0.708,0.715,,0.724,0.724,20099900.0,
2012-10-22,0.728,0.729,0.717,0.718,0.708,0.719,,0.724,0.717,17094578.0,
2012-10-23,0.713,0.73,0.712,0.717,0.708,0.72,,0.724,0.729,25588520.0,
2012-10-24,0.711,0.718,0.708,0.716,0.706,0.72,,0.724,0.708,18770734.0,
2012-10-25,0.699,0.717,0.699,0.714,0.706,0.715,,0.724,0.71,30746804.0,
2012-10-26,0.688,0.699,0.683,0.712,0.705,0.708,,0.723,0.699,22324010.0,
2012-10-29,0.692,0.695,0.685,0.71,0.705,0.701,,0.723,0.688,13186491.0,
2012-10-30,0.692,0.7,0.69,0.708,0.706,0.696,,0.724,0.691,25852028.0,
2012-10-31,0.695,0.696,0.688,0.707,0.707,0.693,,0.724,0.692,10835526.0,
2012-11-01,0.706,0.708,0.695,0.705,0.708,0.695,,0.724,0.697,24939042.0,
2012-11-02,0.705,0.707,0.7,0.703,0.709,0.698,,0.724,0.704,13404026.0,
2012-11-05,0.696,0.707,0.694,0.7,0.709,0.699,,0.723,0.705,14044895.0,
2012-11-06,0.693,0.696,0.683,0.698,0.707,0.699,,0.722,0.693,11802459.0,
2012-11-07,0.692,0.697,0.69,0.696,0.706,0.698,,0.721,0.694,9188159.0,
2012-11-08,0.679,0.689,0.679,0.694,0.704,0.693,,0.72,0.687,10300303.0,
2012-11-09,0.678,0.683,0.676,0.693,0.702,0.688,,0.719,0.678,6268742.0,
2012-11-12,0.682,0.685,0.675,0.692,0.701,0.685,,0.718,0.679,12094975.0,
2012-11-13,0.671,0.682,0.669,0.69,0.699,0.68,,0.717,0.682,7374979.0,
2012-11-14,0.669,0.672,0.661,0.687,0.697,0.676,,0.716,0.671,9047809.0,
2012-11-15,0.663,0.671,0.661,0.683,0.694,0.673,,0.715,0.667,7733907.0,
2012-11-16,0.661,0.664,0.658,0.678,0.691,0.669,,0.714,0.663,9828079.0,
2012-11-19,0.661,0.661,0.65,0.675,0.687,0.665,,0.713,0.661,14123938.0,
2012-11-20,0.661,0.666,0.658,0.672,0.685,0.663,,0.711,0.662,12409853.0,
2012-11-21,0.666,0.668,0.65,0.669,0.682,0.662,,0.71,0.661,46270640.0,
2012-11-22,0.655,0.662,0.653,0.667,0.68,0.661,,0.708,0.662,8140957.0,
2012-11-23,0.656,0.66,0.652,0.664,0.679,0.66,,0.706,0.657,8437833.0,
2012-11-26,0.643,0.656,0.642,0.661,0.676,0.656,,0.705,0.656,8113600.0,
2012-11-27,0.62,0.644,0.619,0.655,0.673,0.648,,0.703,0.644,28968508.0,
2012-11-28,0.611,0.62,0.609,0.65,0.668,0.637,,0.701,0.617,31301540.0,
2012-11-29,0.607,0.616,0.606,0.644,0.663,0.627,,0.7,0.613,22792600.0,
2012-11-30,0.608,0.613,0.604,0.639,0.659,0.618,,0.698,0.605,42381936.0,
2012-12-03,0.598,0.611,0.597,0.633,0.654,0.609,,0.696,0.608,15245044.0,
2012-12-04,0.603,0.607,0.589,0.627,0.649,0.605,,0.694,0.597,64427684.0,
2012-12-05,0.627,0.632,0.6,0.623,0.646,0.609,,0.692,0.603,85507088.0,
2012-12-06,0.626,0.633,0.622,0.62,0.643,0.612,,0.69,0.627,24512200.0,
2012-12-07,0.641,0.642,0.623,0.618,0.641,0.619,,0.688,0.626,58498592.0,
2012-12-10,0.649,0.652,0.638,0.619,0.64,0.629,,0.686,0.641,41943840.0,
2012-12-11,0.642,0.649,0.641,0.621,0.638,0.637,,0.684,0.647,14042117.0,
2012-12-12,0.642,0.644,0.633,0.624,0.637,0.64,,0.682,0.641,21108548.0,
2012-12-13,0.633,0.644,0.632,0.627,0.635,0.641,,0.68,0.64,10948357.0,
2012-12-14,0.661,0.663,0.633,0.632,0.636,0.645,,0.678,0.633,142672432.0,
2012-12-17,0.654,0.663,0.647,0.638,0.635,0.646,,0.677,0.661,27717358.0,
2012-12-18,0.649,0.659,0.647,0.642,0.635,0.648,,0.676,0.652,33036352.0,
2012-12-19,0.654,0.658,0.647,0.645,0.634,0.65,,0.674,0.65,43081640.0,
2012-12-20,0.661,0.661,0.65,0.649,0.634,0.656,,0.673,0.651,32403816.0,
2012-12-21,0.671,0.674,0.656,0.652,0.635,0.658,,0.673,0.661,45646144.0,
2012-12-24,0.683,0.683,0.667,0.655,0.637,0.664,,0.673,0.668,32731848.0,
2012-12-25,0.697,0.699,0.678,0.66,0.641,0.673,,0.673,0.678,43877428.0,
2012-12-26,0.711,0.713,0.692,0.667,0.646,0.685,,0.674,0.697,29809132.0,
2012-12-27,0.703,0.715,0.7,0.674,0.651,0.693,,0.674,0.712,64055608.0,
2012-12-28,0.709,0.709,0.696,0.679,0.656,0.701,,0.674,0.701,40372972.0,
2012-12-31,0.713,0.713,0.705,0.685,0.661,0.707,,0.675,0.711,46928032.0,
2013-01-04,0.708,0.721,0.7,0.691,0.667,0.709,,0.674,0.72,19537488.0,
2013-01-07,0.721,0.721,0.702,0.698,0.671,0.711,,0.674,0.703,41333844.0,
2013-01-08,0.737,0.74,0.717,0.705,0.677,0.718,,0.675,0.72,80299896.0,
2013-01-09,0.735,0.742,0.728,0.712,0.682,0.723,,0.675,0.734,46482288.0,
2013-01-10,0.743,0.746,0.731,0.718,0.686,0.729,,0.676,0.734,37349808.0,
2013-01-11,0.731,0.747,0.73,0.721,0.691,0.733,,0.676,0.744,40108612.0,
2013-01-14,0.762,0.764,0.73,0.726,0.697,0.742,,0.677,0.73,58161764.0,
2013-01-15,0.78,0.784,0.765,0.734,0.704,0.75,,0.678,0.766,66524536.0,
2013-01-16,0.774,0.78,0.761,0.74,0.71,0.758,,0.679,0.78,33589732.0,
2013-01-17,0.768,0.777,0.767,0.746,0.715,0.763,,0.679,0.774,40274816.0,
2013-01-18,0.79,0.79,0.772,0.754,0.723,0.775,,0.681,0.772,88875824.0,
2013-01-21,0.794,0.795,0.783,0.761,0.73,0.781,,0.682,0.79,32288052.0,
2013-01-22,0.774,0.793,0.769,0.765,0.735,0.78,,0.683,0.792,63626044.0,
2013-01-23,0.781,0.783,0.764,0.77,0.741,0.781,,0.685,0.774,36537188.0,
2013-01-24,0.759,0.788,0.752,0.771,0.744,0.78,,0.686,0.78,64338132.0,
2013-01-25,0.763,0.768,0.755,0.775,0.748,0.774,,0.687,0.755,31868316.0,
2013-01-28,0.786,0.786,0.764,0.777,0.752,0.773,,0.689,0.764,43137968.0,
2013-01-29,0.792,0.797,0.786,0.778,0.756,0.776,,0.69,0.788,42708716.0,
2013-01-30,0.784,0.793,0.777,0.779,0.76,0.777,,0.691,0.793,37624396.0,
2013-01-31,0.78,0.786,0.771,0.78,0.763,0.781,,0.693,0.784,23784124.0,
2013-02-01,0.783,0.787,0.774,0.78,0.767,0.785,,0.694,0.778,43191948.0,
2013-02-04,0.771,0.788,0.766,0.777,0.769,0.782,,0.696,0.784,37895108.0,
2013-02-05,0.784,0.785,0.766,0.778,0.772,0.78,,0.697,0.767,43681444.0,
2013-02-06,0.791,0.796,0.78,0.779,0.775,0.782,,0.699,0.782,81640392.0,
2013-02-07,0.806,0.807,0.788,0.784,0.778,0.787,,0.701,0.79,80922160.0,
2013-02-08,0.822,0.825,0.805,0.79,0.782,0.795,,0.704,0.806,111725792.0,
2013-02-18,0.832,0.834,0.823,0.795,0.786,0.807,,0.706,0.827,82244056.0,
2013-02-19,0.818,0.833,0.814,0.797,0.788,0.814,,0.709,0.833,72587336.0,
2013-02-20,0.851,0.851,0.815,0.804,0.791,0.826,,0.712,0.816,105582760.0,
2013-02-21,0.838,0.853,0.827,0.81,0.795,0.832,,0.715,0.845,82168672.0,
2013-02-22,0.835,0.848,0.833,0.815,0.797,0.835,,0.718,0.837,45380772.0,
2013-02-25,0.854,0.857,0.833,0.823,0.8,0.839,,0.721,0.833,68782256.0,
2013-02-26,0.85,0.864,0.844,0.83,0.804,0.846,,0.724,0.851,85234320.0,
2013-02-27,0.842,0.855,0.833,0.835,0.807,0.844,,0.728,0.85,53116092.0,
2013-02-28,0.86,0.861,0.84,0.84,0.812,0.848,,0.731,0.843,47931872.0,
2013-03-01,0.885,0.885,0.858,0.846,0.818,0.858,,0.736,0.86,80017352.0,
2013-03-04,0.863,0.886,0.849,0.85,0.822,0.86,,0.74,0.878,94783160.0,
2013-03-05,0.887,0.887,0.854,0.857,0.827,0.867,,0.744,0.863,72876976.0,
2013-03-06,0.902,0.904,0.886,0.862,0.833,0.879,,0.749,0.888,63877916.0,
2013-03-07,0.88,0.9,0.865,0.866,0.838,0.883,,0.754,0.899,69540440.0,
2013-03-08,0.863,0.883,0.858,0.869,0.842,0.879,,0.758,0.878,53878700.0,
2013-03-11,0.867,0.871,0.854,0.87,0.846,0.88,,0.762,0.859,20808464.0,
2013-03-12,0.836,0.871,0.825,0.868,0.849,0.87,,0.766,0.867,80640880.0,
2013-03-13,0.832,0.836,0.817,0.867,0.851,0.856,,0.769,0.832,37738744.0,
2013-03-14,0.84,0.845,0.825,0.866,0.853,0.848,,0.772,0.829,44790476.0,
2013-03-15,0.853,0.868,0.834,0.862,0.854,0.846,,0.776,0.837,64648248.0,
2013-03-18,0.85,0.861,0.845,0.861,0.855,0.842,,0.779,0.848,66070984.0,
2013-03-19,0.841,0.853,0.826,0.856,0.856,0.843,,0.783,0.847,26053384.0,
2013-03-20,0.864,0.865,0.838,0.853,0.857,0.85,,0.786,0.841,80971336.0,
2013-03-21,0.88,0.886,0.865,0.853,0.859,0.858,,0.79,0.865,69038104.0,
2013-03-22,0.878,0.883,0.872,0.854,0.861,0.863,,0.794,0.878,32516964.0,
2013-03-25,0.88,0.884,0.87,0.855,0.863,0.869,,0.797,0.882,33123224.0,
2013-03-26,0.872,0.879,0.856,0.859,0.864,0.875,,0.801,0.875,50471456.0,
2013-03-27,0.882,0.884,0.87,0.864,0.866,0.878,,0.804,0.872,30565500.0,
2013-03-28,0.864,0.877,0.855,0.866,0.866,0.875,,0.808,0.87,41656096.0,
2013-03-29,0.86,0.87,0.857,0.867,0.865,0.872,,0.81,0.865,33970608.0,
2013-04-01,0.875,0.88,0.85,0.87,0.865,0.871,,0.813,0.861,19252320.0,
2013-04-02,0.847,0.884,0.839,0.87,0.863,0.866,,0.815,0.877,39050376.0,
2013-04-03,0.829,0.848,0.825,0.867,0.86,0.855,,0.817,0.84,21859608.0,
2013-04-08,0.854,0.854,0.815,0.864,0.858,0.853,,0.82,0.821,35171044.0,
2013-04-09,0.86,0.864,0.848,0.862,0.858,0.853,,0.822,0.853,19785932.0,
2013-04-10,0.849,0.86,0.839,0.859,0.857,0.848,,0.824,0.857,22429188.0,
2013-04-11,0.849,0.856,0.845,0.857,0.858,0.848,,0.826,0.85,11417311.0,
2013-04-12,0.844,0.851,0.835,0.853,0.859,0.851,,0.828,0.835,8120409.0,
2013-04-15,0.834,0.844,0.83,0.85,0.858,0.847,,0.83,0.844,29175772.0,
2013-04-16,0.842,0.843,0.821,0.848,0.858,0.844,,0.831,0.827,14293558.0,
2013-04-17,0.866,0.867,0.838,0.847,0.858,0.847,,0.833,0.842,26830428.0,
2013-04-18,0.871,0.876,0.857,0.85,0.86,0.851,,0.835,0.861,22591232.0,
2013-04-19,0.891,0.897,0.871,0.856,0.861,0.861,,0.837,0.872,60732016.0,
2013-04-22,0.915,0.915,0.888,0.862,0.863,0.877,,0.839,0.891,54564664.0,
2013-04-23,0.892,0.919,0.887,0.865,0.864,0.887,,0.841,0.919,38997560.0,
2013-04-24,0.926,0.926,0.89,0.873,0.866,0.899,,0.843,0.892,60407976.0,
2013-04-25,0.898,0.937,0.898,0.878,0.867,0.904,,0.845,0.923,71162632.0,
2013-04-26,0.89,0.902,0.882,0.882,0.868,0.904,,0.847,0.892,49671496.0,
2013-05-02,0.914,0.914,0.878,0.89,0.87,0.904,,0.849,0.887,34646148.0,
2013-05-03,0.938,0.939,0.914,0.9,0.874,0.913,,0.852,0.916,55373000.0,
2013-05-06,0.953,0.962,0.938,0.909,0.878,0.919,,0.855,0.94,48196096.0,
2013-05-07,0.95,0.963,0.944,0.917,0.883,0.929,,0.858,0.951,39309864.0,
2013-05-08,0.982,0.982,0.955,0.926,0.891,0.947,,0.861,0.956,43483108.0,
2013-05-09,0.99,0.993,0.972,0.933,0.898,0.963,,0.865,0.979,51813260.0,
2013-05-10,0.987,0.993,0.97,0.943,0.904,0.972,,0.868,0.986,50611636.0,
2013-05-13,0.991,0.992,0.974,0.949,0.911,0.98,,0.872,0.985,111349088.0,
2013-05-14,0.971,0.99,0.964,0.957,0.917,0.984,,0.875,0.99,36797076.0,
2013-05-15,1.01,1.01,0.971,0.969,0.926,0.99,,0.878,0.971,96960368.0,
2013-05-16,1.007,1.034,0.992,0.978,0.934,0.993,,0.882,1.011,148043712.0,
2013-05-17,1.017,1.027,0.998,0.986,0.943,0.999,,0.885,1.005,57993640.0,
2013-05-20,1.048,1.05,1.016,0.995,0.952,1.011,,0.889,1.017,65189112.0,
2013-05-21,1.073,1.074,1.04,1.008,0.962,1.031,,0.893,1.047,66453204.0,
2013-05-22,1.039,1.072,1.031,1.013,0.97,1.037,,0.896,1.072,96895584.0,
2013-05-23,1.043,1.059,1.026,1.019,0.976,1.044,,0.899,1.026,107334064.0,
2013-05-24,1.07,1.072,1.043,1.027,0.985,1.055,,0.903,1.043,56049552.0,
2013-05-27,1.085,1.089,1.066,1.036,0.993,1.062,,0.907,1.066,72546984.0,
2013-05-28,1.054,1.084,1.046,1.045,1.001,1.058,,0.911,1.084,66214516.0,
2013-05-29,1.064,1.064,1.047,1.05,1.009,1.063,,0.914,1.053,66232192.0,
2013-05-30,1.068,1.075,1.053,1.056,1.017,1.068,,0.918,1.059,55901596.0,
2013-05-31,1.067,1.084,1.063,1.061,1.023,1.068,,0.921,1.066,53609300.0,
2013-06-03,1.046,1.07,1.045,1.061,1.028,1.06,,0.924,1.06,50084056.0,
2013-06-04,1.02,1.046,1.007,1.056,1.032,1.053,,0.926,1.046,45372644.0,
2013-06-05,1.035,1.037,1.019,1.055,1.034,1.047,,0.928,1.019,59763504.0,
2013-06-06,1.018,1.03,1.018,1.053,1.036,1.037,,0.931,1.025,24087468.0,
2013-06-07,1.032,1.038,1.014,1.049,1.038,1.03,,0.933,1.02,56256496.0,
2013-06-13,1.024,1.028,0.981,1.043,1.04,1.026,,0.936,1.018,53575348.0,
2013-06-14,1.069,1.07,1.013,1.044,1.044,1.036,,0.94,1.027,81222552.0,
2013-06-17,1.067,1.09,1.064,1.045,1.047,1.042,,0.944,1.073,100966688.0,
2013-06-18,1.068,1.076,1.047,1.045,1.05,1.052,,0.948,1.067,62766124.0,
2013-06-19,1.064,1.069,1.049,1.044,1.053,1.058,,0.951,1.06,88571312.0,
2013-06-20,1.023,1.067,1.023,1.042,1.051,1.058,,0.954,1.055,72636688.0,
2013-06-21,1.027,1.032,0.985,1.043,1.049,1.05,,0.957,1.0,69520464.0,
2013-06-24,0.963,1.018,0.954,1.036,1.045,1.029,,0.959,1.016,87046232.0,
2013-06-25,0.986,0.994,0.902,1.032,1.043,1.013,,0.961,0.946,126076280.0,
2013-06-26,1.045,1.045,0.978,1.034,1.041,1.009,,0.963,0.982,168099536.0,
2013-06-27,1.02,1.064,1.016,1.033,1.038,1.008,,0.966,1.045,143409840.0,
2013-06-28,1.003,1.044,0.996,1.027,1.035,1.003,,0.968,1.003,76332000.0,
2013-07-01,1.06,1.06,1.0,1.026,1.035,1.023,,0.971,1.002,188146368.0,
2013-07-02,1.083,1.084,1.055,1.027,1.036,1.042,,0.974,1.059,325397152.0,
2013-07-03,1.1,1.107,1.06,1.031,1.038,1.053,,0.978,1.072,320637824.0,
2013-07-04,1.087,1.103,1.082,1.037,1.04,1.067,,0.982,1.093,217787312.0,
2013-07-05,1.052,1.089,1.052,1.04,1.041,1.076,,0.985,1.086,110469680.0,
2013-07-08,1.027,1.055,1.011,1.046,1.041,1.07,,0.989,1.024,217386032.0,
2013-07-09,1.048,1.052,1.02,1.052,1.042,1.063,,0.992,1.026,215988768.0,
2013-07-10,1.069,1.069,1.044,1.055,1.044,1.057,,0.995,1.046,155114112.0,
2013-07-11,1.082,1.082,1.05,1.061,1.047,1.056,,0.999,1.068,68092112.0,
2013-07-12,1.092,1.119,1.075,1.07,1.048,1.064,,1.003,1.081,180800896.0,
2013-07-15,1.138,1.14,1.088,1.078,1.052,1.086,,1.008,1.088,224485824.0,
2013-07-16,1.137,1.15,1.126,1.083,1.055,1.104,,1.013,1.14,272521792.0,
2013-07-17,1.126,1.147,1.115,1.086,1.058,1.115,,1.018,1.135,165319872.0,
2013-07-18,1.124,1.136,1.111,1.089,1.063,1.123,,1.022,1.119,214376224.0,
2013-07-19,1.106,1.153,1.106,1.095,1.067,1.126,,1.026,1.124,284660288.0,
2013-07-22,1.154,1.154,1.099,1.108,1.077,1.129,,1.031,1.099,257060512.0,
2013-07-23,1.173,1.18,1.156,1.12,1.086,1.137,,1.035,1.156,217372784.0,
2013-07-24,1.2,1.203,1.17,1.133,1.094,1.151,,1.04,1.174,373226880.0,
2013-07-25,1.147,1.2,1.14,1.14,1.1,1.156,,1.044,1.198,235604768.0,
2013-07-26,1.152,1.156,1.122,1.146,1.108,1.165,,1.048,1.14,262661632.0,
2013-07-29,1.124,1.158,1.123,1.144,1.111,1.159,,1.052,1.143,281027424.0,
2013-07-30,1.11,1.135,1.084,1.142,1.112,1.147,,1.055,1.124,231429040.0,
2013-07-31,1.122,1.13,1.103,1.141,1.113,1.131,,1.058,1.111,229175200.0,
2013-08-01,1.177,1.182,1.121,1.146,1.118,1.137,,1.062,1.123,368474176.0,
2013-08-02,1.169,1.193,1.168,1.153,1.124,1.14,,1.066,1.182,302862464.0,
2013-08-05,1.193,1.193,1.166,1.157,1.132,1.154,,1.069,1.167,208614416.0,
2013-08-06,1.196,1.206,1.184,1.159,1.14,1.171,,1.073,1.186,195885680.0,
2013-08-07,1.162,1.196,1.158,1.155,1.144,1.179,,1.075,1.196,197447376.0,
2013-08-08,1.171,1.184,1.151,1.158,1.149,1.178,,1.078,1.155,216354256.0,
2013-08-09,1.161,1.181,1.137,1.158,1.152,1.177,,1.082,1.171,181530192.0,
2013-08-12,1.152,1.172,1.132,1.161,1.153,1.168,,1.084,1.159,129442152.0,
2013-08-13,1.163,1.169,1.138,1.167,1.154,1.162,,1.087,1.153,178080192.0,
2013-08-14,1.172,1.172,1.145,1.172,1.156,1.164,,1.089,1.16,232477408.0,
2013-08-15,1.151,1.172,1.151,1.169,1.158,1.16,,1.091,1.165,240583888.0,
2013-08-16,1.117,1.163,1.117,1.164,1.158,1.151,,1.092,1.142,163515856.0,
2013-08-19,1.164,1.164,1.11,1.161,1.159,1.153,,1.094,1.112,225059552.0,
2013-08-20,1.16,1.168,1.15,1.157,1.158,1.153,,1.096,1.16,164253408.0,
2013-08-21,1.164,1.172,1.155,1.158,1.156,1.151,,1.097,1.159,171215088.0,
2013-08-22,1.181,1.191,1.163,1.159,1.158,1.157,,1.099,1.163,141517408.0,
2013-08-23,1.198,1.211,1.173,1.162,1.16,1.173,,1.101,1.186,262451776.0,
2013-08-26,1.22,1.226,1.2,1.169,1.165,1.185,,1.104,1.202,153237904.0,
2013-08-27,1.229,1.233,1.207,1.176,1.171,1.198,,1.107,1.218,159495248.0,
2013-08-28,1.209,1.234,1.207,1.179,1.175,1.207,,1.109,1.225,134259040.0,
2013-08-29,1.207,1.219,1.2,1.185,1.177,1.213,,1.112,1.207,123774920.0,
2013-08-30,1.171,1.207,1.162,1.19,1.177,1.207,,1.114,1.201,151588576.0,
2013-09-02,1.197,1.197,1.164,1.194,1.177,1.203,,1.117,1.17,129163664.0,
2013-09-03,1.214,1.217,1.195,1.199,1.178,1.2,,1.12,1.196,98270792.0,
2013-09-04,1.215,1.228,1.208,1.204,1.181,1.201,,1.123,1.214,100494056.0,
2013-09-05,1.248,1.25,1.211,1.211,1.185,1.209,,1.127,1.215,109500096.0,
2013-09-06,1.262,1.269,1.235,1.217,1.19,1.227,,1.13,1.248,116055552.0,
2013-09-09,1.255,1.265,1.236,1.221,1.195,1.239,,1.133,1.262,85388528.0,
2013-09-10,1.244,1.259,1.233,1.222,1.199,1.245,,1.136,1.253,61448124.0,
2013-09-11,1.202,1.242,1.197,1.221,1.2,1.242,,1.138,1.242,112918856.0,
2013-09-12,1.207,1.219,1.189,1.221,1.203,1.234,,1.141,1.201,174059552.0,
2013-09-13,1.235,1.242,1.188,1.228,1.209,1.229,,1.145,1.21,182089248.0,
2013-09-16,1.257,1.276,1.231,1.234,1.214,1.229,,1.15,1.231,265073376.0,
2013-09-17,1.246,1.265,1.245,1.237,1.218,1.229,,1.154,1.254,126368600.0,
2013-09-18,1.265,1.272,1.241,1.242,1.223,1.242,,1.158,1.246,132695000.0,
2013-09-23,1.3,1.306,1.266,1.247,1.229,1.261,,1.163,1.266,138680640.0,
2013-09-24,1.305,1.318,1.288,1.252,1.234,1.275,,1.168,1.303,177328544.0,
2013-09-25,1.299,1.324,1.296,1.256,1.238,1.283,,1.172,1.303,127497112.0,
2013-09-26,1.281,1.312,1.277,1.26,1.241,1.29,,1.175,1.296,113632632.0,
2013-09-27,1.308,1.31,1.28,1.27,1.246,1.299,,1.178,1.28,115155184.0,
2013-09-30,1.346,1.35,1.31,1.284,1.253,1.308,,1.183,1.314,96413992.0,
2013-10-08,1.36,1.365,1.337,1.297,1.262,1.319,,1.188,1.35,155293984.0,
2013-10-09,1.39,1.393,1.352,1.31,1.272,1.337,,1.194,1.356,138640672.0,
2013-10-10,1.349,1.399,1.348,1.32,1.279,1.351,,1.199,1.395,138756160.0,
2013-10-11,1.36,1.363,1.333,1.33,1.286,1.361,,1.204,1.35,80565584.0,
2013-10-14,1.373,1.373,1.345,1.337,1.292,1.366,,1.209,1.36,118467144.0,
2013-10-15,1.365,1.387,1.353,1.343,1.297,1.367,,1.213,1.372,140371120.0,
2013-10-16,1.312,1.367,1.301,1.344,1.3,1.352,,1.216,1.365,179833856.0,
2013-10-17,1.299,1.335,1.294,1.346,1.303,1.342,,1.219,1.314,116732968.0,
2013-10-18,1.332,1.332,1.301,1.349,1.309,1.336,,1.222,1.301,128419024.0,
2013-10-21,1.376,1.379,1.333,1.352,1.318,1.337,,1.226,1.333,136993472.0,
2013-10-22,1.318,1.382,1.318,1.347,1.322,1.327,,1.23,1.373,201733136.0,
2013-10-23,1.289,1.313,1.268,1.337,1.324,1.323,,1.232,1.313,177368272.0,
2013-10-24,1.268,1.295,1.264,1.329,1.325,1.317,,1.234,1.28,123876112.0,
2013-10-25,1.252,1.283,1.231,1.318,1.324,1.301,,1.235,1.267,142229632.0,
2013-10-28,1.255,1.264,1.237,1.307,1.322,1.276,,1.236,1.252,155347488.0,
2013-10-29,1.234,1.269,1.184,1.293,1.318,1.26,,1.238,1.251,256558208.0,
2013-10-30,1.252,1.252,1.223,1.288,1.316,1.252,,1.24,1.233,125651392.0,
2013-10-31,1.211,1.245,1.207,1.279,1.312,1.241,,1.241,1.243,122514008.0,
2013-11-01,1.199,1.21,1.176,1.265,1.307,1.23,,1.243,1.206,142773312.0,
2013-11-04,1.202,1.219,1.19,1.248,1.3,1.22,,1.243,1.195,122639680.0,
2013-11-05,1.236,1.238,1.183,1.24,1.294,1.22,,1.244,1.192,176710256.0,
2013-11-06,1.22,1.254,1.219,1.233,1.285,1.214,,1.245,1.23,218191648.0,
2013-11-07,1.2,1.227,1.197,1.226,1.278,1.211,,1.245,1.211,170211360.0,
2013-11-08,1.189,1.204,1.181,1.22,1.269,1.209,,1.245,1.188,168914816.0,
2013-11-11,1.19,1.203,1.168,1.213,1.26,1.207,,1.246,1.185,111833280.0,
2013-11-12,1.206,1.215,1.186,1.211,1.252,1.201,,1.246,1.19,106082152.0,
2013-11-13,1.189,1.214,1.188,1.204,1.246,1.195,,1.247,1.2,141277872.0,
2013-11-14,1.225,1.23,1.178,1.206,1.242,1.2,,1.248,1.18,225249744.0,
2013-11-15,1.247,1.264,1.225,1.21,1.238,1.211,,1.249,1.227,158039936.0,
2013-11-18,1.268,1.273,1.249,1.217,1.232,1.227,,1.251,1.251,110270864.0,
2013-11-19,1.276,1.288,1.262,1.221,1.23,1.241,,1.254,1.267,122213408.0,
2013-11-20,1.274,1.279,1.258,1.226,1.23,1.258,,1.256,1.275,128128448.0,
2013-11-21,1.272,1.281,1.263,1.234,1.23,1.267,,1.258,1.265,104454352.0,
2013-11-22,1.268,1.278,1.258,1.242,1.231,1.272,,1.259,1.269,78575568.0,
2013-11-25,1.272,1.281,1.259,1.25,1.231,1.272,,1.261,1.26,62494584.0,
2013-11-26,1.265,1.275,1.255,1.256,1.233,1.27,,1.262,1.263,64142616.0,
2013-11-27,1.308,1.315,1.262,1.268,1.236,1.277,,1.263,1.262,139028224.0,
2013-11-28,1.311,1.318,1.302,1.276,1.241,1.285,,1.265,1.308,67398352.0,
2013-11-29,1.341,1.344,1.308,1.285,1.248,1.299,,1.267,1.31,121733280.0,
2013-12-02,1.208,1.293,1.207,1.28,1.248,1.287,,1.267,1.27,283370848.0,
2013-12-03,1.227,1.237,1.176,1.275,1.248,1.279,,1.268,1.181,256085872.0,
2013-12-04,1.22,1.254,1.212,1.269,1.248,1.261,,1.268,1.219,103354784.0,
2013-12-05,1.18,1.213,1.178,1.26,1.247,1.235,,1.268,1.208,88898808.0,
2013-12-06,1.186,1.194,1.172,1.252,1.247,1.204,,1.267,1.176,94811904.0,
2013-12-09,1.217,1.219,1.186,1.246,1.248,1.206,,1.267,1.187,140312176.0,
2013-12-10,1.208,1.227,1.203,1.241,1.248,1.202,,1.266,1.22,94671624.0,
2013-12-11,1.228,1.233,1.203,1.233,1.25,1.204,,1.265,1.205,96167896.0,
2013-12-12,1.252,1.261,1.218,1.227,1.251,1.218,,1.265,1.221,175294432.0,
2013-12-13,1.251,1.262,1.243,1.218,1.252,1.231,,1.266,1.243,110660792.0,
2013-12-16,1.255,1.269,1.24,1.222,1.251,1.239,,1.267,1.252,117900288.0,
2013-12-17,1.239,1.256,1.223,1.224,1.249,1.245,,1.267,1.251,175936896.0,
2013-12-18,1.228,1.241,1.22,1.224,1.247,1.245,,1.267,1.24,64845784.0,
2013-12-19,1.234,1.258,1.229,1.23,1.245,1.241,,1.266,1.23,144145776.0,
2013-12-20,1.23,1.242,1.221,1.234,1.243,1.237,,1.266,1.232,113968368.0,
2013-12-23,1.215,1.229,1.2,1.234,1.24,1.229,,1.264,1.225,65720432.0,
2013-12-24,1.236,1.242,1.21,1.237,1.239,1.229,,1.263,1.215,90223000.0,
2013-12-25,1.262,1.266,1.23,1.24,1.236,1.235,,1.263,1.238,138721360.0,
2013-12-26,1.243,1.269,1.238,1.239,1.233,1.237,,1.262,1.261,153325312.0,
2013-12-27,1.273,1.275,1.236,1.242,1.23,1.246,,1.262,1.236,112310224.0,
2013-12-30,1.28,1.281,1.266,1.244,1.233,1.259,,1.26,1.273,131775152.0,
2013-12-31,1.274,1.282,1.26,1.247,1.236,1.266,,1.259,1.277,62999504.0,
2014-01-02,1.306,1.307,1.273,1.255,1.24,1.275,,1.258,1.273,137141456.0,
2014-01-03,1.325,1.328,1.298,1.264,1.247,1.292,,1.257,1.3,154965664.0,
2014-01-06,1.299,1.326,1.292,1.271,1.253,1.297,,1.256,1.324,147459664.0,
2014-01-07,1.324,1.328,1.285,1.282,1.258,1.306,,1.255,1.29,164313264.0,
2014-01-08,1.375,1.384,1.332,1.296,1.266,1.326,,1.256,1.342,223675488.0,
2014-01-09,1.348,1.394,1.343,1.305,1.272,1.334,,1.256,1.37,166187456.0,
2014-01-10,1.324,1.362,1.318,1.313,1.276,1.334,,1.257,1.338,112777832.0,
2014-01-13,1.336,1.35,1.321,1.319,1.28,1.341,,1.257,1.323,68706048.0,
2014-01-14,1.377,1.377,1.33,1.329,1.286,1.352,,1.257,1.336,101357600.0,
2014-01-15,1.39,1.395,1.371,1.34,1.294,1.355,,1.258,1.378,179409184.0,
2014-01-16,1.371,1.399,1.362,1.347,1.301,1.36,,1.259,1.387,101153832.0,
2014-01-17,1.367,1.383,1.36,1.351,1.308,1.368,,1.261,1.365,136466768.0,
2014-01-20,1.342,1.371,1.332,1.355,1.313,1.369,,1.262,1.361,110493080.0,
2014-01-21,1.381,1.381,1.339,1.361,1.322,1.37,,1.264,1.34,140723888.0,
2014-01-22,1.399,1.403,1.375,1.364,1.33,1.372,,1.267,1.384,191460688.0,
2014-01-23,1.43,1.443,1.4,1.372,1.338,1.384,,1.27,1.4,249642448.0,
2014-01-24,1.453,1.464,1.422,1.385,1.349,1.401,,1.274,1.424,162057008.0,
2014-01-27,1.445,1.469,1.43,1.395,1.357,1.422,,1.278,1.448,182934864.0,
2014-01-28,1.441,1.453,1.413,1.402,1.365,1.434,,1.282,1.443,222916688.0,
2014-01-29,1.466,1.466,1.435,1.41,1.375,1.447,,1.286,1.441,99943184.0,
2014-01-30,1.463,1.48,1.448,1.419,1.383,1.454,,1.29,1.464,75507640.0,
2014-02-07,1.498,1.5,1.45,1.432,1.391,1.463,,1.295,1.451,144614288.0,
2014-02-10,1.516,1.523,1.491,1.449,1.402,1.477,,1.301,1.505,142459856.0,
2014-02-11,1.492,1.526,1.473,1.46,1.411,1.487,,1.306,1.515,185547664.0,
2014-02-12,1.506,1.508,1.478,1.471,1.417,1.495,,1.311,1.488,146044336.0,
2014-02-13,1.45,1.508,1.45,1.473,1.422,1.492,,1.315,1.499,199937360.0,
2014-02-14,1.479,1.481,1.441,1.476,1.43,1.489,,1.319,1.449,231239312.0,
2014-02-17,1.521,1.523,1.483,1.483,1.439,1.49,,1.324,1.483,233667120.0,
2014-02-18,1.507,1.524,1.5,1.49,1.446,1.493,,1.328,1.521,245828880.0,
2014-02-19,1.506,1.513,1.487,1.494,1.452,1.493,,1.332,1.505,209316160.0,
2014-02-20,1.483,1.507,1.467,1.496,1.457,1.499,,1.335,1.501,246442992.0,
2014-02-21,1.483,1.49,1.467,1.494,1.463,1.5,,1.339,1.47,216814160.0,
2014-02-24,1.505,1.507,1.472,1.493,1.471,1.497,,1.343,1.481,259606976.0,
2014-02-25,1.432,1.534,1.421,1.487,1.474,1.482,,1.345,1.505,379390464.0,
2014-02-26,1.431,1.431,1.38,1.48,1.475,1.467,,1.348,1.406,391533760.0,
2014-02-27,1.385,1.461,1.373,1.473,1.473,1.447,,1.349,1.432,204574672.0,
2014-02-28,1.4,1.405,1.36,1.465,1.47,1.431,,1.351,1.38,303751424.0,
2014-03-03,1.43,1.433,1.39,1.456,1.47,1.416,,1.352,1.4,222295904.0,
2014-03-04,1.421,1.438,1.408,1.448,1.469,1.413,,1.356,1.42,227967584.0,
2014-03-05,1.427,1.433,1.414,1.44,1.467,1.413,,1.359,1.425,143103536.0,
2014-03-06,1.426,1.427,1.389,1.434,1.465,1.421,,1.363,1.418,202756032.0,
2014-03-07,1.428,1.441,1.413,1.429,1.461,1.426,,1.367,1.425,111726184.0,
2014-03-10,1.37,1.408,1.368,1.415,1.454,1.414,,1.37,1.408,207178480.0,
2014-03-11,1.363,1.376,1.346,1.408,1.448,1.403,,1.372,1.367,122344872.0,
2014-03-12,1.364,1.382,1.344,1.401,1.441,1.39,,1.375,1.358,289914624.0,
2014-03-13,1.405,1.407,1.363,1.403,1.438,1.386,,1.378,1.365,196571824.0,
2014-03-14,1.398,1.412,1.387,1.403,1.434,1.38,,1.38,1.396,226244736.0,
2014-03-17,1.438,1.441,1.395,1.404,1.43,1.394,,1.383,1.401,170949344.0,
2014-03-18,1.444,1.456,1.439,1.406,1.427,1.41,,1.386,1.441,218282224.0,
2014-03-19,1.427,1.444,1.418,1.406,1.423,1.422,,1.39,1.44,193961120.0,
2014-03-20,1.382,1.429,1.38,1.402,1.418,1.418,,1.392,1.426,147412544.0,
2014-03-21,1.382,1.39,1.346,1.397,1.413,1.415,,1.395,1.373,265692480.0,
2014-03-24,1.359,1.382,1.351,1.396,1.406,1.399,,1.397,1.375,109332200.0,
2014-03-25,1.359,1.376,1.346,1.396,1.402,1.382,,1.399,1.354,153889424.0,
2014-03-26,1.385,1.389,1.36,1.398,1.4,1.373,,1.402,1.36,203938624.0,
2014-03-27,1.332,1.379,1.332,1.391,1.397,1.363,,1.403,1.375,150204112.0,
2014-03-28,1.292,1.33,1.283,1.38,1.392,1.345,,1.404,1.326,167909184.0,
2014-03-31,1.297,1.306,1.28,1.366,1.385,1.333,,1.404,1.293,154167696.0,
2014-04-01,1.321,1.324,1.294,1.354,1.38,1.325,,1.405,1.298,216807168.0,
2014-04-02,1.292,1.327,1.284,1.34,1.373,1.307,,1.405,1.323,148374192.0,
2014-04-03,1.294,1.311,1.285,1.331,1.367,1.299,,1.405,1.29,188949360.0,
2014-04-04,1.314,1.315,1.28,1.324,1.361,1.304,,1.405,1.29,221864384.0,
2014-04-08,1.318,1.318,1.291,1.32,1.358,1.308,,1.405,1.295,128520352.0,
2014-04-09,1.336,1.344,1.316,1.318,1.357,1.311,,1.405,1.316,217988736.0,
2014-04-10,1.347,1.363,1.339,1.314,1.356,1.322,,1.405,1.34,185670976.0,
2014-04-11,1.329,1.342,1.318,1.314,1.352,1.329,,1.404,1.342,163787120.0,
2014-04-14,1.339,1.344,1.329,1.319,1.349,1.334,,1.405,1.329,112118952.0,
2014-04-15,1.333,1.345,1.33,1.322,1.344,1.337,,1.405,1.337,75496656.0,
2014-04-16,1.328,1.335,1.317,1.323,1.338,1.335,,1.404,1.327,51995460.0,
2014-04-17,1.337,1.34,1.325,1.327,1.334,1.333,,1.403,1.325,84335488.0,
2014-04-18,1.344,1.346,1.325,1.332,1.332,1.336,,1.402,1.331,76858512.0,
2014-04-21,1.329,1.351,1.326,1.334,1.329,1.334,,1.402,1.33,89462528.0,
2014-04-22,1.303,1.335,1.286,1.333,1.326,1.328,,1.401,1.326,74842664.0,
2014-04-23,1.297,1.307,1.286,1.329,1.323,1.322,,1.4,1.298,34656160.0,
2014-04-24,1.284,1.3,1.271,1.322,1.318,1.311,,1.398,1.295,77910608.0,
2014-04-25,1.26,1.287,1.256,1.315,1.315,1.295,,1.395,1.282,156444224.0,
2014-04-28,1.228,1.258,1.225,1.304,1.311,1.274,,1.391,1.255,233311616.0,
2014-04-29,1.235,1.244,1.22,1.295,1.308,1.261,,1.388,1.225,161721712.0,
2014-04-30,1.254,1.257,1.23,1.287,1.305,1.252,,1.385,1.234,126769032.0,
2014-05-05,1.272,1.274,1.25,1.281,1.304,1.25,,1.381,1.253,192622464.0,
2014-05-06,1.285,1.296,1.27,1.275,1.304,1.255,,1.378,1.272,163296928.0,
2014-05-07,1.257,1.279,1.256,1.267,1.301,1.261,,1.374,1.278,54294860.0,
2014-05-08,1.252,1.273,1.248,1.262,1.297,1.264,,1.37,1.251,113237640.0,
2014-05-09,1.23,1.252,1.22,1.256,1.292,1.259,,1.366,1.25,119935112.0,
2014-05-12,1.252,1.252,1.222,1.253,1.287,1.255,,1.361,1.236,132303928.0,
2014-05-13,1.245,1.264,1.24,1.251,1.283,1.247,,1.358,1.251,159661200.0,
2014-05-14,1.253,1.254,1.24,1.254,1.279,1.246,,1.354,1.241,80900592.0,
2014-05-15,1.223,1.256,1.223,1.252,1.273,1.241,,1.349,1.248,116337152.0,
2014-05-16,1.202,1.227,1.186,1.247,1.267,1.235,,1.344,1.218,119142528.0,
2014-05-19,1.203,1.21,1.188,1.24,1.26,1.225,,1.339,1.195,111782352.0,
2014-05-20,1.22,1.236,1.212,1.234,1.254,1.22,,1.335,1.218,147457344.0,
2014-05-21,1.234,1.234,1.205,1.231,1.249,1.216,,1.331,1.21,107850872.0,
2014-05-22,1.242,1.261,1.233,1.23,1.246,1.22,,1.326,1.234,191610720.0,
2014-05-23,1.27,1.272,1.234,1.234,1.245,1.234,,1.323,1.241,132810912.0,
2014-05-26,1.289,1.297,1.274,1.238,1.245,1.251,,1.321,1.275,209501904.0,
2014-05-27,1.277,1.29,1.275,1.241,1.246,1.262,,1.319,1.288,140558352.0,
2014-05-28,1.314,1.314,1.275,1.247,1.25,1.278,,1.318,1.278,190813392.0,
2014-05-29,1.287,1.321,1.285,1.254,1.253,1.287,,1.315,1.314,217267360.0,
2014-05-30,1.291,1.296,1.272,1.263,1.255,1.292,,1.313,1.283,182912224.0,
2014-06-03,1.287,1.305,1.287,1.271,1.256,1.291,,1.311,1.291,172929648.0,
2014-06-04,1.295,1.295,1.275,1.279,1.256,1.295,,1.309,1.285,185461408.0,
2014-06-05,1.325,1.329,1.29,1.288,1.26,1.297,,1.307,1.294,253917888.0,
2014-06-06,1.321,1.335,1.312,1.296,1.263,1.304,,1.306,1.326,245424976.0,
2014-06-09,1.294,1.321,1.294,1.298,1.266,1.304,,1.305,1.315,106173888.0,
2014-06-10,1.324,1.329,1.287,1.302,1.27,1.312,,1.304,1.299,254028928.0,
2014-06-11,1.337,1.343,1.316,1.308,1.274,1.32,,1.303,1.318,208283248.0,
2014-06-12,1.334,1.347,1.326,1.309,1.278,1.322,,1.302,1.337,150082144.0,
2014-06-13,1.35,1.359,1.327,1.316,1.285,1.328,,1.301,1.329,184779904.0,
2014-06-16,1.363,1.368,1.352,1.323,1.293,1.342,,1.299,1.352,164677840.0,
2014-06-17,1.35,1.363,1.347,1.329,1.3,1.347,,1.298,1.36,172675952.0,
2014-06-18,1.337,1.355,1.33,1.334,1.306,1.347,,1.297,1.351,137914112.0,
2014-06-19,1.291,1.342,1.281,1.33,1.309,1.338,,1.296,1.332,234300816.0,
2014-06-20,1.305,1.307,1.285,1.329,1.312,1.329,,1.295,1.29,228947184.0,
2014-06-23,1.332,1.337,1.305,1.332,1.315,1.323,,1.295,1.305,205076224.0,
2014-06-24,1.342,1.344,1.327,1.334,1.318,1.321,,1.294,1.329,135753600.0,
2014-06-25,1.328,1.341,1.317,1.333,1.32,1.32,,1.294,1.341,162587696.0,
2014-06-26,1.355,1.362,1.33,1.335,1.322,1.332,,1.295,1.332,286513312.0,
2014-06-27,1.357,1.368,1.351,1.336,1.326,1.343,,1.296,1.355,181090112.0,
2014-06-30,1.372,1.375,1.343,1.337,1.33,1.351,,1.297,1.357,213277136.0,
2014-07-01,1.381,1.385,1.368,1.34,1.335,1.359,,1.298,1.376,198905488.0,
2014-07-02,1.389,1.395,1.37,1.345,1.339,1.371,,1.3,1.38,156538880.0,
2014-07-03,1.389,1.398,1.379,1.355,1.343,1.378,,1.301,1.388,93079928.0,
2014-07-04,1.381,1.392,1.375,1.363,1.346,1.382,,1.302,1.388,116254032.0,
2014-07-07,1.364,1.378,1.35,1.366,1.349,1.381,,1.302,1.375,167348016.0,
2014-07-08,1.381,1.381,1.348,1.37,1.352,1.381,,1.303,1.36,189986752.0,
2014-07-09,1.353,1.387,1.35,1.372,1.353,1.374,,1.303,1.378,226780736.0,
2014-07-10,1.332,1.359,1.33,1.37,1.353,1.362,,1.303,1.351,150463456.0,
2014-07-11,1.329,1.342,1.321,1.367,1.352,1.352,,1.303,1.328,123269936.0,
2014-07-14,1.338,1.338,1.313,1.364,1.35,1.347,,1.303,1.329,196471872.0,
2014-07-15,1.311,1.336,1.303,1.357,1.348,1.333,,1.303,1.334,165520128.0,
2014-07-16,1.289,1.315,1.28,1.347,1.346,1.32,,1.302,1.31,165901664.0,
2014-07-17,1.282,1.296,1.276,1.336,1.345,1.31,,1.301,1.287,238885536.0,
2014-07-18,1.279,1.294,1.273,1.326,1.344,1.3,,1.301,1.282,152278944.0,
2014-07-21,1.278,1.287,1.26,1.317,1.342,1.288,,1.301,1.28,210482720.0,
2014-07-22,1.301,1.303,1.274,1.309,1.339,1.286,,1.301,1.275,208304032.0,
2014-07-23,1.263,1.303,1.26,1.3,1.336,1.281,,1.301,1.301,216782928.0,
2014-07-24,1.242,1.263,1.228,1.291,1.331,1.273,,1.301,1.261,242756816.0,
2014-07-25,1.257,1.261,1.237,1.284,1.326,1.268,,1.301,1.242,210829424.0,
2014-07-28,1.285,1.288,1.255,1.279,1.321,1.27,,1.302,1.258,212461584.0,
2014-07-29,1.3,1.309,1.281,1.278,1.317,1.269,,1.302,1.287,209333616.0,
2014-07-30,1.313,1.316,1.295,1.28,1.313,1.279,,1.303,1.298,173408944.0,
2014-07-31,1.313,1.318,1.302,1.283,1.31,1.294,,1.304,1.312,148205696.0,
2014-08-01,1.29,1.314,1.29,1.284,1.305,1.3,,1.305,1.31,182826688.0,
2014-08-04,1.299,1.302,1.285,1.286,1.302,1.303,,1.306,1.285,132469704.0,
2014-08-05,1.332,1.335,1.289,1.289,1.299,1.309,,1.307,1.301,339983040.0,
2014-08-06,1.335,1.338,1.321,1.297,1.298,1.314,,1.309,1.326,255724928.0,
2014-08-07,1.332,1.351,1.329,1.306,1.298,1.318,,1.31,1.334,226420576.0,
2014-08-08,1.347,1.351,1.335,1.315,1.299,1.329,,1.312,1.335,92430088.0,
2014-08-11,1.366,1.369,1.347,1.323,1.301,1.342,,1.315,1.348,142473040.0,
2014-08-12,1.364,1.371,1.359,1.329,1.303,1.349,,1.317,1.364,134788112.0,
2014-08-13,1.35,1.364,1.336,1.333,1.306,1.352,,1.319,1.36,104729872.0,
2014-08-14,1.346,1.363,1.342,1.336,1.31,1.355,,1.321,1.351,99095120.0,
2014-08-15,1.36,1.36,1.344,1.343,1.314,1.357,,1.323,1.346,64521492.0,
2014-08-18,1.396,1.396,1.36,1.353,1.32,1.363,,1.325,1.36,211049376.0,
2014-08-19,1.404,1.414,1.391,1.36,1.325,1.371,,1.327,1.402,143720656.0,
2014-08-20,1.392,1.418,1.385,1.366,1.331,1.38,,1.329,1.418,94449312.0,
2014-08-21,1.415,1.416,1.386,1.374,1.34,1.393,,1.331,1.39,160857760.0,
2014-08-22,1.429,1.435,1.413,1.382,1.348,1.407,,1.333,1.417,125333176.0,
2014-08-25,1.408,1.428,1.403,1.386,1.355,1.41,,1.335,1.426,174833200.0,
2014-08-26,1.377,1.41,1.371,1.388,1.358,1.404,,1.337,1.403,177918288.0,
2014-08-27,1.388,1.394,1.373,1.391,1.362,1.403,,1.338,1.376,132630440.0,
2014-08-28,1.37,1.39,1.365,1.394,1.365,1.394,,1.339,1.388,173462256.0,
2014-08-29,1.394,1.396,1.37,1.397,1.37,1.387,,1.34,1.371,121567376.0,
2014-09-01,1.417,1.421,1.395,1.399,1.376,1.389,,1.342,1.395,123037408.0,
2014-09-02,1.43,1.432,1.414,1.402,1.381,1.4,,1.344,1.422,135060368.0,
2014-09-03,1.439,1.443,1.422,1.407,1.386,1.41,,1.346,1.428,135360704.0,
2014-09-04,1.457,1.46,1.434,1.411,1.392,1.427,,1.348,1.437,111749936.0,
2014-09-05,1.46,1.466,1.442,1.414,1.398,1.441,,1.35,1.456,102708728.0,
2014-09-09,1.458,1.458,1.438,1.419,1.403,1.449,,1.351,1.453,132901488.0,
2014-09-10,1.467,1.469,1.447,1.428,1.408,1.456,,1.353,1.454,136359904.0,
2014-09-11,1.471,1.493,1.46,1.436,1.414,1.463,,1.355,1.466,219630976.0,
2014-09-12,1.483,1.486,1.463,1.448,1.421,1.468,,1.359,1.469,122378928.0,
2014-09-15,1.483,1.489,1.47,1.457,1.427,1.472,,1.362,1.478,125212624.0,
2014-09-16,1.438,1.49,1.432,1.459,1.429,1.468,,1.363,1.485,164337776.0,
2014-09-17,1.44,1.442,1.418,1.46,1.431,1.463,,1.365,1.439,175372464.0,
2014-09-18,1.456,1.457,1.433,1.461,1.434,1.46,,1.367,1.439,162208624.0,
2014-09-19,1.46,1.465,1.447,1.462,1.436,1.455,,1.369,1.457,88239552.0,
2014-09-22,1.442,1.454,1.44,1.46,1.437,1.447,,1.37,1.452,123909216.0,
2014-09-23,1.461,1.464,1.442,1.46,1.44,1.452,,1.372,1.442,104993360.0,
2014-09-24,1.479,1.481,1.455,1.461,1.445,1.46,,1.373,1.459,71967152.0,
2014-09-25,1.469,1.486,1.464,1.461,1.449,1.462,,1.375,1.484,64567068.0,
2014-09-26,1.472,1.474,1.461,1.46,1.454,1.465,,1.376,1.462,61374948.0,
2014-09-29,1.489,1.489,1.472,1.461,1.459,1.474,,1.378,1.472,68281248.0,
2014-09-30,1.5,1.501,1.483,1.467,1.463,1.482,,1.38,1.488,59102064.0,
2014-10-08,1.515,1.517,1.493,1.474,1.467,1.489,,1.382,1.501,59633384.0,
2014-10-09,1.519,1.524,1.496,1.481,1.471,1.499,,1.385,1.515,103714320.0,
2014-10-10,1.512,1.52,1.502,1.486,1.474,1.507,,1.388,1.513,91865088.0,
2014-10-13,1.505,1.508,1.484,1.492,1.476,1.51,,1.391,1.502,127065664.0,
2014-10-14,1.493,1.521,1.49,1.495,1.478,1.509,,1.394,1.503,140868656.0,
2014-10-15,1.502,1.505,1.483,1.498,1.479,1.506,,1.397,1.493,93798224.0,
2014-10-16,1.482,1.51,1.481,1.499,1.48,1.499,,1.4,1.492,90641328.0,
2014-10-17,1.47,1.488,1.441,1.499,1.479,1.49,,1.403,1.482,130524640.0,
2014-10-20,1.495,1.495,1.465,1.499,1.48,1.488,,1.407,1.465,78958224.0,
2014-10-21,1.474,1.497,1.474,1.497,1.482,1.485,,1.41,1.495,91127376.0,
2014-10-22,1.464,1.487,1.46,1.492,1.483,1.477,,1.413,1.47,73940272.0,
2014-10-23,1.438,1.461,1.433,1.483,1.482,1.468,,1.416,1.459,114280616.0,
2014-10-24,1.441,1.455,1.435,1.476,1.481,1.462,,1.419,1.439,83080192.0,
2014-10-27,1.453,1.453,1.429,1.471,1.482,1.454,,1.422,1.438,87568976.0,
2014-10-28,1.483,1.485,1.455,1.47,1.483,1.456,,1.426,1.456,97228816.0,
2014-10-29,1.489,1.494,1.481,1.469,1.483,1.461,,1.429,1.488,65894336.0,
2014-10-30,1.481,1.497,1.479,1.469,1.484,1.469,,1.432,1.489,57393888.0,
2014-10-31,1.473,1.486,1.462,1.469,1.484,1.476,,1.434,1.481,89843760.0,
2014-11-03,1.491,1.493,1.471,1.469,1.484,1.483,,1.438,1.475,152172608.0,
2014-11-04,1.47,1.496,1.47,1.468,1.483,1.481,,1.44,1.491,120613280.0,
2014-11-05,1.471,1.479,1.464,1.469,1.48,1.477,,1.443,1.471,108953232.0,
2014-11-06,1.492,1.493,1.469,1.474,1.479,1.479,,1.445,1.473,131831040.0,
2014-11-07,1.477,1.503,1.476,1.478,1.477,1.48,,1.448,1.49,156292384.0,
2014-11-10,1.476,1.483,1.462,1.48,1.476,1.477,,1.45,1.48,68892288.0,
2014-11-11,1.425,1.476,1.412,1.474,1.472,1.468,,1.451,1.476,103987248.0,
2014-11-12,1.44,1.441,1.418,1.47,1.469,1.462,,1.452,1.423,120608176.0,
2014-11-13,1.407,1.433,1.395,1.462,1.465,1.445,,1.453,1.433,198927424.0,
2014-11-14,1.406,1.414,1.397,1.455,1.462,1.431,,1.454,1.4,163129952.0,
2014-11-17,1.432,1.439,1.398,1.45,1.459,1.422,,1.455,1.401,228832448.0,
2014-11-18,1.441,1.445,1.425,1.447,1.457,1.425,,1.456,1.43,223519936.0,
2014-11-19,1.464,1.469,1.446,1.446,1.458,1.43,,1.457,1.447,189338576.0,
2014-11-20,1.451,1.459,1.425,1.442,1.458,1.439,,1.458,1.458,89374304.0,
2014-11-21,1.462,1.467,1.45,1.44,1.459,1.45,,1.459,1.45,139230928.0,
2014-11-24,1.47,1.483,1.452,1.44,1.46,1.458,,1.46,1.483,51524208.0,
2014-11-25,1.496,1.5,1.466,1.447,1.461,1.469,,1.461,1.469,176335072.0,
2014-11-26,1.51,1.516,1.495,1.454,1.462,1.478,,1.463,1.495,99698496.0,
2014-11-27,1.518,1.52,1.498,1.465,1.464,1.491,,1.465,1.508,92576832.0,
2014-11-28,1.524,1.537,1.505,1.477,1.466,1.504,,1.468,1.517,146091376.0,
2014-12-01,1.505,1.52,1.495,1.484,1.467,1.511,,1.47,1.52,63822616.0,
2014-12-02,1.517,1.523,1.497,1.492,1.469,1.515,,1.471,1.497,100828792.0,
2014-12-03,1.559,1.56,1.486,1.501,1.474,1.525,,1.474,1.517,363452128.0,
2014-12-04,1.579,1.586,1.553,1.514,1.478,1.537,,1.476,1.563,357951008.0,
2014-12-05,1.529,1.57,1.492,1.521,1.481,1.538,,1.477,1.57,160214432.0,
2014-12-08,1.518,1.553,1.51,1.526,1.483,1.54,,1.478,1.522,156144544.0,
2014-12-09,1.464,1.53,1.46,1.522,1.485,1.53,,1.478,1.509,148317584.0,
2014-12-10,1.536,1.538,1.455,1.525,1.489,1.525,,1.479,1.46,165209984.0,
2014-12-11,1.546,1.548,1.51,1.528,1.496,1.519,,1.481,1.536,175803776.0,
2014-12-12,1.569,1.577,1.531,1.532,1.505,1.527,,1.482,1.549,355597184.0,
2014-12-15,1.601,1.611,1.567,1.542,1.513,1.543,,1.484,1.572,311928224.0,
2014-12-16,1.59,1.617,1.575,1.549,1.52,1.568,,1.487,1.604,227519376.0,
2014-12-17,1.595,1.6,1.559,1.553,1.527,1.58,,1.489,1.58,160165424.0,
2014-12-18,1.577,1.61,1.572,1.552,1.533,1.586,,1.491,1.582,169356960.0,
2014-12-19,1.541,1.57,1.518,1.554,1.537,1.581,,1.492,1.561,148417984.0,
2014-12-22,1.47,1.534,1.465,1.549,1.537,1.555,,1.493,1.534,225597376.0,
2014-12-23,1.461,1.504,1.445,1.549,1.535,1.529,,1.493,1.455,220334880.0,
2014-12-24,1.48,1.482,1.45,1.543,1.534,1.506,,1.493,1.468,190473952.0,
2014-12-25,1.48,1.486,1.463,1.536,1.532,1.486,,1.493,1.475,146251136.0,
2014-12-26,1.488,1.493,1.475,1.528,1.53,1.476,,1.493,1.475,74934208.0,
2014-12-29,1.463,1.489,1.446,1.514,1.528,1.474,,1.493,1.489,98771512.0,
2014-12-30,1.423,1.458,1.411,1.498,1.523,1.467,,1.492,1.458,67070000.0,
2014-12-31,1.43,1.438,1.413,1.481,1.517,1.457,,1.49,1.426,185928592.0,
2015-01-05,1.424,1.432,1.393,1.466,1.509,1.446,,1.489,1.424,222700160.0,
2015-01-06,1.502,1.506,1.409,1.462,1.508,1.448,,1.489,1.422,527302752.0,
2015-01-07,1.474,1.504,1.47,1.462,1.506,1.451,,1.488,1.5,582000256.0,
2015-01-08,1.493,1.518,1.467,1.466,1.507,1.465,,1.488,1.467,378982144.0,
2015-01-09,1.503,1.536,1.48,1.468,1.505,1.479,,1.488,1.485,386942016.0,
2015-01-12,1.54,1.542,1.475,1.474,1.505,1.502,,1.489,1.495,335834336.0,
2015-01-13,1.551,1.562,1.526,1.48,1.504,1.512,,1.49,1.538,225385168.0,
2015-01-14,1.536,1.554,1.526,1.488,1.501,1.525,,1.491,1.546,141370160.0,
2015-01-15,1.534,1.558,1.526,1.499,1.498,1.533,,1.492,1.534,196626064.0,
2015-01-16,1.592,1.596,1.528,1.515,1.498,1.551,,1.494,1.528,233018064.0,
2015-01-19,1.579,1.637,1.548,1.53,1.498,1.558,,1.497,1.576,797703744.0,
2015-01-20,1.657,1.657,1.581,1.546,1.504,1.58,,1.5,1.581,522303360.0,
2015-01-21,1.668,1.673,1.636,1.565,1.514,1.606,,1.504,1.662,353965184.0,
2015-01-22,1.683,1.686,1.655,1.584,1.525,1.636,,1.507,1.661,322768160.0,
2015-01-23,1.638,1.683,1.632,1.598,1.533,1.645,,1.51,1.682,163289616.0,
2015-01-26,1.686,1.686,1.639,1.612,1.543,1.666,,1.513,1.639,334561344.0,
2015-01-27,1.688,1.698,1.651,1.626,1.553,1.673,,1.517,1.686,266479648.0,
2015-01-28,1.668,1.7,1.662,1.639,1.563,1.673,,1.519,1.672,259146912.0,
2015-01-29,1.652,1.676,1.648,1.651,1.575,1.666,,1.523,1.655,134822512.0,
2015-01-30,1.623,1.661,1.614,1.654,1.585,1.663,,1.525,1.651,92230560.0,
2015-02-02,1.639,1.653,1.604,1.66,1.595,1.654,,1.527,1.609,225932848.0,
2015-02-03,1.693,1.701,1.64,1.664,1.605,1.655,,1.531,1.647,262827728.0,
2015-02-04,1.698,1.708,1.676,1.667,1.616,1.661,,1.535,1.693,226856544.0,
2015-02-05,1.709,1.746,1.68,1.669,1.627,1.672,,1.54,1.685,365219968.0,
2015-02-06,1.661,1.719,1.661,1.672,1.635,1.68,,1.543,1.708,214536144.0,
2015-02-09,1.645,1.693,1.642,1.668,1.64,1.681,,1.547,1.661,190073712.0,
2015-02-10,1.685,1.687,1.638,1.667,1.647,1.68,,1.552,1.64,199941680.0,
2015-02-11,1.705,1.717,1.681,1.671,1.655,1.681,,1.556,1.684,227823696.0,
2015-02-12,1.72,1.734,1.706,1.678,1.664,1.683,,1.561,1.706,273783072.0,
2015-02-13,1.761,1.763,1.725,1.692,1.673,1.703,,1.566,1.728,289476288.0,
2015-02-16,1.83,1.83,1.766,1.711,1.685,1.74,,1.572,1.767,243171440.0,
2015-02-17,1.82,1.839,1.798,1.723,1.694,1.767,,1.578,1.839,265423856.0,
2015-02-25,1.803,1.837,1.795,1.734,1.7,1.787,,1.584,1.825,270911584.0,
2015-02-26,1.814,1.823,1.78,1.744,1.707,1.806,,1.589,1.803,234880528.0,
2015-02-27,1.863,1.863,1.809,1.765,1.718,1.826,,1.595,1.812,311136128.0,
2015-03-02,1.914,1.918,1.863,1.792,1.73,1.843,,1.602,1.868,317260640.0,
2015-03-03,1.883,1.929,1.882,1.811,1.739,1.855,,1.608,1.913,499466560.0,
2015-03-04,1.94,1.942,1.881,1.835,1.753,1.883,,1.615,1.881,342300672.0,
2015-03-05,1.938,1.958,1.919,1.857,1.767,1.908,,1.622,1.94,348730848.0,
2015-03-06,1.88,1.939,1.872,1.868,1.78,1.911,,1.627,1.937,322851904.0,
2015-03-09,1.927,1.928,1.855,1.878,1.794,1.914,,1.633,1.855,397867488.0,
2015-03-10,1.972,1.974,1.914,1.893,1.808,1.931,,1.64,1.92,432549504.0,
2015-03-11,1.96,1.977,1.94,1.909,1.821,1.935,,1.648,1.971,314462720.0,
2015-03-12,1.94,1.976,1.908,1.922,1.833,1.936,,1.656,1.953,356043040.0,
2015-03-13,1.992,1.996,1.932,1.935,1.85,1.958,,1.663,1.945,416889280.0,
2015-03-16,2.061,2.07,2.001,1.949,1.87,1.985,,1.672,2.005,400718944.0,
2015-03-17,2.053,2.08,2.035,1.966,1.889,2.001,,1.68,2.063,341138656.0,
2015-03-18,2.099,2.104,2.037,1.982,1.908,2.029,,1.688,2.049,499147808.0,
2015-03-19,2.095,2.103,2.07,1.998,1.927,2.06,,1.697,2.09,317108096.0,
2015-03-20,2.126,2.145,2.091,2.022,1.945,2.087,,1.705,2.094,533573664.0,
2015-03-23,2.206,2.209,2.126,2.05,1.964,2.116,,1.716,2.13,472474304.0,
2015-03-24,2.273,2.286,2.156,2.08,1.987,2.16,,1.728,2.21,704747072.0,
2015-03-25,2.288,2.311,2.248,2.113,2.011,2.198,,1.742,2.269,744660864.0,
2015-03-26,2.19,2.278,2.17,2.138,2.03,2.217,,1.754,2.26,363620192.0,
2015-03-27,2.228,2.233,2.17,2.162,2.048,2.237,,1.766,2.18,677576896.0,
2015-03-30,2.193,2.236,2.165,2.175,2.062,2.234,,1.778,2.21,370390880.0,
2015-03-31,2.247,2.264,2.19,2.195,2.08,2.229,,1.791,2.19,587371072.0,
2015-04-01,2.296,2.301,2.24,2.214,2.098,2.231,,1.805,2.241,525741728.0,
2015-04-02,2.369,2.377,2.306,2.242,2.12,2.267,,1.821,2.33,519559008.0,
2015-04-03,2.391,2.406,2.347,2.268,2.145,2.299,,1.837,2.357,632172224.0,
2015-04-07,2.438,2.443,2.39,2.291,2.171,2.348,,1.854,2.402,392764512.0,
2015-04-08,2.377,2.444,2.328,2.302,2.191,2.374,,1.868,2.439,564112128.0,
2015-04-09,2.466,2.48,2.24,2.32,2.216,2.408,,1.885,2.346,593466624.0,
2015-04-10,2.424,2.453,2.341,2.343,2.241,2.419,,1.9,2.361,654687424.0,
2015-04-13,2.451,2.476,2.4,2.365,2.264,2.431,,1.916,2.435,394722656.0,
2015-04-14,2.44,2.476,2.4,2.39,2.283,2.432,,1.931,2.455,401289408.0,
2015-04-15,2.33,2.437,2.32,2.398,2.296,2.422,,1.944,2.43,544784128.0,
2015-04-16,2.375,2.423,2.304,2.406,2.31,2.404,,1.958,2.309,538560000.0,
2015-04-17,2.368,2.405,2.345,2.406,2.324,2.393,,1.972,2.391,353435488.0,
2015-04-20,2.318,2.395,2.305,2.399,2.333,2.366,,1.984,2.355,508712224.0,
2015-04-21,2.496,2.496,2.33,2.404,2.348,2.377,,1.999,2.33,465402464.0,
2015-04-22,2.524,2.55,2.497,2.419,2.36,2.416,,2.014,2.497,453316160.0,
2015-04-23,2.598,2.611,2.53,2.432,2.376,2.461,,2.029,2.53,468781280.0,
2015-04-24,2.645,2.652,2.558,2.454,2.399,2.516,,2.045,2.566,451185760.0,
2015-04-27,2.65,2.7,2.623,2.474,2.42,2.583,,2.062,2.67,335476192.0,
2015-04-28,2.583,2.693,2.555,2.489,2.439,2.6,,2.077,2.67,530901536.0,
2015-04-29,2.723,2.723,2.561,2.528,2.463,2.64,,2.094,2.561,403454080.0,
2015-04-30,2.748,2.81,2.709,2.565,2.486,2.67,,2.112,2.72,701680960.0,
2015-05-04,2.74,2.777,2.691,2.602,2.504,2.689,,2.13,2.758,672800320.0,
2015-05-05,2.67,2.737,2.641,2.638,2.518,2.693,,2.148,2.731,504135616.0,
2015-05-06,2.738,2.845,2.7,2.662,2.533,2.724,,2.166,2.7,759777536.0,
2015-05-07,2.686,2.766,2.68,2.678,2.549,2.716,,2.183,2.71,639602496.0,
2015-05-08,2.894,2.91,2.72,2.708,2.57,2.746,,2.203,2.72,585159872.0,
2015-05-11,3.05,3.078,2.866,2.748,2.601,2.808,,2.225,2.908,569228800.0,
2015-05-12,3.129,3.147,3.002,2.796,2.635,2.899,,2.249,3.063,876827456.0,
2015-05-13,3.036,3.115,2.987,2.841,2.665,2.959,,2.273,3.05,730238656.0,
2015-05-14,3.008,3.095,2.999,2.87,2.699,3.023,,2.295,3.03,667815680.0,
2015-05-15,3.016,3.05,2.928,2.897,2.731,3.048,,2.317,2.971,966989888.0,
2015-05-18,3.157,3.157,3.043,2.938,2.77,3.069,,2.34,3.043,533217120.0,
2015-05-19,3.185,3.208,3.064,2.99,2.814,3.08,,2.364,3.176,804229696.0,
2015-05-20,3.264,3.339,3.192,3.042,2.852,3.126,,2.388,3.192,608122560.0,
2015-05-21,3.41,3.411,3.27,3.115,2.897,3.206,,2.415,3.27,591439616.0,
2015-05-22,3.382,3.499,3.3,3.164,2.936,3.28,,2.441,3.456,872178176.0,
2015-05-25,3.327,3.355,3.225,3.191,2.97,3.314,,2.466,3.271,793681280.0,
2015-05-26,3.463,3.465,3.31,3.225,3.01,3.369,,2.493,3.313,706468544.0,
2015-05-27,3.463,3.5,3.377,3.267,3.054,3.409,,2.519,3.475,664978944.0,
2015-05-28,3.29,3.508,3.265,3.296,3.083,3.385,,2.542,3.445,972450112.0,
2015-05-29,3.384,3.437,3.158,3.333,3.115,3.385,,2.566,3.3,1102958848.0,
2015-06-01,3.568,3.568,3.398,3.374,3.156,3.434,,2.593,3.398,690552192.0,
2015-06-02,3.768,3.769,3.567,3.432,3.211,3.495,,2.625,3.583,940844800.0,
2015-06-03,3.79,3.828,3.654,3.485,3.264,3.56,,2.656,3.772,1131207040.0,
2015-06-04,3.751,3.825,3.51,3.519,3.317,3.652,,2.686,3.798,1083801728.0,
2015-06-05,3.703,3.845,3.645,3.551,3.357,3.716,,2.715,3.801,785346752.0,
2015-06-08,3.533,3.679,3.418,3.571,3.381,3.709,,2.741,3.65,700436736.0,
2015-06-09,3.526,3.61,3.46,3.578,3.401,3.661,,2.767,3.475,802467584.0,
2015-06-10,3.66,3.704,3.484,3.597,3.432,3.635,,2.793,3.505,831577536.0,
2015-06-11,3.666,3.69,3.62,3.635,3.465,3.618,,2.82,3.652,825589248.0,
2015-06-12,3.704,3.729,3.657,3.667,3.5,3.618,,2.847,3.692,765087232.0,
2015-06-15,3.512,3.725,3.492,3.661,3.517,3.614,,2.871,3.712,669333184.0,
2015-06-16,3.402,3.475,3.295,3.625,3.528,3.589,,2.892,3.45,790781376.0,
2015-06-17,3.545,3.55,3.327,3.6,3.542,3.566,,2.914,3.39,946738688.0,
2015-06-18,3.32,3.558,3.3,3.557,3.538,3.497,,2.932,3.545,796993472.0,
2015-06-19,3.15,3.313,3.142,3.502,3.526,3.386,,2.946,3.22,774059072.0,
2015-06-23,3.208,3.302,2.951,3.469,3.52,3.325,,2.963,3.15,864715904.0,
2015-06-24,3.199,3.276,3.13,3.437,3.507,3.284,,2.979,3.22,739008000.0,
2015-06-25,3.03,3.223,3.017,3.374,3.485,3.181,,2.993,3.215,418357344.0,
2015-06-26,2.767,2.948,2.727,3.284,3.459,3.071,,3.002,2.947,418687424.0,
2015-06-29,2.49,2.786,2.49,3.162,3.415,2.939,,3.005,2.76,302560960.0,
2015-06-30,2.733,2.739,2.25,3.084,3.373,2.844,,3.011,2.44,549847872.0,
2015-07-01,2.56,2.843,2.56,3,3.312,2.716,,3.014,2.66,851371456.0,
2015-07-02,2.47,2.669,2.321,2.893,3.246,2.604,,3.014,2.55,908206592.0,
2015-07-03,2.457,2.64,2.296,2.806,3.182,2.542,,3.016,2.4,1015051712.0,
2015-07-06,2.33,2.7,2.228,2.724,3.113,2.51,,3.013,2.7,677830336.0,
2015-07-07,2.097,2.252,2.097,2.613,3.041,2.383,,3.008,2.245,202770352.0,
2015-07-08,1.899,2.027,1.887,2.483,2.96,2.251,,2.999,1.887,395661312.0,
2015-07-09,2.089,2.089,1.898,2.389,2.881,2.174,,2.993,1.901,146670096.0,
2015-07-10,2.298,2.298,2.241,2.342,2.813,2.143,,2.992,2.29,57171784.0,
2015-07-13,2.528,2.528,2.42,2.346,2.754,2.182,,2.995,2.524,183571952.0,
2015-07-14,2.657,2.781,2.492,2.339,2.711,2.294,,3,2.5,401574016.0,
2015-07-15,2.405,2.612,2.4,2.323,2.662,2.395,,3.001,2.607,374726720.0,
2015-07-16,2.489,2.574,2.261,2.325,2.609,2.475,,3.001,2.302,425314048.0,
2015-07-17,2.688,2.725,2.499,2.348,2.577,2.553,,3.004,2.515,615250240.0,
2015-07-20,2.69,2.78,2.62,2.384,2.554,2.586,,3.005,2.67,816441728.0,
2015-07-21,2.707,2.758,2.625,2.445,2.529,2.596,,3.006,2.64,787507840.0,
2015-07-22,2.754,2.779,2.651,2.531,2.507,2.666,,3.008,2.715,902541184.0,
2015-07-23,2.82,2.833,2.712,2.604,2.496,2.732,,3.012,2.748,596383232.0,
2015-07-24,2.74,2.858,2.682,2.648,2.495,2.742,,3.012,2.819,643245632.0,
2015-07-27,2.466,2.759,2.466,2.642,2.494,2.697,,3.008,2.67,686593472.0,
2015-07-28,2.395,2.559,2.328,2.615,2.477,2.635,,3.002,2.38,667925568.0,
2015-07-29,2.573,2.573,2.253,2.632,2.478,2.599,,3,2.441,752922624.0,
2015-07-30,2.4,2.564,2.399,2.623,2.474,2.515,,2.995,2.52,698725952.0,
2015-07-31,2.368,2.47,2.309,2.591,2.47,2.44,,2.989,2.36,516981920.0,
2015-08-03,2.24,2.355,2.221,2.546,2.465,2.395,,2.978,2.325,222780704.0,
2015-08-04,2.442,2.445,2.245,2.52,2.482,2.405,,2.968,2.256,302909216.0,
2015-08-05,2.358,2.448,2.321,2.48,2.505,2.362,,2.956,2.417,265862352.0,
2015-08-06,2.35,2.382,2.282,2.433,2.518,2.352,,2.944,2.295,225345264.0,
2015-08-07,2.459,2.46,2.368,2.405,2.526,2.37,,2.935,2.386,256242400.0,
2015-08-10,2.622,2.645,2.46,2.421,2.531,2.446,,2.928,2.475,376288256.0,
2015-08-11,2.565,2.619,2.533,2.438,2.527,2.471,,2.918,2.614,363773024.0,
2015-08-12,2.489,2.568,2.487,2.429,2.531,2.497,,2.907,2.52,331729312.0,
2015-08-13,2.558,2.562,2.442,2.445,2.534,2.539,,2.895,2.483,425321664.0,
2015-08-14,2.525,2.59,2.523,2.461,2.526,2.552,,2.88,2.58,339229056.0,
2015-08-17,2.505,2.556,2.474,2.487,2.517,2.528,,2.866,2.52,367898848.0,
2015-08-18,2.343,2.585,2.29,2.477,2.499,2.484,,2.849,2.531,384936576.0,
2015-08-19,2.422,2.445,2.226,2.484,2.482,2.471,,2.832,2.282,379863616.0,
2015-08-20,2.362,2.47,2.36,2.485,2.459,2.431,,2.814,2.415,352015744.0,
2015-08-21,2.226,2.344,2.22,2.462,2.433,2.372,,2.796,2.328,361202240.0,
2015-08-24,2.003,2.124,2.003,2.4,2.41,2.271,,2.773,2.112,274995008.0,
2015-08-25,1.803,1.903,1.803,2.324,2.381,2.163,,2.743,1.859,194899888.0,
2015-08-26,1.74,1.892,1.715,2.249,2.339,2.027,,2.71,1.78,235364048.0,
2015-08-27,1.801,1.825,1.702,2.173,2.309,1.915,,2.677,1.78,252713216.0,
2015-08-28,1.941,1.955,1.785,2.115,2.288,1.858,,2.646,1.825,251252304.0,
2015-08-31,1.83,1.909,1.811,2.047,2.267,1.823,,2.615,1.901,216058992.0,
2015-09-01,1.725,1.81,1.719,1.985,2.231,1.807,,2.585,1.797,152396240.0,
2015-09-02,1.69,1.804,1.638,1.912,2.198,1.797,,2.554,1.646,177155616.0,
2015-09-07,1.763,1.825,1.726,1.852,2.169,1.79,,2.523,1.741,196420192.0,
2015-09-08,1.888,1.888,1.723,1.818,2.14,1.779,,2.493,1.745,332088672.0,
2015-09-09,1.943,1.975,1.88,1.812,2.106,1.802,,2.464,1.91,451608864.0,
2015-09-10,1.899,1.945,1.879,1.822,2.073,1.837,,2.437,1.895,316232832.0,
2015-09-11,1.922,1.942,1.89,1.84,2.044,1.883,,2.412,1.905,222366672.0,
2015-09-14,1.73,1.937,1.73,1.833,2.003,1.876,,2.382,1.926,258683552.0,
2015-09-15,1.633,1.734,1.621,1.802,1.958,1.825,,2.354,1.687,228803776.0,
2015-09-16,1.796,1.796,1.65,1.799,1.923,1.796,,2.331,1.655,242136624.0,
2015-09-17,1.763,1.868,1.75,1.803,1.894,1.769,,2.307,1.808,250852704.0,
2015-09-18,1.825,1.843,1.737,1.816,1.864,1.749,,2.284,1.775,176914416.0,
2015-09-21,1.965,1.965,1.77,1.836,1.844,1.796,,2.267,1.796,330109152.0,
2015-09-22,1.939,2.004,1.903,1.841,1.83,1.858,,2.253,1.965,369510848.0,
2015-09-23,1.915,1.958,1.874,1.839,1.826,1.881,,2.243,1.874,217192656.0,
2015-09-24,1.933,1.982,1.91,1.842,1.832,1.915,,2.23,1.936,223686896.0,
2015-09-25,1.845,1.933,1.803,1.834,1.837,1.919,,2.218,1.924,197856688.0,
2015-09-28,1.979,1.983,1.81,1.859,1.846,1.922,,2.21,1.849,216232864.0,
2015-09-29,1.952,1.977,1.911,1.891,1.847,1.925,,2.201,1.935,196369360.0,
2015-09-30,1.935,1.976,1.89,1.905,1.852,1.929,,2.195,1.963,158367728.0,
2015-10-08,2.08,2.095,1.993,1.937,1.87,1.958,,2.195,2.035,229800480.0,
2015-10-09,2.103,2.121,2.056,1.965,1.89,2.01,,2.198,2.06,180350976.0,
2015-10-12,2.22,2.266,2.103,1.99,1.913,2.058,,2.2,2.113,430940448.0,
2015-10-13,2.226,2.242,2.177,2.019,1.93,2.113,,2.199,2.185,194278144.0,
2015-10-14,2.182,2.228,2.17,2.045,1.942,2.162,,2.193,2.22,191401200.0,
2015-10-15,2.298,2.303,2.163,2.082,1.962,2.206,,2.187,2.173,239176768.0,
2015-10-16,2.329,2.34,2.267,2.13,1.982,2.251,,2.186,2.307,300423680.0,
2015-10-19,2.294,2.336,2.259,2.162,2.011,2.266,,2.183,2.328,316637760.0,
2015-10-20,2.391,2.391,2.28,2.206,2.048,2.299,,2.178,2.28,247890176.0,
2015-10-21,2.22,2.401,2.215,2.234,2.07,2.306,,2.17,2.39,424240672.0,
2015-10-22,2.348,2.348,2.225,2.261,2.099,2.316,,2.164,2.225,370030432.0,
2015-10-23,2.427,2.437,2.326,2.293,2.129,2.336,,2.158,2.353,356789280.0,
2015-10-26,2.398,2.445,2.366,2.311,2.151,2.357,,2.151,2.443,283233760.0,
2015-10-27,2.444,2.474,2.296,2.333,2.176,2.367,,2.146,2.366,316052096.0,
2015-10-28,2.36,2.455,2.351,2.351,2.198,2.395,,2.145,2.409,269297760.0,
2015-10-29,2.352,2.409,2.313,2.356,2.219,2.396,,2.144,2.37,272533600.0,
2015-10-30,2.349,2.404,2.308,2.358,2.244,2.381,,2.14,2.346,354397504.0,
2015-11-02,2.311,2.386,2.273,2.36,2.261,2.363,,2.139,2.273,236741728.0,
2015-11-03,2.305,2.33,2.281,2.351,2.279,2.335,,2.138,2.303,202636288.0,
2015-11-04,2.489,2.491,2.323,2.378,2.306,2.361,,2.142,2.323,330447872.0,
2015-11-05,2.443,2.508,2.421,2.388,2.324,2.379,,2.142,2.485,442490272.0,
2015-11-06,2.548,2.558,2.444,2.4,2.347,2.419,,2.145,2.444,328086656.0,
2015-11-09,2.583,2.617,2.478,2.418,2.365,2.474,,2.149,2.521,314662272.0,
2015-11-10,2.609,2.64,2.558,2.435,2.384,2.534,,2.151,2.558,315936896.0,
2015-11-11,2.68,2.68,2.59,2.467,2.409,2.573,,2.152,2.603,245236384.0,
2015-11-12,2.648,2.688,2.605,2.496,2.426,2.614,,2.154,2.674,265455680.0,
2015-11-13,2.58,2.63,2.548,2.52,2.439,2.62,,2.155,2.606,284547264.0,
2015-11-16,2.67,2.67,2.52,2.556,2.458,2.637,,2.157,2.523,273482432.0,
2015-11-17,2.569,2.699,2.555,2.582,2.467,2.629,,2.158,2.688,340945312.0,
2015-11-18,2.516,2.594,2.511,2.585,2.481,2.597,,2.158,2.575,294260640.0,
2015-11-19,2.624,2.63,2.526,2.603,2.495,2.592,,2.163,2.526,362591936.0,
2015-11-20,2.645,2.666,2.606,2.612,2.506,2.605,,2.166,2.624,321089600.0,
2015-11-23,2.619,2.684,2.601,2.616,2.517,2.595,,2.171,2.628,302255264.0,
2015-11-24,2.663,2.665,2.593,2.621,2.528,2.613,,2.178,2.61,283607328.0,
2015-11-25,2.746,2.755,2.65,2.628,2.547,2.659,,2.19,2.654,334548192.0,
2015-11-26,2.674,2.754,2.672,2.631,2.564,2.669,,2.205,2.748,329000384.0,
2015-11-27,2.496,2.685,2.471,2.622,2.571,2.64,,2.218,2.655,505639616.0,
2015-11-30,2.52,2.538,2.369,2.607,2.581,2.62,,2.23,2.505,520356352.0,
2015-12-01,2.507,2.545,2.449,2.601,2.591,2.589,,2.239,2.51,335153888.0,
2015-12-02,2.454,2.511,2.384,2.595,2.59,2.53,,2.249,2.494,319775392.0,
2015-12-03,2.561,2.563,2.46,2.589,2.596,2.508,,2.263,2.461,381240512.0,
2015-12-04,2.53,2.585,2.512,2.577,2.595,2.514,,2.277,2.54,257653664.0,
2015-12-07,2.571,2.591,2.527,2.572,2.594,2.525,,2.291,2.534,255282096.0,
2015-12-08,2.531,2.571,2.516,2.559,2.59,2.529,,2.301,2.556,241519344.0,
2015-12-09,2.51,2.54,2.493,2.535,2.582,2.541,,2.311,2.515,242762112.0,
2015-12-10,2.526,2.566,2.501,2.521,2.576,2.534,,2.321,2.514,272203200.0,
2015-12-11,2.51,2.541,2.502,2.522,2.572,2.53,,2.331,2.519,197036688.0,
2015-12-14,2.555,2.555,2.463,2.526,2.566,2.526,,2.345,2.489,250407536.0,
2015-12-15,2.577,2.598,2.547,2.533,2.567,2.536,,2.361,2.551,263600768.0,
2015-12-16,2.593,2.625,2.576,2.546,2.571,2.552,,2.374,2.588,253719840.0,
2015-12-17,2.674,2.674,2.611,2.558,2.573,2.582,,2.389,2.611,270735808.0,
2015-12-18,2.668,2.675,2.63,2.571,2.574,2.613,,2.403,2.67,211762096.0,
2015-12-21,2.663,2.669,2.631,2.581,2.576,2.635,,2.415,2.654,229700176.0,
2015-12-22,2.656,2.679,2.637,2.593,2.576,2.651,,2.427,2.675,179878960.0,
2015-12-23,2.6,2.666,2.599,2.602,2.569,2.652,,2.438,2.658,242433408.0,
2015-12-24,2.624,2.633,2.565,2.612,2.566,2.642,,2.45,2.597,249435904.0,
2015-12-25,2.62,2.644,2.598,2.623,2.572,2.633,,2.463,2.623,223670416.0,
2015-12-28,2.551,2.643,2.551,2.623,2.574,2.61,,2.472,2.623,186599648.0,
2015-12-29,2.58,2.584,2.539,2.623,2.578,2.595,,2.483,2.547,186528416.0,
2015-12-30,2.605,2.608,2.56,2.624,2.585,2.596,,2.494,2.581,163122352.0,
2015-12-31,2.539,2.612,2.539,2.611,2.584,2.579,,2.501,2.606,134376848.0,
2016-01-04,2.306,2.538,2.301,2.574,2.573,2.516,,2.505,2.531,187580064.0,
2016-01-05,2.275,2.336,2.2,2.536,2.558,2.461,,2.506,2.24,386728960.0,
2016-01-06,2.321,2.33,2.25,2.502,2.548,2.409,,2.507,2.291,341799168.0,
2016-01-07,2.096,2.28,2.09,2.452,2.527,2.307,,2.506,2.272,120379800.0,
2016-01-08,2.125,2.19,2.03,2.402,2.507,2.225,,2.503,2.17,417490112.0,
2016-01-11,1.999,2.109,1.99,2.34,2.481,2.163,,2.497,2.067,464373184.0,
2016-01-12,2.036,2.067,1.979,2.288,2.455,2.115,,2.493,2.011,260903536.0,
2016-01-13,1.964,2.057,1.936,2.227,2.425,2.044,,2.486,2.048,205516640.0,
2016-01-14,2.072,2.079,1.885,2.173,2.399,2.039,,2.484,1.904,221844752.0,
2016-01-15,1.997,2.07,1.98,2.119,2.365,2.014,,2.478,2.041,257490336.0,
2016-01-18,2.07,2.097,1.964,2.095,2.335,2.028,,2.472,1.966,291285728.0,
2016-01-19,2.126,2.129,2.03,2.081,2.308,2.046,,2.467,2.05,352749472.0,
2016-01-20,2.085,2.129,2.069,2.057,2.28,2.07,,2.461,2.102,313166176.0,
2016-01-21,2.006,2.126,2.006,2.048,2.25,2.057,,2.455,2.059,287312512.0,
2016-01-22,2.042,2.047,1.971,2.04,2.221,2.066,,2.45,2.027,314738880.0,
2016-01-25,2.04,2.07,2.02,2.044,2.192,2.06,,2.445,2.055,179524992.0,
2016-01-26,1.888,2.024,1.845,2.029,2.159,2.012,,2.438,2.01,404445856.0,
2016-01-27,1.887,1.907,1.794,2.021,2.124,1.973,,2.431,1.899,430385888.0,
2016-01-28,1.808,1.883,1.799,1.995,2.084,1.933,,2.42,1.869,262948640.0,
2016-01-29,1.879,1.905,1.801,1.983,2.051,1.9,,2.41,1.807,291176576.0,
2016-02-01,1.895,1.902,1.85,1.966,2.031,1.871,,2.399,1.875,248121104.0,
2016-02-02,1.972,1.986,1.894,1.95,2.015,1.888,,2.389,1.897,304571232.0,
2016-02-03,1.988,2.005,1.924,1.941,1.999,1.908,,2.379,1.949,288567392.0,
2016-02-04,2.024,2.036,1.991,1.942,1.995,1.952,,2.368,1.997,566915136.0,
2016-02-05,1.999,2.037,1.997,1.938,1.989,1.976,,2.357,2.029,461543200.0,
2016-02-15,2.017,2.027,1.921,1.936,1.99,2,,2.348,1.933,416772544.0,
2016-02-16,2.099,2.106,2.022,1.957,1.993,2.025,,2.338,2.022,425079520.0,
2016-02-17,2.109,2.116,2.07,1.979,2,2.05,,2.331,2.099,434546336.0,
2016-02-18,2.09,2.135,2.085,2.007,2.001,2.063,,2.323,2.126,421481280.0,
2016-02-19,2.106,2.123,2.079,2.03,2.007,2.084,,2.315,2.081,569471808.0,
2016-02-22,2.142,2.142,2.108,2.055,2.01,2.109,,2.306,2.134,431431360.0,
2016-02-23,2.117,2.145,2.088,2.069,2.01,2.113,,2.298,2.14,399319168.0,
2016-02-24,2.097,2.124,2.049,2.08,2.01,2.11,,2.289,2.102,407063200.0,
2016-02-25,1.896,2.095,1.888,2.067,2.005,2.072,,2.274,2.094,833419904.0,
2016-02-26,1.902,1.947,1.872,2.057,1.998,2.031,,2.262,1.93,594337792.0,
2016-02-29,1.77,1.897,1.755,2.033,1.984,1.956,,2.249,1.886,458813728.0,
2016-03-01,1.824,1.844,1.736,2.005,1.981,1.898,,2.238,1.776,471912448.0,
2016-03-02,1.912,1.918,1.813,1.986,1.982,1.861,,2.228,1.823,572737792.0,
2016-03-03,1.902,1.959,1.901,1.967,1.987,1.862,,2.219,1.907,607392000.0,
2016-03-04,1.81,1.9,1.795,1.937,1.984,1.844,,2.206,1.89,632874752.0,
2016-03-07,1.853,1.893,1.832,1.908,1.981,1.86,,2.195,1.84,620523776.0,
2016-03-08,1.888,1.895,1.761,1.885,1.977,1.873,,2.184,1.847,758368384.0,
2016-03-09,1.848,1.911,1.832,1.86,1.97,1.86,,2.172,1.852,579879616.0,
2016-03-10,1.835,1.889,1.833,1.854,1.961,1.847,,2.161,1.865,502145792.0,
2016-03-11,1.834,1.846,1.8,1.848,1.953,1.852,,2.149,1.8,402236864.0,
2016-03-14,1.925,1.948,1.858,1.863,1.948,1.866,,2.14,1.86,653985984.0,
2016-03-15,1.891,1.932,1.889,1.87,1.938,1.867,,2.129,1.917,513304544.0,
2016-03-16,1.878,1.934,1.863,1.866,1.926,1.873,,2.117,1.927,575916288.0,
2016-03-17,1.991,1.991,1.879,1.875,1.921,1.904,,2.107,1.88,1120405888.0,
2016-03-18,2.076,2.095,1.992,1.902,1.92,1.952,,2.097,2.015,1022792064.0,
2016-03-21,2.116,2.12,2.08,1.928,1.918,1.99,,2.088,2.1,643854336.0,
2016-03-22,2.099,2.135,2.082,1.949,1.917,2.032,,2.078,2.09,673078336.0,
2016-03-23,2.148,2.152,2.091,1.979,1.92,2.086,,2.07,2.1,724549545.0,
2016-03-24,2.1,2.16,2.093,2.006,1.93,2.108,9.22279792746,,2.122,,7282058.0
2016-03-25,2.099,2.117,2.067,2.032,1.94,2.112,8.86597938144,,2.092,,6181155.0
2016-03-28,2.073,2.143,2.071,2.047,1.955,2.104,7.62148337596,,2.117,,5507096.0
2016-03-29,2.039,2.081,2.01,2.062,1.966,2.092,6.40895218718,,2.072,,5438191.0
