date,shanghai settlement:Ag(T+D)
2006-10-30,"3,394.00 "
2006-10-31,"3,373.00 "
2006-11-01,"3,398.00 "
2006-11-02,"3,417.00 "
2006-11-03,"3,388.00 "
2006-11-06,"3,423.00 "
2006-11-07,"3,430.00 "
2006-11-08,"3,443.00 "
2006-11-09,"3,422.00 "
2006-11-10,"3,485.00 "
2006-11-13,"3,535.00 "
2006-11-14,"3,517.00 "
2006-11-15,"3,537.00 "
2006-11-16,"3,489.00 "
2006-11-17,"3,524.00 "
2006-11-21,"3,522.00 "
2006-11-22,"3,550.00 "
2006-11-23,"3,560.00 "
2006-11-24,"3,552.00 "
2006-11-28,"3,623.00 "
2006-11-29,"3,697.00 "
2006-11-30,"3,702.00 "
2006-12-01,"3,850.00 "
2006-12-04,"3,928.00 "
2006-12-05,"3,940.00 "
2006-12-06,"3,864.00 "
2006-12-07,"3,808.00 "
2006-12-08,"3,783.00 "
2006-12-11,"3,781.00 "
2006-12-12,"3,834.00 "
2006-12-13,"3,822.00 "
2006-12-14,"3,775.00 "
2006-12-15,"3,822.00 "
2006-12-18,"3,693.00 "
2006-12-19,"3,603.00 "
2006-12-20,"3,630.00 "
2006-12-21,"3,591.00 "
2006-12-22,"3,588.00 "
2006-12-25,"3,609.00 "
2006-12-26,"3,646.00 "
2006-12-27,"3,643.00 "
2006-12-28,"3,665.00 "
2006-12-29,"3,673.00 "
2007-01-04,"3,634.00 "
2007-01-05,"3,615.00 "
2007-01-08,"3,510.00 "
2007-01-09,"3,539.00 "
2007-01-10,"3,540.00 "
2007-01-11,"3,531.00 "
2007-01-12,"3,539.00 "
2007-01-15,"3,627.00 "
2007-01-16,"3,621.00 "
2007-01-17,"3,613.00 "
2007-01-18,"3,607.00 "
2007-01-19,"3,609.00 "
2007-01-22,"3,617.00 "
2007-01-23,"3,616.00 "
2007-01-24,"3,653.00 "
2007-01-25,"3,666.00 "
2007-01-26,"3,680.00 "
2007-01-29,"3,642.00 "
2007-01-30,"3,647.00 "
2007-01-31,"3,661.00 "
2007-02-01,"3,680.00 "
2007-02-02,"3,700.00 "
2007-02-05,"3,682.00 "
2007-02-06,"3,679.00 "
2007-02-07,"3,692.00 "
2007-02-08,"3,689.00 "
2007-02-09,"3,698.00 "
2007-02-12,"3,727.00 "
2007-02-13,"3,705.00 "
2007-02-14,"3,737.00 "
2007-02-15,"3,755.00 "
2007-02-16,"3,747.00 "
2007-02-26,"3,898.00 "
2007-02-27,"3,899.00 "
2007-02-28,"3,860.00 "
2007-03-01,"3,841.00 "
2007-03-02,"3,736.00 "
2007-03-05,"3,597.00 "
2007-03-06,"3,557.00 "
2007-03-07,"3,618.00 "
2007-03-08,"3,629.00 "
2007-03-09,"3,636.00 "
2007-03-12,"3,609.00 "
2007-03-13,"3,614.00 "
2007-03-14,"3,583.00 "
2007-03-15,"3,581.00 "
2007-03-16,"3,612.00 "
2007-03-19,"3,650.00 "
2007-03-20,"3,648.00 "
2007-03-21,"3,676.00 "
2007-03-22,"3,683.00 "
2007-03-23,"3,686.00 "
2007-03-26,"3,676.00 "
2007-03-27,"3,667.00 "
2007-03-28,"3,661.00 "
2007-03-29,"3,665.00 "
2007-03-30,"3,640.00 "
2007-04-02,"3,656.00 "
2007-04-03,"3,641.00 "
2007-04-04,"3,654.00 "
2007-04-05,"3,673.00 "
2007-04-06,"3,686.00 "
2007-04-09,"3,668.00 "
2007-04-10,"3,698.00 "
2007-04-11,"3,723.00 "
2007-04-12,"3,721.00 "
2007-04-13,"3,717.00 "
2007-04-16,"3,769.00 "
2007-04-17,"3,763.00 "
2007-04-18,"3,763.00 "
2007-04-19,"3,747.00 "
2007-04-20,"3,711.00 "
2007-04-23,"3,743.00 "
2007-04-24,"3,736.00 "
2007-04-25,"3,709.00 "
2007-04-26,"3,691.00 "
2007-04-27,"3,607.00 "
2007-04-30,"3,612.00 "
2007-05-08,"3,650.00 "
2007-05-09,"3,623.00 "
2007-05-10,"3,606.00 "
2007-05-11,"3,569.00 "
2007-05-14,"3,592.00 "
2007-05-15,"3,563.00 "
2007-05-16,"3,583.00 "
2007-05-17,"3,546.00 "
2007-05-18,"3,500.00 "
2007-05-21,"3,532.00 "
2007-05-22,"3,524.00 "
2007-05-23,"3,515.00 "
2007-05-24,"3,528.00 "
2007-05-25,"3,522.00 "
2007-05-28,"3,515.00 "
2007-05-29,"3,514.00 "
2007-05-30,"3,540.00 "
2007-05-31,"3,536.00 "
2007-06-01,"3,584.00 "
2007-06-04,"3,625.00 "
2007-06-05,"3,637.00 "
2007-06-06,"3,634.00 "
2007-06-07,"3,611.00 "
2007-06-08,"3,567.00 "
2007-06-11,"3,535.00 "
2007-06-12,"3,536.00 "
2007-06-13,"3,507.00 "
2007-06-14,"3,515.00 "
2007-06-15,"3,534.00 "
2007-06-18,"3,556.00 "
2007-06-19,"3,544.00 "
2007-06-20,"3,506.00 "
2007-06-21,"3,499.00 "
2007-06-22,"3,472.00 "
2007-06-25,"3,462.00 "
2007-06-26,"3,429.00 "
2007-06-27,"3,294.00 "
2007-06-28,"3,239.00 "
2007-06-29,"3,274.00 "
2007-07-02,"3,279.00 "
2007-07-03,"3,336.00 "
2007-07-04,"3,330.00 "
2007-07-05,"3,357.00 "
2007-07-06,"3,311.00 "
2007-07-09,"3,374.00 "
2007-07-10,"3,389.00 "
2007-07-11,"3,404.00 "
2007-07-12,"3,395.00 "
2007-07-13,"3,419.00 "
2007-07-16,"3,429.00 "
2007-07-17,"3,420.00 "
2007-07-18,"3,425.00 "
2007-07-19,"3,429.00 "
2007-07-20,"3,485.00 "
2007-07-23,"3,516.00 "
2007-07-24,"3,506.00 "
2007-07-25,"3,504.00 "
2007-07-26,"3,448.00 "
2007-07-27,"3,411.00 "
2007-07-30,"3,388.00 "
2007-07-31,"3,398.00 "
2007-08-01,"3,402.00 "
2007-08-02,"3,417.00 "
2007-08-03,"3,421.00 "
2007-08-06,"3,464.00 "
2007-08-07,"3,439.00 "
2007-08-08,"3,445.00 "
2007-08-09,"3,461.00 "
2007-08-10,"3,394.00 "
2007-08-13,"3,412.00 "
2007-08-14,"3,407.00 "
2007-08-15,"3,380.00 "
2007-08-16,"3,361.00 "
2007-08-17,"3,287.00 "
2007-08-20,"3,304.00 "
2007-08-21,"3,310.00 "
2007-08-22,"3,279.00 "
2007-08-23,"3,305.00 "
2007-08-24,"3,291.00 "
2007-08-27,"3,311.00 "
2007-08-28,"3,313.00 "
2007-08-29,"3,307.00 "
2007-08-30,"3,312.00 "
2007-08-31,"3,313.00 "
2007-09-03,"3,334.00 "
2007-09-04,"3,341.00 "
2007-09-05,"3,350.00 "
2007-09-06,"3,346.00 "
2007-09-07,"3,351.00 "
2007-09-10,"3,363.00 "
2007-09-11,"3,361.00 "
2007-09-12,"3,364.00 "
2007-09-13,"3,347.00 "
2007-09-14,"3,321.00 "
2007-09-17,"3,341.00 "
2007-09-18,"3,347.00 "
2007-09-19,"3,368.00 "
2007-09-20,"3,378.00 "
2007-09-21,"3,438.00 "
2007-09-24,"3,473.00 "
2007-09-25,"3,452.00 "
2007-09-26,"3,448.00 "
2007-09-27,"3,452.00 "
2007-09-28,"3,455.00 "
2007-10-08,"3,447.00 "
2007-10-09,"3,428.00 "
2007-10-10,"3,443.00 "
2007-10-11,"3,454.00 "
2007-10-12,"3,467.00 "
2007-10-15,"3,472.00 "
2007-10-16,"3,487.00 "
2007-10-17,"3,460.00 "
2007-10-18,"3,460.00 "
2007-10-19,"3,467.00 "
2007-10-22,"3,436.00 "
2007-10-23,"3,417.00 "
2007-10-24,"3,418.00 "
2007-10-25,"3,427.00 "
2007-10-26,"3,464.00 "
2007-10-29,"3,527.00 "
2007-10-30,"3,513.00 "
2007-10-31,"3,509.00 "
2007-11-01,"3,538.00 "
2007-11-02,"3,522.00 "
2007-11-05,"3,553.00 "
2007-11-06,"3,584.00 "
2007-11-07,"3,784.00 "
2007-11-08,"3,813.00 "
2007-11-09,"3,831.00 "
2007-11-12,"3,754.00 "
2007-11-13,"3,684.00 "
2007-11-14,"3,689.00 "
2007-11-15,"3,729.00 "
2007-11-16,"3,652.00 "
2007-11-19,"3,618.00 "
2007-11-20,"3,517.00 "
2007-11-21,"3,609.00 "
2007-11-22,"3,617.00 "
2007-11-23,"3,662.00 "
2007-11-26,"3,715.00 "
2007-11-27,"3,696.00 "
2007-11-28,"3,625.00 "
2007-11-29,"3,601.00 "
2007-11-30,"3,573.00 "
2007-12-03,"3,538.00 "
2007-12-05,"3,575.00 "
2007-12-06,"3,548.00 "
2007-12-07,"3,562.00 "
2007-12-10,"3,564.00 "
2007-12-11,"3,608.00 "
2007-12-12,"3,609.00 "
2007-12-13,"3,618.00 "
2007-12-14,"3,568.00 "
2007-12-17,"3,522.00 "
2007-12-18,"3,502.00 "
2007-12-19,"3,532.00 "
2007-12-20,"3,524.00 "
2007-12-21,"3,532.00 "
2007-12-24,"3,549.00 "
2007-12-25,"3,561.00 "
2007-12-26,"3,565.00 "
2007-12-27,"3,588.00 "
2007-12-28,"3,597.00 "
2008-01-02,"3,618.00 "
2008-01-03,"3,662.00 "
2008-01-04,"3,687.00 "
2008-01-07,"3,657.00 "
2008-01-08,"3,670.00 "
2008-01-09,"3,720.00 "
2008-01-10,"3,698.00 "
2008-01-11,"3,717.00 "
2008-01-14,"3,780.00 "
2008-01-15,"3,830.00 "
2008-01-16,"3,808.00 "
2008-01-17,"3,768.00 "
2008-01-18,"3,759.00 "
2008-01-21,"3,753.00 "
2008-01-22,"3,699.00 "
2008-01-23,"3,720.00 "
2008-01-24,"3,732.00 "
2008-01-25,"3,785.00 "
2008-01-28,"3,799.00 "
2008-01-29,"3,821.00 "
2008-01-30,"3,827.00 "
2008-01-31,"3,828.00 "
2008-02-01,"3,839.00 "
2008-02-04,"3,823.00 "
2008-02-05,"3,812.00 "
2008-02-13,"3,852.00 "
2008-02-14,"3,894.00 "
2008-02-15,"3,939.00 "
2008-02-18,"3,942.00 "
2008-02-19,"3,930.00 "
2008-02-20,"3,982.00 "
2008-02-21,"4,015.00 "
2008-02-22,"4,086.00 "
2008-02-25,"4,166.00 "
2008-02-26,"4,169.00 "
2008-02-27,"4,288.00 "
2008-02-28,"4,443.00 "
2008-02-29,"4,534.00 "
2008-03-03,"4,697.00 "
2008-03-04,"4,849.00 "
2008-03-05,"4,716.00 "
2008-03-06,"4,840.00 "
2008-03-07,"4,881.00 "
2008-03-10,"4,784.00 "
2008-03-11,"4,719.00 "
2008-03-12,"4,742.00 "
2008-03-13,"4,788.00 "
2008-03-14,"4,906.00 "
2008-03-17,"5,006.00 "
2008-03-18,"4,923.00 "
2008-03-19,"4,844.00 "
2008-03-20,"4,644.00 "
2008-03-21,"4,365.00 "
2008-03-24,"4,025.00 "
2008-03-25,"4,066.00 "
2008-03-26,"4,234.00 "
2008-03-27,"4,340.00 "
2008-03-28,"4,300.00 "
2008-03-31,"4,199.00 "
2008-04-01,"4,107.00 "
2008-04-02,"3,877.00 "
2008-04-03,"3,922.00 "
2008-04-07,"4,078.00 "
2008-04-08,"4,135.00 "
2008-04-09,"4,019.00 "
2008-04-10,"4,109.00 "
2008-04-11,"4,119.00 "
2008-04-14,"4,050.00 "
2008-04-15,"4,111.00 "
2008-04-16,"4,125.00 "
2008-04-17,"4,198.00 "
2008-04-18,"4,207.00 "
2008-04-21,"4,107.00 "
2008-04-22,"4,066.00 "
2008-04-23,"4,081.00 "
2008-04-24,"4,009.00 "
2008-04-25,"3,963.00 "
2008-04-28,"4,015.00 "
2008-04-29,"4,001.00 "
2008-04-30,"3,938.00 "
2008-05-05,"3,927.00 "
2008-05-06,"3,953.00 "
2008-05-07,"3,969.00 "
2008-05-08,"3,928.00 "
2008-05-09,"3,971.00 "
2008-05-13,"3,987.00 "
2008-05-14,"3,956.00 "
2008-05-15,"3,946.00 "
2008-05-16,"3,968.00 "
2008-05-19,"4,003.00 "
2008-05-20,"4,007.00 "
2008-05-21,"4,053.00 "
2008-05-22,"4,090.00 "
2008-05-23,"4,082.00 "
2008-05-26,"4,133.00 "
2008-05-27,"4,148.00 "
2008-05-28,"4,077.00 "
2008-05-29,"4,057.00 "
2008-05-30,"3,981.00 "
2008-06-02,"3,966.00 "
2008-06-03,"3,975.00 "
2008-06-04,"3,943.00 "
2008-06-05,"3,950.00 "
2008-06-06,"3,999.00 "
2008-06-10,"4,003.00 "
2008-06-11,"3,966.00 "
2008-06-12,"3,971.00 "
2008-06-13,"3,940.00 "
2008-06-16,"3,941.00 "
2008-06-17,"3,997.00 "
2008-06-18,"3,991.00 "
2008-06-19,"4,009.00 "
2008-06-20,"4,019.00 "
2008-06-23,"4,021.00 "
2008-06-24,"3,971.00 "
2008-06-25,"3,960.00 "
2008-06-26,"3,949.00 "
2008-06-27,"4,011.00 "
2008-06-30,"4,035.00 "
2008-07-01,"4,023.00 "
2008-07-02,"4,074.00 "
2008-07-03,"4,100.00 "
2008-07-04,"4,082.00 "
2008-07-07,"4,053.00 "
2008-07-08,"4,051.00 "
2008-07-09,"4,047.00 "
2008-07-10,"4,069.00 "
2008-07-11,"4,098.00 "
2008-07-14,"4,180.00 "
2008-07-15,"4,226.00 "
2008-07-16,"4,223.00 "
2008-07-17,"4,185.00 "
2008-07-18,"4,197.00 "
2008-07-21,"4,167.00 "
2008-07-22,"4,191.00 "
2008-07-23,"4,153.00 "
2008-07-24,"4,067.00 "
2008-07-25,"4,041.00 "
2008-07-28,"4,022.00 "
2008-07-29,"4,028.00 "
2008-07-30,"4,007.00 "
2008-07-31,"3,993.00 "
2008-08-01,"4,022.00 "
2008-08-04,"4,005.00 "
2008-08-05,"3,958.00 "
2008-08-06,"3,897.00 "
2008-08-07,"3,868.00 "
2008-08-08,"3,784.00 "
2008-08-11,"3,595.00 "
2008-08-12,"3,449.00 "
2008-08-13,"3,397.00 "
2008-08-14,"3,436.00 "
2008-08-15,"3,287.00 "
2008-08-18,"3,208.00 "
2008-08-19,"3,103.00 "
2008-08-20,"3,137.00 "
2008-08-21,"3,160.00 "
2008-08-22,"3,232.00 "
2008-08-25,"3,104.00 "
2008-08-26,"3,146.00 "
2008-08-27,"3,170.00 "
2008-08-28,"3,184.00 "
2008-08-29,"3,215.00 "
2008-09-01,"3,199.00 "
2008-09-02,"3,155.00 "
2008-09-03,"3,040.00 "
2008-09-04,"3,069.00 "
2008-09-05,"3,078.00 "
2008-09-08,"3,109.00 "
2008-09-09,"3,076.00 "
2008-09-10,"2,989.00 "
2008-09-11,"2,870.00 "
2008-09-12,"2,705.00 "
2008-09-16,"2,671.00 "
2008-09-17,"2,667.00 "
2008-09-18,"2,793.00 "
2008-09-19,"3,000.00 "
2008-09-22,"2,994.00 "
2008-09-23,"3,135.00 "
2008-09-24,"3,145.00 "
2008-09-25,"3,142.00 "
2008-09-26,"3,116.00 "
2008-10-06,"2,804.00 "
2008-10-07,"2,809.00 "
2008-10-08,"2,862.00 "
2008-10-09,"2,892.00 "
2008-10-10,"2,937.00 "
2008-10-13,"2,731.00 "
2008-10-14,"2,677.00 "
2008-10-15,"2,695.00 "
2008-10-16,"2,651.00 "
2008-10-17,"2,522.00 "
2008-10-20,"2,487.00 "
2008-10-21,"2,458.00 "
2008-10-22,"2,448.00 "
2008-10-23,"2,396.00 "
2008-10-24,"2,359.00 "
2008-10-27,"2,368.00 "
2008-10-28,"2,331.00 "
2008-10-29,"2,325.00 "
2008-10-30,"2,408.00 "
2008-10-31,"2,378.00 "
2008-11-03,"2,404.00 "
2008-11-04,"2,377.00 "
2008-11-05,"2,422.00 "
2008-11-06,"2,423.00 "
2008-11-07,"2,417.00 "
2008-11-10,"2,419.00 "
2008-11-11,"2,422.00 "
2008-11-12,"2,382.00 "
2008-11-13,"2,313.00 "
2008-11-14,"2,269.00 "
2008-11-17,"2,312.00 "
2008-11-18,"2,298.00 "
2008-11-19,"2,303.00 "
2008-11-20,"2,308.00 "
2008-11-21,"2,264.00 "
2008-11-24,"2,310.00 "
2008-11-25,"2,399.00 "
2008-11-26,"2,410.00 "
2008-11-27,"2,409.00 "
2008-11-28,"2,413.00 "
2008-12-01,"2,402.00 "
2008-12-02,"2,318.00 "
2008-12-03,"2,316.00 "
2008-12-04,"2,299.00 "
2008-12-05,"2,306.00 "
2008-12-08,"2,317.00 "
2008-12-09,"2,369.00 "
2008-12-10,"2,350.00 "
2008-12-11,"2,385.00 "
2008-12-12,"2,405.00 "
2008-12-15,"2,411.00 "
2008-12-16,"2,422.00 "
2008-12-17,"2,463.00 "
2008-12-18,"2,500.00 "
2008-12-19,"2,465.00 "
2008-12-22,"2,463.00 "
2008-12-23,"2,453.00 "
2008-12-24,"2,402.00 "
2008-12-25,"2,385.00 "
2008-12-26,"2,387.00 "
2008-12-29,"2,482.00 "
2008-12-30,"2,482.00 "
2008-12-31,"2,468.00 "
2009-01-05,"2,531.00 "
2009-01-06,"2,462.00 "
2009-01-07,"2,478.00 "
2009-01-08,"2,476.00 "
2009-01-09,"2,471.00 "
2009-01-12,"2,471.00 "
2009-01-13,"2,447.00 "
2009-01-14,"2,433.00 "
2009-01-15,"2,419.00 "
2009-01-16,"2,426.00 "
2009-01-19,"2,470.00 "
2009-01-20,"2,452.00 "
2009-01-21,"2,471.00 "
2009-01-22,"2,472.00 "
2009-01-23,"2,479.00 "
2009-02-02,"2,673.00 "
2009-02-03,"2,669.00 "
2009-02-04,"2,675.00 "
2009-02-05,"2,687.00 "
2009-02-06,"2,752.00 "
2009-02-09,"2,783.00 "
2009-02-10,"2,770.00 "
2009-02-11,"2,807.00 "
2009-02-12,"2,925.00 "
2009-02-13,"2,968.00 "
2009-02-16,"2,978.00 "
2009-02-17,"3,058.00 "
2009-02-18,"3,162.00 "
2009-02-19,"3,212.00 "
2009-02-20,"3,195.00 "
2009-02-23,"3,231.00 "
2009-02-24,"3,226.00 "
2009-02-25,"3,112.00 "
2009-02-26,"3,029.00 "
2009-02-27,"2,939.00 "
2009-03-02,"2,952.00 "
2009-03-03,"2,893.00 "
2009-03-04,"2,840.00 "
2009-03-05,"2,895.00 "
2009-03-06,"2,955.00 "
2009-03-09,"2,947.00 "
2009-03-10,"2,911.00 "
2009-03-11,"2,825.00 "
2009-03-12,"2,845.00 "
2009-03-13,"2,880.00 "
2009-03-16,"2,895.00 "
2009-03-17,"2,866.00 "
2009-03-18,"2,845.00 "
2009-03-19,"2,815.00 "
2009-03-20,"2,984.00 "
2009-03-23,"3,058.00 "
2009-03-24,"3,051.00 "
2009-03-25,"2,980.00 "
2009-03-26,"2,992.00 "
2009-03-27,"3,021.00 "
2009-03-30,"2,975.00 "
2009-03-31,"2,939.00 "
2009-04-01,"2,905.00 "
2009-04-02,"2,913.00 "
2009-04-03,"2,881.00 "
2009-04-07,"2,761.00 "
2009-04-08,"2,762.00 "
2009-04-09,"2,758.00 "
2009-04-10,"2,754.00 "
2009-04-13,"2,809.00 "
2009-04-14,"2,868.00 "
2009-04-15,"2,860.00 "
2009-04-16,"2,866.00 "
2009-04-17,"2,801.00 "
2009-04-20,"2,738.00 "
2009-04-21,"2,786.00 "
2009-04-22,"2,794.00 "
2009-04-23,"2,817.00 "
2009-04-24,"2,874.00 "
2009-04-27,"2,933.00 "
2009-04-28,"2,892.00 "
2009-04-29,"2,844.00 "
2009-04-30,"2,879.00 "
2009-05-04,"2,872.00 "
2009-05-05,"2,923.00 "
2009-05-06,"2,987.00 "
2009-05-07,"3,018.00 "
2009-05-08,"3,024.00 "
2009-05-11,"3,031.00 "
2009-05-12,"3,017.00 "
2009-05-13,"3,072.00 "
2009-05-14,"3,049.00 "
2009-05-15,"3,044.00 "
2009-05-18,"3,042.00 "
2009-05-19,"3,012.00 "
2009-05-20,"3,043.00 "
2009-05-21,"3,083.00 "
2009-05-22,"3,095.00 "
2009-05-25,"3,136.00 "
2009-05-26,"3,140.00 "
2009-05-27,"3,132.00 "
2009-06-01,"3,402.00 "
2009-06-02,"3,392.00 "
2009-06-03,"3,447.00 "
2009-06-04,"3,387.00 "
2009-06-05,"3,405.00 "
2009-06-08,"3,338.00 "
2009-06-09,"3,267.00 "
2009-06-10,"3,316.00 "
2009-06-11,"3,315.00 "
2009-06-12,"3,331.00 "
2009-06-15,"3,230.00 "
2009-06-16,"3,195.00 "
2009-06-17,"3,186.00 "
2009-06-18,"3,200.00 "
2009-06-19,"3,198.00 "
2009-06-22,"3,170.00 "
2009-06-23,"3,123.00 "
2009-06-24,"3,142.00 "
2009-06-25,"3,178.00 "
2009-06-26,"3,205.00 "
2009-06-29,"3,186.00 "
2009-06-30,"3,192.00 "
2009-07-01,"3,165.00 "
2009-07-02,"3,176.00 "
2009-07-03,"3,138.00 "
2009-07-06,"3,121.00 "
2009-07-07,"3,111.00 "
2009-07-08,"3,109.00 "
2009-07-09,"3,086.00 "
2009-07-10,"3,087.00 "
2009-07-13,"3,070.00 "
2009-07-14,"3,072.00 "
2009-07-15,"3,098.00 "
2009-07-16,"3,138.00 "
2009-07-17,"3,138.00 "
2009-07-20,"3,187.00 "
2009-07-21,"3,203.00 "
2009-07-22,"3,199.00 "
2009-07-23,"3,208.00 "
2009-07-24,"3,204.00 "
2009-07-27,"3,229.00 "
2009-07-28,"3,234.00 "
2009-07-29,"3,186.00 "
2009-07-30,"3,146.00 "
2009-07-31,"3,168.00 "
2009-08-03,"3,232.00 "
2009-08-04,"3,270.00 "
2009-08-05,"3,284.00 "
2009-08-06,"3,291.00 "
2009-08-07,"3,290.00 "
2009-08-10,"3,269.00 "
2009-08-11,"3,245.00 "
2009-08-12,"3,234.00 "
2009-08-13,"3,269.00 "
2009-08-14,"3,312.00 "
2009-08-17,"3,243.00 "
2009-08-18,"3,197.00 "
2009-08-19,"3,197.00 "
2009-08-20,"3,203.00 "
2009-08-21,"3,204.00 "
2009-08-24,"3,260.00 "
2009-08-25,"3,250.00 "
2009-08-26,"3,257.00 "
2009-08-27,"3,248.00 "
2009-08-28,"3,259.00 "
2009-08-31,"3,289.00 "
2009-09-01,"3,296.00 "
2009-09-02,"3,301.00 "
2009-09-03,"3,332.00 "
2009-09-04,"3,424.00 "
2009-09-07,"3,516.00 "
2009-09-08,"3,649.00 "
2009-09-09,"3,678.00 "
2009-09-10,"3,623.00 "
2009-09-11,"3,642.00 "
2009-09-14,"3,647.00 "
2009-09-15,"3,646.00 "
2009-09-16,"3,722.00 "
2009-09-17,"3,845.00 "
2009-09-18,"3,828.00 "
2009-09-21,"3,684.00 "
2009-09-22,"3,717.00 "
2009-09-23,"3,801.00 "
2009-09-24,"3,742.00 "
2009-09-25,"3,658.00 "
2009-09-28,"3,580.00 "
2009-09-29,"3,606.00 "
2009-09-30,"3,605.00 "
2009-10-09,"3,856.00 "
2009-10-12,"3,862.00 "
2009-10-13,"3,877.00 "
2009-10-14,"3,884.00 "
2009-10-15,"3,882.00 "
2009-10-16,"3,824.00 "
2009-10-19,"3,830.00 "
2009-10-20,"3,867.00 "
2009-10-21,"3,846.00 "
2009-10-22,"3,857.00 "
2009-10-23,"3,855.00 "
2009-10-26,"3,857.00 "
2009-10-27,"3,830.00 "
2009-10-28,"3,780.00 "
2009-10-29,"3,745.00 "
2009-10-30,"3,780.00 "
2009-11-02,"3,763.00 "
2009-11-03,"3,783.00 "
2009-11-04,"3,816.00 "
2009-11-05,"3,874.00 "
2009-11-06,"3,869.00 "
2009-11-09,"3,884.00 "
2009-11-10,"3,862.00 "
2009-11-11,"3,851.00 "
2009-11-12,"3,875.00 "
2009-11-13,"3,846.00 "
2009-11-16,"3,876.00 "
2009-11-17,"3,987.00 "
2009-11-18,"4,039.00 "
2009-11-19,"4,117.00 "
2009-11-20,"4,089.00 "
2009-11-23,"4,170.00 "
2009-11-24,"4,173.00 "
2009-11-25,"4,159.00 "
2009-11-26,"4,176.00 "
2009-11-27,"4,071.00 "
2009-11-30,"4,087.00 "
2009-12-01,"4,089.00 "
2009-12-02,"4,198.00 "
2009-12-03,"4,253.00 "
2009-12-04,"4,206.00 "
2009-12-07,"4,072.00 "
2009-12-08,"4,050.00 "
2009-12-09,"3,982.00 "
2009-12-10,"3,947.00 "
2009-12-11,"3,925.00 "
2009-12-14,"3,906.00 "
2009-12-15,"3,917.00 "
2009-12-16,"3,927.00 "
2009-12-17,"3,984.00 "
2009-12-18,"3,944.00 "
2009-12-21,"3,957.00 "
2009-12-22,"3,932.00 "
2009-12-23,"3,896.00 "
2009-12-24,"3,940.00 "
2009-12-25,"3,961.00 "
2009-12-28,"3,998.00 "
2009-12-29,"3,997.00 "
2009-12-30,"3,970.00 "
2009-12-31,"3,948.00 "
2010-01-04,"3,956.00 "
2010-01-05,"4,010.00 "
2010-01-06,"4,036.00 "
2010-01-07,"4,096.00 "
2010-01-08,"4,097.00 "
2010-01-11,"4,226.00 "
2010-01-12,"4,235.00 "
2010-01-13,"4,192.00 "
2010-01-14,"4,190.00 "
2010-01-15,"4,193.00 "
2010-01-18,"4,188.00 "
2010-01-19,"4,211.00 "
2010-01-20,"4,206.00 "
2010-01-21,"4,158.00 "
2010-01-22,"4,052.00 "
2010-01-25,"4,003.00 "
2010-01-26,"3,995.00 "
2010-01-27,"3,932.00 "
2010-01-28,"3,926.00 "
2010-01-29,"3,908.00 "
2010-02-01,"3,880.00 "
2010-02-02,"3,924.00 "
2010-02-03,"3,957.00 "
2010-02-04,"3,939.00 "
2010-02-05,"3,791.00 "
2010-02-08,"3,717.00 "
2010-02-09,"3,707.00 "
2010-02-10,"3,746.00 "
2010-02-11,"3,728.00 "
2010-02-12,"3,756.00 "
2010-02-22,"3,914.00 "
2010-02-23,"3,901.00 "
2010-02-24,"3,865.00 "
2010-02-25,"3,842.00 "
2010-02-26,"3,854.00 "
2010-03-01,"3,922.00 "
2010-03-02,"3,905.00 "
2010-03-03,"3,951.00 "
2010-03-04,"3,989.00 "
2010-03-05,"3,975.00 "
2010-03-08,"3,997.00 "
2010-03-09,"3,977.00 "
2010-03-10,"3,969.00 "
2010-03-11,"3,971.00 "
2010-03-12,"3,955.00 "
2010-03-15,"3,949.00 "
2010-03-16,"3,951.00 "
2010-03-17,"3,988.00 "
2010-03-18,"3,984.00 "
2010-03-19,"3,982.00 "
2010-03-22,"3,947.00 "
2010-03-23,"3,925.00 "
2010-03-24,"3,939.00 "
2010-03-25,"3,919.00 "
2010-03-26,"3,931.00 "
2010-03-29,"3,954.00 "
2010-03-30,"3,980.00 "
2010-03-31,"3,974.00 "
2010-04-01,"3,992.00 "
2010-04-02,"4,026.00 "
2010-04-06,"4,032.00 "
2010-04-07,"4,047.00 "
2010-04-08,"4,071.00 "
2010-04-09,"4,074.00 "
2010-04-12,"4,135.00 "
2010-04-13,"4,099.00 "
2010-04-14,"4,086.00 "
2010-04-15,"4,108.00 "
2010-04-16,"4,103.00 "
2010-04-19,"4,014.00 "
2010-04-20,"4,022.00 "
2010-04-21,"4,045.00 "
2010-04-22,"4,050.00 "
2010-04-23,"4,043.00 "
2010-04-26,"4,109.00 "
2010-04-27,"4,101.00 "
2010-04-28,"4,095.00 "
2010-04-29,"4,093.00 "
2010-04-30,"4,120.00 "
2010-05-04,"4,159.00 "
2010-05-05,"4,089.00 "
2010-05-06,"4,028.00 "
2010-05-07,"4,064.00 "
2010-05-10,"4,131.00 "
2010-05-11,"4,140.00 "
2010-05-12,"4,247.00 "
2010-05-13,"4,329.00 "
2010-05-14,"4,345.00 "
2010-05-17,"4,322.00 "
2010-05-18,"4,279.00 "
2010-05-19,"4,247.00 "
2010-05-20,"4,164.00 "
2010-05-21,"4,088.00 "
2010-05-24,"4,119.00 "
2010-05-25,"4,115.00 "
2010-05-26,"4,126.00 "
2010-05-27,"4,158.00 "
2010-05-28,"4,172.00 "
2010-05-31,"4,175.00 "
2010-06-01,"4,196.00 "
2010-06-02,"4,207.00 "
2010-06-03,"4,161.00 "
2010-06-04,"4,132.00 "
2010-06-07,"4,068.00 "
2010-06-08,"4,140.00 "
2010-06-09,"4,188.00 "
2010-06-10,"4,147.00 "
2010-06-11,"4,150.00 "
2010-06-17,"4,180.00 "
2010-06-18,"4,240.00 "
2010-06-21,"4,325.00 "
2010-06-22,"4,279.00 "
2010-06-23,"4,265.00 "
2010-06-24,"4,217.00 "
2010-06-25,"4,238.00 "
2010-06-28,"4,302.00 "
2010-06-29,"4,268.00 "
2010-06-30,"4,236.00 "
2010-07-01,"4,234.00 "
2010-07-02,"4,165.00 "
2010-07-05,"4,139.00 "
2010-07-06,"4,122.00 "
2010-07-07,"4,109.00 "
2010-07-08,"4,140.00 "
2010-07-09,"4,134.00 "
2010-07-12,"4,156.00 "
2010-07-13,"4,142.00 "
2010-07-14,"4,175.00 "
2010-07-15,"4,176.00 "
2010-07-16,"4,176.00 "
2010-07-19,"4,132.00 "
2010-07-20,"4,112.00 "
2010-07-21,"4,122.00 "
2010-07-22,"4,118.00 "
2010-07-23,"4,146.00 "
2010-07-26,"4,156.00 "
2010-07-27,"4,153.00 "
2010-07-28,"4,120.00 "
2010-07-29,"4,095.00 "
2010-07-30,"4,108.00 "
2010-08-02,"4,158.00 "
2010-08-03,"4,192.00 "
2010-08-04,"4,194.00 "
2010-08-05,"4,191.00 "
2010-08-06,"4,179.00 "
2010-08-09,"4,194.00 "
2010-08-10,"4,180.00 "
2010-08-11,"4,172.00 "
2010-08-12,"4,161.00 "
2010-08-13,"4,181.00 "
2010-08-16,"4,189.00 "
2010-08-17,"4,200.00 "
2010-08-18,"4,203.00 "
2010-08-19,"4,189.00 "
2010-08-20,"4,196.00 "
2010-08-23,"4,174.00 "
2010-08-24,"4,170.00 "
2010-08-25,"4,187.00 "
2010-08-26,"4,242.00 "
2010-08-27,"4,261.00 "
2010-08-30,"4,262.00 "
2010-08-31,"4,249.00 "
2010-09-01,"4,287.00 "
2010-09-02,"4,287.00 "
2010-09-03,"4,314.00 "
2010-09-06,"4,345.00 "
2010-09-07,"4,353.00 "
2010-09-08,"4,362.00 "
2010-09-09,"4,361.00 "
2010-09-10,"4,341.00 "
2010-09-13,"4,349.00 "
2010-09-14,"4,364.00 "
2010-09-15,"4,389.00 "
2010-09-16,"4,398.00 "
2010-09-17,"4,458.00 "
2010-09-20,"4,549.00 "
2010-09-21,"4,557.00 "
2010-09-27,"4,720.00 "
2010-09-28,"4,735.00 "
2010-09-29,"4,782.00 "
2010-09-30,"4,830.00 "
2010-10-08,"4,914.00 "
2010-10-11,"5,175.00 "
2010-10-12,"5,159.00 "
2010-10-13,"5,177.00 "
2010-10-14,"5,375.00 "
2010-10-15,"5,519.00 "
2010-10-18,"5,380.00 "
2010-10-19,"5,506.00 "
2010-10-20,"5,291.00 "
2010-10-21,"5,289.00 "
2010-10-22,"5,257.00 "
2010-10-25,"5,324.00 "
2010-10-26,"5,323.00 "
2010-10-27,"5,311.00 "
2010-10-28,"5,305.00 "
2010-10-29,"5,329.00 "
2010-11-01,"5,517.00 "
2010-11-02,"5,538.00 "
2010-11-03,"5,538.00 "
2010-11-04,"5,503.00 "
2010-11-05,"5,734.00 "
2010-11-08,"5,916.00 "
2010-11-09,"6,179.00 "
2010-11-10,"6,394.00 "
2010-11-11,"6,293.00 "
2010-11-12,"6,250.00 "
2010-11-15,"5,957.00 "
2010-11-16,"5,798.00 "
2010-11-17,"5,636.00 "
2010-11-18,"5,830.00 "
2010-11-19,"6,080.00 "
2010-11-22,"6,274.00 "
2010-11-23,"6,198.00 "
2010-11-24,"6,190.00 "
2010-11-25,"6,183.00 "
2010-11-26,"6,128.00 "
2010-11-29,"5,965.00 "
2010-11-30,"6,021.00 "
2010-12-01,"6,231.00 "
2010-12-02,"6,377.00 "
2010-12-03,"6,378.00 "
2010-12-06,"6,576.00 "
2010-12-07,"6,598.00 "
2010-12-08,"6,531.00 "
2010-12-09,"6,344.00 "
2010-12-10,"6,361.00 "
2010-12-13,"6,403.00 "
2010-12-14,"6,561.00 "
2010-12-15,"6,523.00 "
2010-12-16,"6,457.00 "
2010-12-17,"6,409.00 "
2010-12-20,"6,544.00 "
2010-12-21,"6,494.00 "
2010-12-22,"6,510.00 "
2010-12-23,"6,494.00 "
2010-12-24,"6,468.00 "
2010-12-27,"6,444.00 "
2010-12-28,"6,481.00 "
2010-12-29,"6,577.00 "
2010-12-30,"6,639.00 "
2010-12-31,"6,636.00 "
2011-01-04,"6,656.00 "
2011-01-05,"6,551.00 "
2011-01-06,"6,431.00 "
2011-01-07,"6,410.00 "
2011-01-10,"6,443.00 "
2011-01-11,"6,444.00 "
2011-01-12,"6,504.00 "
2011-01-13,"6,484.00 "
2011-01-14,"6,433.00 "
2011-01-17,"6,347.00 "
2011-01-18,"6,330.00 "
2011-01-19,"6,395.00 "
2011-01-20,"6,383.00 "
2011-01-21,"6,231.00 "
2011-01-24,"6,258.00 "
2011-01-25,"6,105.00 "
2011-01-26,"6,023.00 "
2011-01-27,"6,101.00 "
2011-01-28,"6,047.00 "
2011-01-31,"6,217.00 "
2011-02-01,"6,225.00 "
2011-02-09,"6,526.00 "
2011-02-10,"6,538.00 "
2011-02-11,"6,502.00 "
2011-02-14,"6,498.00 "
2011-02-15,"6,543.00 "
2011-02-16,"6,606.00 "
2011-02-17,"6,581.00 "
2011-02-18,"6,657.00 "
2011-02-21,"6,959.00 "
2011-02-22,"7,122.00 "
2011-02-23,"7,022.00 "
2011-02-24,"7,111.00 "
2011-02-25,"7,028.00 "
2011-02-28,"7,127.00 "
2011-03-01,"7,140.00 "
2011-03-02,"7,243.00 "
2011-03-03,"7,315.00 "
2011-03-04,"7,259.00 "
2011-03-07,"7,631.00 "
2011-03-08,"7,719.00 "
2011-03-09,"7,683.00 "
2011-03-10,"7,700.00 "
2011-03-11,"7,525.00 "
2011-03-14,"7,692.00 "
2011-03-15,"7,640.00 "
2011-03-16,"7,394.00 "
2011-03-17,"7,402.00 "
2011-03-18,"7,454.00 "
2011-03-21,"7,734.00 "
2011-03-22,"7,744.00 "
2011-03-23,"7,726.00 "
2011-03-24,"7,822.00 "
2011-03-25,"7,975.00 "
2011-03-28,"7,859.00 "
2011-03-29,"7,819.00 "
2011-03-30,"7,856.00 "
2011-03-31,"7,926.00 "
2011-04-01,"7,964.00 "
2011-04-06,"8,282.00 "
2011-04-07,"8,371.00 "
2011-04-08,"8,460.00 "
2011-04-11,"8,880.00 "
2011-04-12,"8,731.00 "
2011-04-13,"8,692.00 "
2011-04-14,"8,778.00 "
2011-04-15,"8,981.00 "
2011-04-18,"9,291.00 "
2011-04-19,"9,279.00 "
2011-04-20,"9,461.00 "
2011-04-21,"9,831.00 "
2011-04-22,"9,987.00 "
2011-04-25,"10,535.00 "
2011-04-26,"10,168.00 "
2011-04-27,"9,793.00 "
2011-04-28,"10,204.00 "
2011-04-29,"10,639.00 "
2011-05-03,"9,888.00 "
2011-05-04,"9,388.00 "
2011-05-05,"8,794.00 "
2011-05-06,"7,950.00 "
2011-05-09,"7,865.00 "
2011-05-10,"8,177.00 "
2011-05-11,"8,515.00 "
2011-05-12,"7,907.00 "
2011-05-13,"7,420.00 "
2011-05-16,"7,578.00 "
2011-05-17,"7,534.00 "
2011-05-18,"7,335.00 "
2011-05-19,"7,663.00 "
2011-05-20,"7,651.00 "
2011-05-23,"7,611.00 "
2011-05-24,"7,648.00 "
2011-05-25,"7,915.00 "
2011-05-26,"8,279.00 "
2011-05-27,"8,155.00 "
2011-05-30,"8,306.00 "
2011-05-31,"8,332.00 "
2011-06-01,"8,328.00 "
2011-06-02,"8,189.00 "
2011-06-03,"7,820.00 "
2011-06-07,"7,995.00 "
2011-06-08,"8,016.00 "
2011-06-09,"7,939.00 "
2011-06-10,"8,072.00 "
2011-06-13,"7,822.00 "
2011-06-14,"7,660.00 "
2011-06-15,"7,627.00 "
2011-06-16,"7,715.00 "
2011-06-17,"7,707.00 "
2011-06-20,"7,789.00 "
2011-06-21,"7,806.00 "
2011-06-22,"7,852.00 "
2011-06-23,"7,881.00 "
2011-06-24,"7,656.00 "
2011-06-27,"7,383.00 "
2011-06-28,"7,365.00 "
2011-06-29,"7,412.00 "
2011-06-30,"7,504.00 "
2011-07-01,"7,496.00 "
2011-07-04,"7,404.00 "
2011-07-05,"7,411.00 "
2011-07-06,"7,638.00 "
2011-07-07,"7,749.00 "
2011-07-08,"7,820.00 "
2011-07-11,"7,850.00 "
2011-07-12,"7,722.00 "
2011-07-13,"7,770.00 "
2011-07-14,"8,170.00 "
2011-07-15,"8,275.00 "
2011-07-18,"8,513.00 "
2011-07-19,"8,642.00 "
2011-07-20,"8,501.00 "
2011-07-21,"8,473.00 "
2011-07-22,"8,459.00 "
2011-07-25,"8,679.00 "
2011-07-26,"8,650.00 "
2011-07-27,"8,670.00 "
2011-07-28,"8,649.00 "
2011-07-29,"8,456.00 "
2011-08-01,"8,339.00 "
2011-08-02,"8,378.00 "
2011-08-03,"8,591.00 "
2011-08-04,"8,768.00 "
2011-08-05,"8,521.00 "
2011-08-08,"8,635.00 "
2011-08-09,"8,431.00 "
2011-08-10,"8,237.00 "
2011-08-11,"8,353.00 "
2011-08-12,"8,278.00 "
2011-08-15,"8,341.00 "
2011-08-16,"8,436.00 "
2011-08-17,"8,480.00 "
2011-08-18,"8,537.00 "
2011-08-19,"8,607.00 "
2011-08-22,"9,109.00 "
2011-08-23,"9,094.00 "
2011-08-24,"8,973.00 "
2011-08-25,"8,590.00 "
2011-08-26,"8,563.00 "
2011-08-29,"8,693.00 "
2011-08-30,"8,613.00 "
2011-08-31,"8,744.00 "
2011-09-01,"8,784.00 "
2011-09-02,"8,791.00 "
2011-09-05,"9,031.00 "
2011-09-06,"9,021.00 "
2011-09-07,"8,841.00 "
2011-09-08,"8,730.00 "
2011-09-09,"8,908.00 "
2011-09-13,"8,669.00 "
2011-09-14,"8,686.00 "
2011-09-15,"8,653.00 "
2011-09-16,"8,515.00 "
2011-09-19,"8,631.00 "
2011-09-20,"8,492.00 "
2011-09-21,"8,534.00 "
2011-09-22,"8,516.00 "
2011-09-23,"7,911.00 "
2011-09-26,"6,961.00 "
2011-09-27,"6,387.00 "
2011-09-28,"6,773.00 "
2011-09-29,"6,602.00 "
2011-09-30,"6,598.00 "
2011-10-10,"6,781.00 "
2011-10-11,"6,841.00 "
2011-10-12,"6,823.00 "
2011-10-13,"6,901.00 "
2011-10-14,"6,801.00 "
2011-10-17,"6,839.00 "
2011-10-18,"6,782.00 "
2011-10-19,"6,689.00 "
2011-10-20,"6,646.00 "
2011-10-21,"6,538.00 "
2011-10-24,"6,686.00 "
2011-10-25,"6,714.00 "
2011-10-26,"6,913.00 "
2011-10-27,"7,073.00 "
2011-10-28,"7,312.00 "
2011-10-31,"7,256.00 "
2011-11-01,"7,209.00 "
2011-11-02,"6,966.00 "
2011-11-03,"7,148.00 "
2011-11-04,"7,243.00 "
2011-11-07,"7,252.00 "
2011-11-08,"7,293.00 "
2011-11-09,"7,334.00 "
2011-11-10,"7,204.00 "
2011-11-11,"7,122.00 "
2011-11-14,"7,295.00 "
2011-11-15,"7,217.00 "
2011-11-16,"7,235.00 "
2011-11-17,"7,167.00 "
2011-11-18,"6,861.00 "
2011-11-21,"6,795.00 "
2011-11-22,"6,655.00 "
2011-11-23,"6,827.00 "
2011-11-24,"6,741.00 "
2011-11-25,"6,738.00 "
2011-11-28,"6,770.00 "
2011-11-29,"6,831.00 "
2011-11-30,"6,791.00 "
2011-12-01,"6,895.00 "
2011-12-02,"6,978.00 "
2011-12-05,"6,921.00 "
2011-12-06,"6,852.00 "
2011-12-07,"6,829.00 "
2011-12-08,"6,873.00 "
2011-12-09,"6,804.00 "
2011-12-12,"6,724.00 "
2011-12-13,"6,617.00 "
2011-12-14,"6,631.00 "
2011-12-15,"6,203.00 "
2011-12-16,"6,182.00 "
2011-12-19,"6,163.00 "
2011-12-20,"6,168.00 "
2011-12-21,"6,242.00 "
2011-12-22,"6,206.00 "
2011-12-23,"6,192.00 "
2011-12-26,"6,175.00 "
2011-12-27,"6,131.00 "
2011-12-28,"6,106.00 "
2011-12-29,"5,821.00 "
2011-12-30,"5,742.00 "
2012-01-04,"6,184.00 "
2012-01-05,"6,170.00 "
2012-01-06,"6,128.00 "
2012-01-09,"6,082.00 "
2012-01-10,"6,117.00 "
2012-01-11,"6,313.00 "
2012-01-12,"6,284.00 "
2012-01-13,"6,338.00 "
2012-01-16,"6,210.00 "
2012-01-17,"6,290.00 "
2012-01-18,"6,293.00 "
2012-01-19,"6,308.00 "
2012-01-20,"6,347.00 "
2012-01-30,"6,938.00 "
2012-01-31,"6,946.00 "
2012-02-01,"6,934.00 "
2012-02-02,"6,982.00 "
2012-02-03,"7,022.00 "
2012-02-06,"6,951.00 "
2012-02-07,"6,907.00 "
2012-02-08,"6,980.00 "
2012-02-09,"7,017.00 "
2012-02-10,"7,018.00 "
2012-02-13,"6,965.00 "
2012-02-14,"6,939.00 "
2012-02-15,"6,929.00 "
2012-02-16,"6,924.00 "
2012-02-17,"6,859.00 "
2012-02-20,"6,942.00 "
2012-02-21,"6,967.00 "
2012-02-22,"7,028.00 "
2012-02-23,"7,050.00 "
2012-02-24,"7,191.00 "
2012-02-27,"7,272.00 "
2012-02-28,"7,262.00 "
2012-02-29,"7,483.00 "
2012-03-01,"7,299.00 "
2012-03-02,"7,159.00 "
2012-03-05,"7,121.00 "
2012-03-06,"7,029.00 "
2012-03-07,"6,809.00 "
2012-03-08,"6,849.00 "
2012-03-09,"6,941.00 "
2012-03-12,"6,980.00 "
2012-03-13,"6,935.00 "
2012-03-14,"6,858.00 "
2012-03-15,"6,713.00 "
2012-03-16,"6,714.00 "
2012-03-19,"6,757.00 "
2012-03-20,"6,774.00 "
2012-03-21,"6,679.00 "
2012-03-22,"6,676.00 "
2012-03-23,"6,551.00 "
2012-03-26,"6,680.00 "
2012-03-27,"6,807.00 "
2012-03-28,"6,806.00 "
2012-03-29,"6,706.00 "
2012-03-30,"6,698.00 "
2012-04-05,"6,562.00 "
2012-04-06,"6,589.00 "
2012-04-09,"6,621.00 "
2012-04-10,"6,593.00 "
2012-04-11,"6,573.00 "
2012-04-12,"6,595.00 "
2012-04-13,"6,705.00 "
2012-04-16,"6,555.00 "
2012-04-17,"6,567.00 "
2012-04-18,"6,598.00 "
2012-04-19,"6,576.00 "
2012-04-20,"6,622.00 "
2012-04-23,"6,575.00 "
2012-04-24,"6,433.00 "
2012-04-25,"6,469.00 "
2012-04-26,"6,408.00 "
2012-04-27,"6,494.00 "
2012-05-02,"6,474.00 "
2012-05-03,"6,432.00 "
2012-05-04,"6,390.00 "
2012-05-07,"6,373.00 "
2012-05-08,"6,354.00 "
2012-05-09,"6,223.00 "
2012-05-10,"6,172.00 "
2012-05-11,"6,116.00 "
2012-05-14,"6,051.00 "
2012-05-15,"5,917.00 "
2012-05-16,"5,805.00 "
2012-05-17,"5,788.00 "
2012-05-18,"5,887.00 "
2012-05-21,"5,999.00 "
2012-05-22,"5,947.00 "
2012-05-23,"5,912.00 "
2012-05-24,"5,799.00 "
2012-05-25,"5,931.00 "
2012-05-28,"5,990.00 "
2012-05-29,"5,974.00 "
2012-05-30,"5,899.00 "
2012-05-31,"5,861.00 "
2012-06-01,"5,860.00 "
2012-06-04,"5,964.00 "
2012-06-05,"5,961.00 "
2012-06-06,"6,026.00 "
2012-06-07,"6,181.00 "
2012-06-08,"6,043.00 "
2012-06-11,"6,069.00 "
2012-06-12,"6,006.00 "
2012-06-13,"6,071.00 "
2012-06-14,"6,085.00 "
2012-06-15,"6,017.00 "
2012-06-18,"6,028.00 "
2012-06-19,"6,033.00 "
2012-06-20,"6,011.00 "
2012-06-21,"5,936.00 "
2012-06-25,"5,702.00 "
2012-06-26,"5,761.00 "
2012-06-27,"5,722.00 "
2012-06-28,"5,719.00 "
2012-06-29,"5,670.00 "
2012-07-02,"5,769.00 "
2012-07-03,"5,829.00 "
2012-07-04,"5,929.00 "
2012-07-05,"5,933.00 "
2012-07-06,"5,847.00 "
2012-07-09,"5,767.00 "
2012-07-10,"5,776.00 "
2012-07-11,"5,738.00 "
2012-07-12,"5,719.00 "
2012-07-13,"5,728.00 "
2012-07-16,"5,771.00 "
2012-07-17,"5,791.00 "
2012-07-18,"5,754.00 "
2012-07-19,"5,762.00 "
2012-07-20,"5,772.00 "
2012-07-23,"5,737.00 "
2012-07-24,"5,727.00 "
2012-07-25,"5,725.00 "
2012-07-26,"5,780.00 "
2012-07-27,"5,832.00 "
2012-07-30,"5,835.00 "
2012-07-31,"5,904.00 "
2012-08-01,"5,902.00 "
2012-08-02,"5,798.00 "
2012-08-03,"5,773.00 "
2012-08-06,"5,859.00 "
2012-08-07,"5,885.00 "
2012-08-08,"5,909.00 "
2012-08-09,"5,914.00 "
2012-08-10,"5,895.00 "
2012-08-13,"5,916.00 "
2012-08-14,"5,887.00 "
2012-08-15,"5,867.00 "
2012-08-16,"5,881.00 "
2012-08-17,"5,916.00 "
2012-08-20,"5,924.00 "
2012-08-21,"5,992.00 "
2012-08-22,"6,130.00 "
2012-08-23,"6,290.00 "
2012-08-24,"6,392.00 "
2012-08-27,"6,513.00 "
2012-08-28,"6,451.00 "
2012-08-29,"6,461.00 "
2012-08-30,"6,435.00 "
2012-08-31,"6,380.00 "
2012-09-03,"6,665.00 "
2012-09-04,"6,741.00 "
2012-09-05,"6,748.00 "
2012-09-06,"6,828.00 "
2012-09-07,"6,795.00 "
2012-09-10,"7,099.00 "
2012-09-11,"7,058.00 "
2012-09-12,"7,081.00 "
2012-09-13,"6,953.00 "
2012-09-14,"7,175.00 "
2012-09-17,"7,267.00 "
2012-09-18,"7,193.00 "
2012-09-19,"7,272.00 "
2012-09-20,"7,236.00 "
2012-09-21,"7,250.00 "
2012-09-24,"7,073.00 "
2012-09-25,"7,071.00 "
2012-09-26,"7,079.00 "
2012-09-27,"7,046.00 "
2012-09-28,"7,164.00 "
2012-10-08,"7,040.00 "
2012-10-09,"7,042.00 "
2012-10-10,"7,002.00 "
2012-10-11,"7,029.00 "
2012-10-12,"7,027.00 "
2012-10-15,"6,853.00 "
2012-10-16,"6,785.00 "
2012-10-17,"6,809.00 "
2012-10-18,"6,818.00 "
2012-10-19,"6,762.00 "
2012-10-22,"6,671.00 "
2012-10-23,"6,687.00 "
2012-10-24,"6,640.00 "
2012-10-25,"6,670.00 "
2012-10-26,"6,670.00 "
2012-10-29,"6,695.00 "
2012-10-30,"6,661.00 "
2012-10-31,"6,671.00 "
2012-11-01,"6,738.00 "
2012-11-02,"6,712.00 "
2012-11-05,"6,485.00 "
2012-11-06,"6,476.00 "
2012-11-07,"6,613.00 "
2012-11-08,"6,609.00 "
2012-11-09,"6,673.00 "
2012-11-12,"6,737.00 "
2012-11-13,"6,687.00 "
2012-11-14,"6,713.00 "
2012-11-15,"6,727.00 "
2012-11-16,"6,701.00 "
2012-11-19,"6,726.00 "
2012-11-20,"6,793.00 "
2012-11-21,"6,801.00 "
2012-11-22,"6,836.00 "
2012-11-23,"6,854.00 "
2012-11-26,"6,975.00 "
2012-11-27,"7,009.00 "
2012-11-28,"6,975.00 "
2012-11-29,"6,881.00 "
2012-11-30,"6,969.00 "
2012-12-03,"6,883.00 "
2012-12-04,"6,847.00 "
2012-12-05,"6,774.00 "
2012-12-06,"6,741.00 "
2012-12-07,"6,770.00 "
2012-12-10,"6,824.00 "
2012-12-11,"6,818.00 "
2012-12-12,"6,797.00 "
2012-12-13,"6,829.00 "
2012-12-14,"6,725.00 "
2012-12-17,"6,677.00 "
2012-12-18,"6,700.00 "
2012-12-19,"6,637.00 "
2012-12-20,"6,519.00 "
2012-12-21,"6,277.00 "
2012-12-24,"6,264.00 "
2012-12-25,"6,237.00 "
2012-12-26,"6,106.00 "
2012-12-27,"6,230.00 "
2012-12-28,"6,246.00 "
2012-12-31,"6,268.00 "
2013-01-04,"6,109.00 "
2013-01-07,"6,263.00 "
2013-01-08,"6,226.00 "
2013-01-09,"6,267.00 "
2013-01-10,"6,254.00 "
2013-01-11,"6,326.00 "
2013-01-14,"6,317.00 "
2013-01-15,"6,385.00 "
2013-01-16,"6,435.00 "
2013-01-17,"6,429.00 "
2013-01-18,"6,469.00 "
2013-01-21,"6,547.00 "
2013-01-22,"6,551.00 "
2013-01-23,"6,558.00 "
2013-01-24,"6,567.00 "
2013-01-25,"6,484.00 "
2013-01-28,"6,413.00 "
2013-01-29,"6,374.00 "
2013-01-30,"6,415.00 "
2013-01-31,"6,500.00 "
2013-02-01,"6,480.00 "
2013-02-04,"6,506.00 "
2013-02-05,"6,486.00 "
2013-02-06,"6,517.00 "
2013-02-07,"6,513.00 "
2013-02-08,"6,483.00 "
2013-02-18,"6,211.00 "
2013-02-19,"6,191.00 "
2013-02-20,"6,134.00 "
2013-02-21,"5,965.00 "
2013-02-22,"5,949.00 "
2013-02-25,"5,967.00 "
2013-02-26,"6,002.00 "
2013-02-27,"6,016.00 "
2013-02-28,"6,022.00 "
2013-03-01,"5,955.00 "
2013-03-04,"5,967.00 "
2013-03-05,"5,978.00 "
2013-03-06,"6,008.00 "
2013-03-07,"5,997.00 "
2013-03-08,"5,999.00 "
2013-03-11,"6,024.00 "
2013-03-12,"6,012.00 "
2013-03-13,"6,052.00 "
2013-03-14,"6,020.00 "
2013-03-15,"5,989.00 "
2013-03-18,"5,984.00 "
2013-03-19,"6,003.00 "
2013-03-20,"6,002.00 "
2013-03-21,"5,992.00 "
2013-03-22,"6,034.00 "
2013-03-25,"5,988.00 "
2013-03-26,"5,973.00 "
2013-03-27,"5,926.00 "
2013-03-28,"5,911.00 "
2013-03-29,"5,868.00 "
2013-04-01,"5,809.00 "
2013-04-02,"5,786.00 "
2013-04-03,"5,630.00 "
2013-04-08,"5,625.00 "
2013-04-09,"5,641.00 "
2013-04-10,"5,735.00 "
2013-04-11,"5,696.00 "
2013-04-12,"5,694.00 "
2013-04-15,"5,235.00 "
2013-04-16,"4,773.00 "
2013-04-17,"4,822.00 "
2013-04-18,"4,717.00 "
2013-04-19,"4,770.00 "
2013-04-22,"4,782.00 "
2013-04-23,"4,702.00 "
2013-04-24,"4,667.00 "
2013-04-25,"4,695.00 "
2013-04-26,"4,881.00 "
2013-05-02,"4,738.00 "
2013-05-03,"4,810.00 "
2013-05-06,"4,863.00 "
2013-05-07,"4,778.00 "
2013-05-08,"4,748.00 "
2013-05-09,"4,792.00 "
2013-05-10,"4,768.00 "
2013-05-13,"4,742.00 "
2013-05-14,"4,749.00 "
2013-05-15,"4,673.00 "
2013-05-16,"4,587.00 "
2013-05-17,"4,557.00 "
2013-05-20,"4,360.00 "
2013-05-21,"4,487.00 "
2013-05-22,"4,501.00 "
2013-05-23,"4,546.00 "
2013-05-24,"4,505.00 "
2013-05-27,"4,528.00 "
2013-05-28,"4,529.00 "
2013-05-29,"4,496.00 "
2013-05-30,"4,517.00 "
2013-05-31,"4,582.00 "
2013-06-03,"4,508.00 "
2013-06-04,"4,540.00 "
2013-06-05,"4,519.00 "
2013-06-06,"4,517.00 "
2013-06-07,"4,533.00 "
2013-06-13,"4,398.00 "
2013-06-14,"4,378.00 "
2013-06-17,"4,421.00 "
2013-06-18,"4,394.00 "
2013-06-19,"4,360.00 "
2013-06-20,"4,272.00 "
2013-06-21,"3,980.00 "
2013-06-24,"3,974.00 "
2013-06-25,"3,943.00 "
2013-06-26,"3,823.00 "
2013-06-27,"3,749.00 "
2013-06-28,"3,714.00 "
2013-07-01,"3,863.00 "
2013-07-02,"3,940.00 "
2013-07-03,"3,911.00 "
2013-07-04,"3,940.00 "
2013-07-05,"3,867.00 "
2013-07-08,"3,762.00 "
2013-07-09,"3,840.00 "
2013-07-10,"3,826.00 "
2013-07-11,"3,950.00 "
2013-07-12,"3,988.00 "
2013-07-15,"3,990.00 "
2013-07-16,"3,974.00 "
2013-07-17,"3,990.00 "
2013-07-18,"3,931.00 "
2013-07-19,"3,890.00 "
2013-07-22,"3,961.00 "
2013-07-23,"4,062.00 "
2013-07-24,"4,054.00 "
2013-07-25,"4,029.00 "
2013-07-26,"4,036.00 "
2013-07-29,"3,978.00 "
2013-07-30,"3,976.00 "
2013-07-31,"3,970.00 "
2013-08-01,"3,931.00 "
2013-08-02,"3,907.00 "
2013-08-05,"3,985.00 "
2013-08-06,"3,938.00 "
2013-08-07,"3,905.00 "
2013-08-08,"3,932.00 "
2013-08-09,"4,007.00 "
2013-08-12,"4,152.00 "
2013-08-13,"4,274.00 "
2013-08-14,"4,293.00 "
2013-08-15,"4,381.00 "
2013-08-16,"4,535.00 "
2013-08-19,"4,670.00 "
2013-08-20,"4,572.00 "
2013-08-21,"4,596.00 "
2013-08-22,"4,570.00 "
2013-08-23,"4,617.00 "
2013-08-26,"4,776.00 "
2013-08-27,"4,854.00 "
2013-08-28,"4,959.00 "
2013-08-29,"4,845.00 "
2013-08-30,"4,747.00 "
2013-09-02,"4,743.00 "
2013-09-03,"4,830.00 "
2013-09-04,"4,850.00 "
2013-09-05,"4,685.00 "
2013-09-06,"4,648.00 "
2013-09-09,"4,761.00 "
2013-09-10,"4,705.00 "
2013-09-11,"4,601.00 "
2013-09-12,"4,604.00 "
2013-09-13,"4,412.00 "
2013-09-16,"4,399.00 "
2013-09-17,"4,402.00 "
2013-09-18,"4,352.00 "
2013-09-23,"4,332.00 "
2013-09-24,"4,375.00 "
2013-09-25,"4,344.00 "
2013-09-26,"4,374.00 "
2013-09-27,"4,358.00 "
2013-09-30,"4,375.00 "
2013-10-08,"4,476.00 "
2013-10-09,"4,490.00 "
2013-10-10,"4,414.00 "
2013-10-11,"4,376.00 "
2013-10-14,"4,280.00 "
2013-10-15,"4,277.00 "
2013-10-16,"4,264.00 "
2013-10-17,"4,289.00 "
2013-10-18,"4,378.00 "
2013-10-21,"4,435.00 "
2013-10-22,"4,464.00 "
2013-10-23,"4,550.00 "
2013-10-24,"4,550.00 "
2013-10-25,"4,529.00 "
2013-10-28,"4,493.00 "
2013-10-29,"4,496.00 "
2013-10-30,"4,506.00 "
2013-10-31,"4,515.00 "
2013-11-01,"4,388.00 "
2013-11-04,"4,366.00 "
2013-11-05,"4,361.00 "
2013-11-06,"4,356.00 "
2013-11-07,"4,382.00 "
2013-11-08,"4,350.00 "
2013-11-11,"4,312.00 "
2013-11-12,"4,272.00 "
2013-11-13,"4,227.00 "
2013-11-14,"4,223.00 "
2013-11-15,"4,240.00 "
2013-11-18,"4,228.00 "
2013-11-19,"4,176.00 "
2013-11-20,"4,181.00 "
2013-11-21,"4,142.00 "
2013-11-22,"4,115.00 "
2013-11-25,"4,094.00 "
2013-11-26,"4,111.00 "
2013-11-27,"4,123.00 "
2013-11-28,"4,110.00 "
2013-11-29,"4,101.00 "
2013-12-02,"4,122.00 "
2013-12-03,"4,054.00 "
2013-12-04,"3,999.00 "
2013-12-05,"4,039.00 "
2013-12-06,"4,037.00 "
2013-12-09,"4,054.00 "
2013-12-10,"4,096.00 "
2013-12-11,"4,183.00 "
2013-12-12,"4,188.00 "
2013-12-13,"4,064.00 "
2013-12-16,"4,038.00 "
2013-12-17,"4,099.00 "
2013-12-18,"4,090.00 "
2013-12-19,"4,050.00 "
2013-12-20,"3,968.00 "
2013-12-23,"3,989.00 "
2013-12-24,"3,987.00 "
2013-12-25,"3,989.00 "
2013-12-26,"3,992.00 "
2013-12-27,"4,046.00 "
2013-12-30,"4,071.00 "
2013-12-31,"4,021.00 "
2014-01-02,"4,069.00 "
2014-01-03,"4,088.00 "
2014-01-06,"4,099.00 "
2014-01-07,"4,093.00 "
2014-01-08,"4,035.00 "
2014-01-09,"3,980.00 "
2014-01-10,"3,988.00 "
2014-01-13,"4,055.00 "
2014-01-14,"4,067.00 "
2014-01-15,"4,071.00 "
2014-01-16,"4,047.00 "
2014-01-17,"4,054.00 "
2014-01-20,"4,078.00 "
2014-01-21,"4,075.00 "
2014-01-22,"4,016.00 "
2014-01-23,"4,002.00 "
2014-01-24,"4,047.00 "
2014-01-27,"4,039.00 "
2014-01-28,"4,022.00 "
2014-01-29,"4,013.00 "
2014-01-30,"4,006.00 "
2014-02-07,"4,027.00 "
2014-02-10,"4,049.00 "
2014-02-11,"4,076.00 "
2014-02-12,"4,060.00 "
2014-02-13,"4,074.00 "
2014-02-14,"4,134.00 "
2014-02-17,"4,320.00 "
2014-02-18,"4,356.00 "
2014-02-19,"4,354.00 "
2014-02-20,"4,336.00 "
2014-02-21,"4,330.00 "
2014-02-24,"4,332.00 "
2014-02-25,"4,380.00 "
2014-02-26,"4,372.00 "
2014-02-27,"4,278.00 "
2014-02-28,"4,247.00 "
2014-03-03,"4,274.00 "
2014-03-04,"4,277.00 "
2014-03-05,"4,233.00 "
2014-03-06,"4,242.00 "
2014-03-07,"4,269.00 "
2014-03-10,"4,175.00 "
2014-03-11,"4,168.00 "
2014-03-12,"4,189.00 "
2014-03-13,"4,234.00 "
2014-03-14,"4,226.00 "
2014-03-17,"4,286.00 "
2014-03-18,"4,224.00 "
2014-03-19,"4,166.00 "
2014-03-20,"4,163.00 "
2014-03-21,"4,135.00 "
2014-03-24,"4,133.00 "
2014-03-25,"4,105.00 "
2014-03-26,"4,118.00 "
2014-03-27,"4,100.00 "
2014-03-28,"4,101.00 "
2014-03-31,"4,112.00 "
2014-04-01,"4,099.00 "
2014-04-02,"4,100.00 "
2014-04-03,"4,111.00 "
2014-04-04,"4,098.00 "
2014-04-08,"4,128.00 "
2014-04-09,"4,140.00 "
2014-04-10,"4,119.00 "
2014-04-11,"4,139.00 "
2014-04-14,"4,141.00 "
2014-04-15,"4,120.00 "
2014-04-16,"4,054.00 "
2014-04-17,"4,063.00 "
2014-04-18,"4,053.00 "
2014-04-21,"4,008.00 "
2014-04-22,"4,007.00 "
2014-04-23,"4,014.00 "
2014-04-24,"4,022.00 "
2014-04-25,"4,073.00 "
2014-04-28,"4,096.00 "
2014-04-29,"4,082.00 "
2014-04-30,"4,072.00 "
2014-05-05,"4,092.00 "
2014-05-06,"4,097.00 "
2014-05-07,"4,100.00 "
2014-05-08,"4,066.00 "
2014-05-09,"4,053.00 "
2014-05-12,"4,070.00 "
2014-05-13,"4,101.00 "
2014-05-14,"4,097.00 "
2014-05-15,"4,125.00 "
2014-05-16,"4,101.00 "
2014-05-19,"4,101.00 "
2014-05-20,"4,101.00 "
2014-05-21,"4,105.00 "
2014-05-22,"4,108.00 "
2014-05-23,"4,114.00 "
2014-05-26,"4,110.00 "
2014-05-27,"4,096.00 "
2014-05-28,"4,066.00 "
2014-05-29,"4,041.00 "
2014-05-30,"4,044.00 "
2014-06-03,"4,025.00 "
2014-06-04,"4,032.00 "
2014-06-05,"4,042.00 "
2014-06-06,"4,062.00 "
2014-06-09,"4,051.00 "
2014-06-10,"4,054.00 "
2014-06-11,"4,069.00 "
2014-06-12,"4,064.00 "
2014-06-13,"4,090.00 "
2014-06-16,"4,128.00 "
2014-06-17,"4,114.00 "
2014-06-18,"4,114.00 "
2014-06-19,"4,134.00 "
2014-06-20,"4,263.00 "
2014-06-23,"4,330.00 "
2014-06-24,"4,315.00 "
2014-06-25,"4,293.00 "
2014-06-26,"4,292.00 "
2014-06-27,"4,302.00 "
2014-06-30,"4,284.00 "
2014-07-01,"4,292.00 "
2014-07-02,"4,300.00 "
2014-07-03,"4,301.00 "
2014-07-04,"4,304.00 "
2014-07-07,"4,281.00 "
2014-07-08,"4,278.00 "
2014-07-09,"4,291.00 "
2014-07-10,"4,313.00 "
2014-07-11,"4,391.00 "
2014-07-14,"4,374.00 "
2014-07-15,"4,316.00 "
2014-07-16,"4,302.00 "
2014-07-17,"4,305.00 "
2014-07-18,"4,341.00 "
2014-07-21,"4,316.00 "
2014-07-22,"4,326.00 "
2014-07-23,"4,333.00 "
2014-07-24,"4,316.00 "
2014-07-25,"4,274.00 "
2014-07-28,"4,286.00 "
2014-07-29,"4,291.00 "
2014-07-30,"4,288.00 "
2014-07-31,"4,288.00 "
2014-08-01,"4,279.00 "
2014-08-04,"4,294.00 "
2014-08-05,"4,274.00 "
2014-08-06,"4,234.00 "
2014-08-07,"4,254.00 "
2014-08-08,"4,257.00 "
2014-08-11,"4,253.00 "
2014-08-12,"4,259.00 "
2014-08-13,"4,260.00 "
2014-08-14,"4,246.00 "
2014-08-15,"4,248.00 "
2014-08-18,"4,201.00 "
2014-08-19,"4,188.00 "
2014-08-20,"4,141.00 "
2014-08-21,"4,140.00 "
2014-08-22,"4,146.00 "
2014-08-25,"4,150.00 "
2014-08-26,"4,170.00 "
2014-08-27,"4,179.00 "
2014-08-28,"4,192.00 "
2014-08-29,"4,201.00 "
2014-09-01,"4,200.00 "
2014-09-02,"4,188.00 "
2014-09-03,"4,156.00 "
2014-09-04,"4,160.00 "
2014-09-05,"4,165.00 "
2014-09-09,"4,152.00 "
2014-09-10,"4,154.00 "
2014-09-11,"4,154.00 "
2014-09-12,"4,116.00 "
2014-09-15,"4,107.00 "
2014-09-16,"4,128.00 "
2014-09-17,"4,133.00 "
2014-09-18,"4,117.00 "
2014-09-19,"4,112.00 "
2014-09-22,"3,965.00 "
2014-09-23,"3,856.00 "
2014-09-24,"3,866.00 "
2014-09-25,"3,828.00 "
2014-09-26,"3,835.00 "
2014-09-29,"3,853.00 "
2014-09-30,"3,867.00 "
2014-10-08,"3,832.00 "
2014-10-09,"3,855.00 "
2014-10-10,"3,880.00 "
2014-10-13,"3,881.00 "
2014-10-14,"3,883.00 "
2014-10-15,"3,862.00 "
2014-10-16,"3,882.00 "
2014-10-17,"3,863.00 "
2014-10-20,"3,862.00 "
2014-10-21,"3,876.00 "
2014-10-22,"3,885.00 "
2014-10-23,"3,850.00 "
2014-10-24,"3,836.00 "
2014-10-27,"3,830.00 "
2014-10-28,"3,820.00 "
2014-10-29,"3,828.00 "
2014-10-30,"3,781.00 "
2014-10-31,"3,632.00 "
2014-11-03,"3,469.00 "
2014-11-04,"3,466.00 "
2014-11-05,"3,386.00 "
2014-11-06,"3,250.00 "
2014-11-07,"3,241.00 "
2014-11-10,"3,335.00 "
2014-11-11,"3,347.00 "
2014-11-12,"3,371.00 "
2014-11-13,"3,367.00 "
2014-11-14,"3,321.00 "
2014-11-17,"3,425.00 "
2014-11-18,"3,476.00 "
2014-11-19,"3,482.00 "
2014-11-20,"3,457.00 "
2014-11-21,"3,468.00 "
2014-11-24,"3,517.00 "
2014-11-25,"3,512.00 "
2014-11-26,"3,512.00 "
2014-11-27,"3,477.00 "
2014-11-28,"3,436.00 "
2014-12-01,"3,279.00 "
2014-12-02,"3,410.00 "
2014-12-03,"3,471.00 "
2014-12-04,"3,490.00 "
2014-12-05,"3,504.00 "
2014-12-08,"3,478.00 "
2014-12-09,"3,484.00 "
2014-12-10,"3,617.00 "
2014-12-11,"3,659.00 "
2014-12-12,"3,645.00 "
2014-12-15,"3,608.00 "
2014-12-16,"3,516.00 "
2014-12-17,"3,451.00 "
2014-12-18,"3,424.00 "
2014-12-19,"3,456.00 "
2014-12-22,"3,454.00 "
2014-12-23,"3,404.00 "
2014-12-24,"3,378.00 "
2014-12-25,"3,371.00 "
2014-12-26,"3,391.00 "
2014-12-29,"3,421.00 "
2014-12-30,"3,391.00 "
2014-12-31,"3,442.00 "
2015-01-05,"3,439.00 "
2015-01-06,"3,456.00 "
2015-01-07,"3,496.00 "
2015-01-08,"3,500.00 "
2015-01-09,"3,499.00 "
2015-01-12,"3,516.00 "
2015-01-14,"3,545.00 "
2015-01-15,"3,527.00 "
2015-01-16,"3,585.00 "
2015-01-19,"3,712.00 "
2015-01-20,"3,740.00 "
2015-01-21,"3,862.00 "
2015-01-22,"3,779.00 "
2015-01-23,"3,817.00 "
2015-01-26,"3,810.00 "
2015-01-27,"3,772.00 "
2015-01-28,"3,769.00 "
2015-01-29,"3,719.00 "
2015-01-30,"3,558.00 "
2015-02-02,"3,605.00 "
2015-02-03,"3,623.00 "
2015-02-04,"3,600.00 "
2015-02-05,"3,628.00 "
2015-02-06,"3,616.00 "
2015-02-09,"3,557.00 "
2015-02-10,"3,574.00 "
2015-02-11,"3,575.00 "
2015-02-12,"3,540.00 "
2015-02-13,"3,579.00 "
2015-02-16,"3,633.00 "
2015-02-17,"3,617.00 "
2015-02-25,"3,549.00 "
2015-02-26,"3,558.00 "
2015-02-27,"3,564.00 "
2015-03-02,"3,584.00 "
2015-03-03,"3,530.00 "
2015-03-04,"3,532.00 "
2015-03-05,"3,505.00 "
2015-03-06,"3,496.00 "
2015-03-09,"3,432.00 "
2015-03-10,"3,405.00 "
2015-03-11,"3,404.00 "
2015-03-12,"3,367.00 "
2015-03-13,"3,393.00 "
2015-03-16,"3,399.00 "
2015-03-17,"3,402.00 "
2015-03-18,"3,382.00 "
2015-03-19,"3,441.00 "
2015-03-20,"3,469.00 "
2015-03-23,"3,554.00 "
2015-03-24,"3,621.00 "
2015-03-25,"3,613.00 "
2015-03-26,"3,624.00 "
2015-03-27,"3,629.00 "
2015-03-30,"3,582.00 "
2015-03-31,"3,532.00 "
2015-04-01,"3,522.00 "
2015-04-02,"3,550.00 "
2015-04-03,"3,540.00 "
2015-04-07,"3,572.00 "
2015-04-08,"3,566.00 "
2015-04-09,"3,507.00 "
2015-04-10,"3,454.00 "
2015-04-13,"3,493.00 "
2015-04-14,"3,471.00 "
2015-04-15,"3,469.00 "
2015-04-16,"3,498.00 "
2015-04-17,"3,506.00 "
2015-04-20,"3,503.00 "
2015-04-21,"3,462.00 "
2015-04-22,"3,470.00 "
2015-04-23,"3,445.00 "
2015-04-24,"3,448.00 "
2015-04-27,"3,439.00 "
2015-04-28,"3,519.00 "
2015-04-29,"3,580.00 "
2015-04-30,"3,582.00 "
2015-05-04,"3,522.00 "
2015-05-05,"3,562.00 "
2015-05-06,"3,570.00 "
2015-05-07,"3,561.00 "
2015-05-08,"3,542.00 "
2015-05-11,"3,555.00 "
2015-05-12,"3,537.00 "
2015-05-13,"3,556.00 "
2015-05-14,"3,633.00 "
2015-05-15,"3,683.00 "
2015-05-18,"3,714.00 "
2015-05-19,"3,723.00 "
2015-05-20,"3,627.00 "
2015-05-21,"3,632.00 "
2015-05-22,"3,625.00 "
2015-05-25,"3,621.00 "
2015-05-26,"3,610.00 "
2015-05-27,"3,577.00 "
2015-05-28,"3,569.00 "
2015-05-29,"3,566.00 "
2015-06-01,"3,573.00 "
2015-06-02,"3,597.00 "
2015-06-03,"3,586.00 "
2015-06-04,"3,556.00 "
2015-06-05,"3,507.00 "
2015-06-08,"3,476.00 "
2015-06-09,"3,481.00 "
2015-06-10,"3,484.00 "
2015-06-11,"3,492.00 "
2015-06-12,"3,476.00 "
2015-06-15,"3,472.00 "
2015-06-16,"3,488.00 "
2015-06-17,"3,473.00 "
2015-06-18,"3,490.00 "
2015-06-19,"3,518.00 "
2015-06-23,"3,488.00 "
2015-06-24,"3,445.00 "
2015-06-25,"3,438.00 "
2015-06-26,"3,419.00 "
2015-06-29,"3,418.00 "
2015-06-30,"3,401.00 "
2015-07-01,"3,397.00 "
2015-07-02,"3,382.00 "
2015-07-03,"3,395.00 "
2015-07-06,"3,397.00 "
2015-07-07,"3,392.00 "
2015-07-08,"3,255.00 "
2015-07-09,"3,273.00 "
2015-07-10,"3,334.00 "
2015-07-13,"3,338.00 "
2015-07-14,"3,310.00 "
2015-07-15,"3,312.00 "
2015-07-16,"3,267.00 "
2015-07-17,"3,246.00 "
2015-07-20,"3,201.00 "
2015-07-21,"3,214.00 "
2015-07-22,"3,210.00 "
2015-07-23,"3,205.00 "
2015-07-24,"3,187.00 "
2015-07-27,"3,173.00 "
2015-07-28,"3,182.00 "
2015-07-29,"3,190.00 "
2015-07-30,"3,204.00 "
2015-07-31,"3,193.00 "
2015-08-03,"3,210.00 "
2015-08-04,"3,174.00 "
2015-08-05,"3,172.00 "
2015-08-06,"3,175.00 "
2015-08-07,"3,183.00 "
2015-08-10,"3,204.00 "
2015-08-11,"3,285.00 "
2015-08-12,"3,389.00 "
2015-08-13,"3,490.00 "
2015-08-14,"3,449.00 "
2015-08-17,"3,429.00 "
2015-08-18,"3,415.00 "
2015-08-19,"3,358.00 "
2015-08-20,"3,408.00 "
2015-08-21,"3,461.00 "
2015-08-24,"3,413.00 "
2015-08-25,"3,361.00 "
2015-08-26,"3,327.00 "
2015-08-27,"3,238.00 "
2015-08-28,"3,283.00 "
2015-08-31,"3,296.00 "
2015-09-01,"3,292.00 "
2015-09-02,"3,292.00 "
2015-09-07,"3,286.00 "
2015-09-08,"3,273.00 "
2015-09-09,"3,314.00 "
2015-09-10,"3,286.00 "
2015-09-11,"3,298.00 "
2015-09-14,"3,264.00 "
2015-09-15,"3,258.00 "
2015-09-16,"3,258.00 "
2015-09-17,"3,313.00 "
2015-09-18,"3,354.00 "
2015-09-21,"3,382.00 "
2015-09-22,"3,369.00 "
2015-09-23,"3,325.00 "
2015-09-24,"3,328.00 "
2015-09-25,"3,351.00 "
2015-09-28,"3,331.00 "
2015-09-29,"3,273.00 "
2015-09-30,"3,263.00 "
2015-10-08,"3,441.00 "
2015-10-09,"3,406.00 "
2015-10-12,"3,431.00 "
2015-10-13,"3,421.00 "
2015-10-14,"3,429.00 "
2015-10-15,"3,443.00 "
2015-10-16,"3,424.00 "
2015-10-19,"3,410.00 "
2015-10-20,"3,395.00 "
2015-10-21,"3,397.00 "
2015-10-22,"3,382.00 "
2015-10-23,"3,400.00 "
2015-10-26,"3,402.00 "
2015-10-27,"3,399.00 "
2015-10-28,"3,405.00 "
2015-10-29,"3,430.00 "
2015-10-30,"3,382.00 "
2015-11-02,"3,357.00 "
2015-11-03,"3,352.00 "
2015-11-04,"3,342.00 "
2015-11-05,"3,320.00 "
2015-11-06,"3,296.00 "
2015-11-09,"3,274.00 "
2015-11-10,"3,248.00 "
2015-11-11,"3,239.00 "
2015-11-12,"3,236.00 "
2015-11-13,"3,235.00 "
2015-11-16,"3,249.00 "
2015-11-17,"3,232.00 "
2015-11-18,"3,217.00 "
2015-11-19,"3,216.00 "
2015-11-20,"3,227.00 "
2015-11-23,"3,184.00 "
2015-11-24,"3,159.00 "
2015-11-25,"3,185.00 "
2015-11-26,"3,185.00 "
2015-11-27,"3,184.00 "
2015-11-30,"3,154.00 "
2015-12-01,"3,166.00 "
2015-12-02,"3,172.00 "
2015-12-03,"3,147.00 "
2015-12-04,"3,163.00 "
2015-12-07,"3,204.00 "
2015-12-08,"3,214.00 "
2015-12-09,"3,200.00 "
2015-12-10,"3,213.00 "
2015-12-11,"3,194.00 "
2015-12-14,"3,186.00 "
2015-12-15,"3,177.00 "
2015-12-16,"3,174.00 "
2015-12-17,"3,201.00 "
2015-12-18,"3,180.00 "
2015-12-21,"3,203.00 "
2015-12-22,"3,227.00 "
2015-12-23,"3,232.00 "
2015-12-24,"3,229.00 "
2015-12-25,"3,233.00 "
2015-12-28,"3,230.00 "
2015-12-29,"3,216.00 "
2015-12-30,"3,223.00 "
2015-12-31,"3,209.00 "
2016-01-04,"3,210.00 "
2016-01-05,"3,228.00 "
2016-01-06,"3,223.00 "
2016-01-07,"3,258.00 "
2016-01-08,"3,275.00 "
2016-01-11,"3,258.00 "
2016-01-12,"3,231.00 "
2016-01-13,"3,200.00 "
2016-01-14,"3,222.00 "
2016-01-15,"3,214.00 "
2016-01-18,"3,225.00 "
2016-01-19,"3,225.00 "
2016-01-20,"3,234.00 "
2016-01-21,"3,244.00 "
2016-01-22,"3,232.00 "
2016-01-25,"3,245.00 "
2016-01-26,"3,257.00 "
2016-01-27,"3,275.00 "
2016-01-28,"3,272.00 "
2016-01-29,"3,254.00 "
2016-02-01,"3,251.00 "
2016-02-02,"3,258.00 "
2016-02-03,"3,257.00 "
2016-02-04,"3,284.00 "
2016-02-05,"3,317.00 "
2016-02-15,"3,394.00 "
2016-02-16,"3,379.00 "
2016-02-17,"3,383.00 "
2016-02-18,"3,381.00 "
2016-02-19,"3,386.00 "
2016-02-22,"3,382.00 "
2016-02-23,"3,360.00 "
2016-02-24,"3,367.00 "
2016-02-25,"3,374.00 "
2016-02-26,"3,346.00 "
2016-02-29,"3,290.00 "
2016-03-01,"3,281.00 "
2016-03-02,"3,280.00 "
2016-03-03,"3,286.00 "
2016-03-04,"3,323.00 "
2016-03-07,"3,392.00 "
2016-03-08,"3,421.00 "
2016-03-09,"3,358.00 "
2016-03-10,"3,341.00 "
2016-03-11,"3,369.00 "
2016-03-14,"3,373.00 "
2016-03-15,"3,366.00 "
2016-03-16,"3,339.00 "
2016-03-17,"3,366.00 "
2016-03-18,"3,429.00 "
2016-03-21,"3,420.00 "
2016-03-22,"3,431.00 "
2016-03-23,"3,428.00 "
2016-03-24,"3,371.00 "
2016-03-25,"3,362.00 "
2016-03-28,"3,356.00 "
2016-03-29,"3,356.00 "
2016-03-30,"3,363.00 "
2016-03-31,"3,358.00 "
2016-04-01,"3,369.00 "
2016-04-05,"3,321.00 "
2016-04-06,"3,331.00 "
2016-04-07,"3,324.00 "
2016-04-08,"3,343.00 "
2016-04-11,"3,361.00 "
2016-04-12,"3,403.00 "
2016-04-13,"3,438.00 "
2016-04-14,"3,441.00 "
2016-04-15,"3,436.00 "
