date,Au(T+D):chicangliang
2008-08-11,"70,874.00 "
2008-08-12,"61,246.00 "
2008-08-13,"58,532.00 "
2008-08-14,"51,958.00 "
2008-08-15,"53,906.00 "
2008-08-18,"52,226.00 "
2008-08-19,"51,472.00 "
2008-08-21,"54,086.00 "
2008-08-22,"54,714.00 "
2008-08-25,"54,940.00 "
2008-08-26,"55,590.00 "
2008-08-27,"55,738.00 "
2008-08-28,"54,748.00 "
2008-08-29,"56,206.00 "
2008-09-01,"56,516.00 "
2008-09-02,"56,470.00 "
2008-09-03,"59,740.00 "
2008-09-04,"59,896.00 "
2008-09-05,"59,250.00 "
2008-09-08,"57,072.00 "
2008-09-09,"57,918.00 "
2008-09-10,"57,638.00 "
2008-09-11,"55,738.00 "
2008-09-12,"50,968.00 "
2008-09-16,"51,052.00 "
2008-09-17,"51,630.00 "
2008-09-18,"47,964.00 "
2008-09-19,"45,810.00 "
2008-09-22,"47,578.00 "
2008-09-23,"45,694.00 "
2008-09-24,"41,920.00 "
2008-09-25,"43,132.00 "
2008-09-26,"40,750.00 "
2008-10-06,"38,864.00 "
2008-10-07,"39,062.00 "
2008-10-08,"40,810.00 "
2008-10-09,"42,538.00 "
2008-10-10,"47,112.00 "
2008-10-13,"44,966.00 "
2008-10-14,"44,804.00 "
2008-10-15,"46,704.00 "
2008-10-16,"49,822.00 "
2008-10-17,"55,772.00 "
2008-10-20,"58,326.00 "
2008-10-21,"58,228.00 "
2008-10-22,"52,626.00 "
2008-10-23,"51,560.00 "
2008-10-24,"57,410.00 "
2008-10-27,"58,130.00 "
2008-10-28,"57,810.00 "
2008-10-29,"57,910.00 "
2008-10-30,"55,728.00 "
2008-10-31,"57,678.00 "
2008-11-03,"57,292.00 "
2008-11-04,"58,412.00 "
2008-11-05,"58,802.00 "
2008-11-06,"58,072.00 "
2008-11-07,"57,408.00 "
2008-11-10,"56,786.00 "
2008-11-11,"57,786.00 "
2008-11-12,"59,010.00 "
2008-11-13,"60,292.00 "
2008-11-14,"59,700.00 "
2008-11-17,"58,618.00 "
2008-11-18,"58,162.00 "
2008-11-19,"58,382.00 "
2008-11-20,"60,024.00 "
2008-11-21,"59,474.00 "
2008-11-24,"57,020.00 "
2008-11-25,"60,382.00 "
2008-11-26,"56,404.00 "
2008-11-27,"55,776.00 "
2008-11-28,"55,192.00 "
2008-12-01,"52,538.00 "
2008-12-02,"54,734.00 "
2008-12-03,"57,322.00 "
2008-12-04,"61,786.00 "
2008-12-05,"62,026.00 "
2008-12-08,"62,462.00 "
2008-12-09,"61,860.00 "
2008-12-10,"62,502.00 "
2008-12-11,"62,158.00 "
2008-12-12,"61,402.00 "
2008-12-15,"60,224.00 "
2008-12-16,"58,998.00 "
2008-12-17,"67,590.00 "
2008-12-18,"82,036.00 "
2008-12-19,"86,700.00 "
2008-12-22,"84,166.00 "
2008-12-23,"84,360.00 "
2008-12-24,"84,970.00 "
2008-12-25,"83,764.00 "
2008-12-26,"81,456.00 "
2008-12-29,"83,608.00 "
2008-12-30,"79,436.00 "
2008-12-31,"73,206.00 "
2009-01-05,"73,800.00 "
2009-01-06,"76,506.00 "
2009-01-07,"78,158.00 "
2009-01-08,"78,532.00 "
2009-01-09,"79,692.00 "
2009-01-12,"79,918.00 "
2009-01-13,"77,424.00 "
2009-01-14,"75,686.00 "
2009-01-15,"75,234.00 "
2009-01-16,"75,162.00 "
2009-01-19,"72,304.00 "
2009-01-20,"71,836.00 "
2009-01-21,"74,134.00 "
2009-01-22,"70,304.00 "
2009-01-23,"68,820.00 "
2009-02-02,"80,164.00 "
2009-02-03,"81,828.00 "
2009-02-04,"83,282.00 "
2009-02-05,"82,914.00 "
2009-02-06,"84,210.00 "
2009-02-09,"80,666.00 "
2009-02-10,"78,810.00 "
2009-02-11,"83,872.00 "
2009-02-12,"91,254.00 "
2009-02-13,"97,836.00 "
2009-02-16,"94,872.00 "
2009-02-17,"96,718.00 "
2009-02-18,"95,608.00 "
2009-02-19,"96,518.00 "
2009-02-20,"94,756.00 "
2009-02-23,"97,268.00 "
2009-02-24,"96,404.00 "
2009-02-25,"95,528.00 "
2009-02-26,"92,374.00 "
2009-02-27,"87,854.00 "
2009-03-02,"81,462.00 "
2009-03-03,"83,890.00 "
2009-03-04,"84,372.00 "
2009-03-05,"83,208.00 "
2009-03-06,"79,804.00 "
2009-03-09,"72,238.00 "
2009-03-10,"71,470.00 "
2009-03-11,"72,464.00 "
2009-03-12,"72,998.00 "
2009-03-13,"72,234.00 "
2009-03-16,"70,488.00 "
2009-03-17,"69,642.00 "
2009-03-18,"68,440.00 "
2009-03-19,"68,780.00 "
2009-03-20,"73,060.00 "
2009-03-23,"70,620.00 "
2009-03-24,"69,830.00 "
2009-03-25,"70,796.00 "
2009-03-26,"69,004.00 "
2009-03-27,"66,184.00 "
2009-03-30,"64,540.00 "
2009-03-31,"66,740.00 "
2009-04-01,"68,500.00 "
2009-04-02,"67,670.00 "
2009-04-03,"70,980.00 "
2009-04-07,"71,396.00 "
2009-04-08,"69,238.00 "
2009-04-09,"71,610.00 "
2009-04-10,"69,606.00 "
2009-04-13,"69,348.00 "
2009-04-14,"69,670.00 "
2009-04-15,"70,528.00 "
2009-04-16,"72,644.00 "
2009-04-17,"73,524.00 "
2009-04-20,"72,166.00 "
2009-04-21,"73,550.00 "
2009-04-22,"75,766.00 "
2009-04-23,"75,366.00 "
2009-04-24,"73,970.00 "
2009-04-27,"73,904.00 "
2009-04-28,"74,034.00 "
2009-04-29,"76,086.00 "
2009-04-30,"76,016.00 "
2009-05-04,"73,532.00 "
2009-05-05,"74,600.00 "
2009-05-06,"74,438.00 "
2009-05-07,"74,950.00 "
2009-05-08,"73,526.00 "
2009-05-11,"73,162.00 "
2009-05-12,"71,880.00 "
2009-05-13,"72,438.00 "
2009-05-14,"72,724.00 "
2009-05-15,"71,716.00 "
2009-05-18,"71,696.00 "
2009-05-19,"70,152.00 "
2009-05-20,"69,688.00 "
2009-05-21,"75,236.00 "
2009-05-22,"77,736.00 "
2009-05-25,"79,370.00 "
2009-05-26,"79,116.00 "
2009-05-27,"77,704.00 "
2009-06-01,"81,020.00 "
2009-06-02,"83,198.00 "
2009-06-03,"89,850.00 "
2009-06-04,"87,006.00 "
2009-06-05,"88,156.00 "
2009-06-08,"88,252.00 "
2009-06-09,"89,000.00 "
2009-06-10,"89,742.00 "
2009-06-11,"92,408.00 "
2009-06-12,"93,498.00 "
2009-06-15,"89,032.00 "
2009-06-16,"93,628.00 "
2009-06-17,"93,772.00 "
2009-06-18,"94,400.00 "
2009-06-19,"92,020.00 "
2009-06-22,"88,634.00 "
2009-06-23,"87,318.00 "
2009-06-24,"84,848.00 "
2009-06-26,"87,134.00 "
2009-06-29,"80,378.00 "
2009-06-30,"78,504.00 "
2009-07-01,"81,776.00 "
2009-07-02,"82,144.00 "
2009-07-03,"78,518.00 "
2009-07-06,"77,222.00 "
2009-07-07,"76,414.00 "
2009-07-08,"76,184.00 "
2009-07-09,"78,858.00 "
2009-07-10,"74,546.00 "
2009-07-13,"69,756.00 "
2009-07-14,"69,352.00 "
2009-07-15,"72,600.00 "
2009-07-16,"75,088.00 "
2009-07-17,"73,952.00 "
2009-07-20,"74,908.00 "
2009-07-21,"77,358.00 "
2009-07-22,"78,202.00 "
2009-07-23,"79,680.00 "
2009-07-24,"79,494.00 "
2009-07-27,"81,326.00 "
2009-07-28,"82,592.00 "
2009-07-29,"84,196.00 "
2009-07-30,"86,682.00 "
2009-07-31,"84,204.00 "
2009-08-03,"85,224.00 "
2009-08-04,"91,698.00 "
2009-08-05,"97,616.00 "
2009-08-06,"98,028.00 "
2009-08-07,"98,468.00 "
2009-08-10,"98,022.00 "
2009-08-11,"99,732.00 "
2009-08-12,"99,108.00 "
2009-08-13,"101,262.00 "
2009-08-14,"100,980.00 "
2009-08-17,"100,652.00 "
2009-08-18,"101,164.00 "
2009-08-19,"99,378.00 "
2009-08-20,"98,070.00 "
2009-08-21,"96,070.00 "
2009-08-24,"96,444.00 "
2009-08-25,"94,564.00 "
2009-08-26,"91,458.00 "
2009-08-27,"88,420.00 "
2009-08-28,"85,340.00 "
2009-08-31,"84,792.00 "
2009-09-01,"85,942.00 "
2009-09-02,"86,248.00 "
2009-09-03,"96,284.00 "
2009-09-04,"106,724.00 "
2009-09-07,"107,352.00 "
2009-09-08,"110,628.00 "
2009-09-09,"110,328.00 "
2009-09-10,"109,930.00 "
2009-09-11,"107,082.00 "
2009-09-14,"99,572.00 "
2009-09-15,"97,990.00 "
2009-09-16,"100,974.00 "
2009-09-17,"97,854.00 "
2009-09-18,"95,862.00 "
2009-09-21,"94,162.00 "
2009-09-22,"93,910.00 "
2009-09-23,"94,026.00 "
2009-09-24,"94,570.00 "
2009-09-25,"92,318.00 "
2009-09-28,"86,810.00 "
2009-09-29,"88,376.00 "
2009-09-30,"84,332.00 "
2009-10-09,"93,056.00 "
2009-10-12,"91,348.00 "
2009-10-13,"92,502.00 "
2009-10-14,"96,966.00 "
2009-10-15,"92,146.00 "
2009-10-16,"88,130.00 "
2009-10-19,"82,240.00 "
2009-10-20,"84,516.00 "
2009-10-21,"83,930.00 "
2009-10-22,"84,096.00 "
2009-10-23,"83,438.00 "
2009-10-26,"81,238.00 "
2009-10-27,"78,000.00 "
2009-10-28,"77,760.00 "
2009-10-29,"83,138.00 "
2009-10-30,"79,832.00 "
2009-11-02,"76,088.00 "
2009-11-03,"76,988.00 "
2009-11-04,"82,878.00 "
2009-11-05,"86,930.00 "
2009-11-06,"86,950.00 "
2009-11-09,"87,538.00 "
2009-11-10,"93,754.00 "
2009-11-11,"100,984.00 "
2009-11-12,"102,470.00 "
2009-11-13,"102,470.00 "
2009-11-16,"101,696.00 "
2009-11-17,"101,188.00 "
2009-11-18,"104,930.00 "
2009-11-19,"107,250.00 "
2009-11-20,"105,678.00 "
2009-11-23,"103,526.00 "
2009-11-24,"108,860.00 "
2009-11-25,"96,416.00 "
2009-11-26,"96,840.00 "
2009-11-27,"94,006.00 "
2009-11-30,"95,620.00 "
2009-12-01,"95,620.00 "
2009-12-02,"98,294.00 "
2009-12-03,"105,342.00 "
2009-12-04,"102,502.00 "
2009-12-07,"107,822.00 "
2009-12-08,"117,468.00 "
2009-12-09,"115,694.00 "
2009-12-10,"110,288.00 "
2009-12-11,"110,288.00 "
2009-12-14,"107,600.00 "
2009-12-15,"112,426.00 "
2009-12-16,"114,954.00 "
2009-12-17,"102,694.00 "
2009-12-18,"104,804.00 "
2009-12-21,"105,844.00 "
2009-12-22,"104,182.00 "
2009-12-23,"108,438.00 "
2009-12-24,"108,438.00 "
2009-12-25,"108,438.00 "
2009-12-28,"108,438.00 "
2009-12-29,"108,438.00 "
2009-12-30,"108,438.00 "
2009-12-31,"108,438.00 "
2010-01-04,"108,438.00 "
2010-01-05,"108,438.00 "
2010-01-06,"108,438.00 "
2010-01-07,"108,438.00 "
2010-01-08,"108,438.00 "
2010-01-11,"108,438.00 "
2010-01-12,"108,438.00 "
2010-01-13,"108,438.00 "
2010-01-14,"108,438.00 "
2010-01-15,"108,438.00 "
2010-01-18,"108,438.00 "
2010-01-19,"109,650.00 "
2010-01-20,"113,502.00 "
2010-01-21,"120,386.00 "
2010-01-22,"121,686.00 "
2010-01-25,"124,894.00 "
2010-01-26,"127,272.00 "
2010-01-27,"122,506.00 "
2010-01-28,"129,842.00 "
2010-01-29,"133,116.00 "
2010-02-01,"135,376.00 "
2010-02-02,"136,464.00 "
2010-02-03,"134,596.00 "
2010-02-04,"132,306.00 "
2010-02-05,"112,528.00 "
2010-02-08,"112,166.00 "
2010-02-09,"116,068.00 "
2010-02-10,"118,332.00 "
2010-02-11,"118,610.00 "
2010-02-12,"114,000.00 "
2010-02-22,"113,304.00 "
2010-02-23,"115,544.00 "
2010-02-24,"111,380.00 "
2010-02-25,"114,928.00 "
2010-02-26,"110,486.00 "
2010-03-01,"105,310.00 "
2010-03-02,"100,410.00 "
2010-03-03,"101,864.00 "
2010-03-04,"97,732.00 "
2010-03-05,"96,344.00 "
2010-03-08,"99,328.00 "
2010-03-09,"100,408.00 "
2010-03-10,"102,020.00 "
2010-03-11,"110,758.00 "
2010-03-12,"110,502.00 "
2010-03-15,"117,232.00 "
2010-03-16,"122,082.00 "
2010-03-17,"121,994.00 "
2010-03-18,"121,348.00 "
2010-03-19,"122,870.00 "
2010-03-22,"122,044.00 "
2010-03-23,"125,450.00 "
2010-03-24,"127,026.00 "
2010-03-25,"138,750.00 "
2010-03-26,"137,824.00 "
2010-03-29,"130,854.00 "
2010-03-30,"129,076.00 "
2010-03-31,"128,108.00 "
2010-04-01,"131,914.00 "
2010-04-02,"133,176.00 "
2010-04-06,"129,474.00 "
2010-04-07,"126,062.00 "
2010-04-08,"124,364.00 "
2010-04-09,"117,734.00 "
2010-04-12,"117,862.00 "
2010-04-13,"117,792.00 "
2010-04-14,"117,378.00 "
2010-04-15,"117,630.00 "
2010-04-16,"113,872.00 "
2010-04-19,"103,150.00 "
2010-04-20,"109,604.00 "
2010-04-21,"113,014.00 "
2010-04-22,"113,582.00 "
2010-04-23,"115,796.00 "
2010-04-26,"114,780.00 "
2010-04-27,"119,072.00 "
2010-04-28,"120,510.00 "
2010-04-29,"120,482.00 "
2010-04-30,"113,680.00 "
2010-05-04,"114,268.00 "
2010-05-05,"115,704.00 "
2010-05-06,"117,152.00 "
2010-05-07,"135,012.00 "
2010-05-10,"125,896.00 "
2010-05-11,"122,536.00 "
2010-05-12,"133,552.00 "
2010-05-13,"137,924.00 "
2010-05-14,"133,176.00 "
2010-05-17,"129,580.00 "
2010-05-18,"128,074.00 "
2010-05-19,"126,842.00 "
2010-05-20,"124,778.00 "
2010-05-21,"121,590.00 "
2010-05-24,"129,514.00 "
2010-05-25,"128,738.00 "
2010-05-26,"123,922.00 "
2010-05-27,"112,322.00 "
2010-05-28,"103,532.00 "
2010-05-31,"104,454.00 "
2010-06-01,"100,388.00 "
2010-06-02,"108,620.00 "
2010-06-03,"107,048.00 "
2010-06-04,"106,890.00 "
2010-06-07,"107,592.00 "
2010-06-08,"120,180.00 "
2010-06-09,"124,496.00 "
2010-06-10,"121,706.00 "
2010-06-11,"112,102.00 "
2010-06-17,"106,126.00 "
2010-06-18,"115,730.00 "
2010-06-21,"119,982.00 "
2010-06-22,"117,480.00 "
2010-06-23,"115,960.00 "
2010-06-24,"123,814.00 "
2010-06-25,"123,428.00 "
2010-06-28,"119,918.00 "
2010-06-29,"121,572.00 "
2010-06-30,"116,958.00 "
2010-07-01,"110,618.00 "
2010-07-02,"115,146.00 "
2010-07-05,"114,206.00 "
2010-07-06,"111,466.00 "
2010-07-07,"111,818.00 "
2010-07-08,"110,030.00 "
2010-07-09,"106,482.00 "
2010-07-12,"105,920.00 "
2010-07-13,"108,504.00 "
2010-07-14,"108,924.00 "
2010-07-15,"110,508.00 "
2010-07-16,"108,482.00 "
2010-07-19,"110,022.00 "
2010-07-20,"110,904.00 "
2010-07-21,"110,654.00 "
2010-07-22,"109,238.00 "
2010-07-23,"102,418.00 "
2010-07-26,"101,552.00 "
2010-07-27,"105,714.00 "
2010-07-28,"125,352.00 "
2010-07-29,"128,634.00 "
2010-07-30,"122,828.00 "
2010-08-02,"123,762.00 "
2010-08-03,"125,478.00 "
2010-08-04,"123,988.00 "
2010-08-05,"123,654.00 "
2010-08-06,"120,160.00 "
2010-08-09,"120,420.00 "
2010-08-10,"119,602.00 "
2010-08-11,"115,494.00 "
2010-08-12,"117,934.00 "
2010-08-13,"115,480.00 "
2010-08-16,"119,382.00 "
2010-08-17,"120,860.00 "
2010-08-18,"121,134.00 "
2010-08-19,"118,100.00 "
2010-08-20,"117,262.00 "
2010-08-23,"115,550.00 "
2010-08-24,"114,364.00 "
2010-08-25,"117,590.00 "
2010-08-26,"118,836.00 "
2010-08-27,"106,462.00 "
2010-08-30,"106,122.00 "
2010-08-31,"107,198.00 "
2010-09-01,"106,024.00 "
2010-09-02,"108,184.00 "
2010-09-03,"110,816.00 "
2010-09-06,"111,172.00 "
2010-09-07,"115,592.00 "
2010-09-08,"116,430.00 "
2010-09-09,"113,722.00 "
2010-09-10,"115,192.00 "
2010-09-13,"120,330.00 "
2010-09-14,"118,406.00 "
2010-09-15,"120,810.00 "
2010-09-16,"120,282.00 "
2010-09-17,"130,122.00 "
2010-09-20,"127,350.00 "
2010-09-21,"127,480.00 "
2010-09-27,"120,250.00 "
2010-09-28,"121,920.00 "
2010-09-29,"121,880.00 "
2010-09-30,"108,872.00 "
2010-10-08,"107,052.00 "
2010-10-11,"107,712.00 "
2010-10-12,"101,864.00 "
2010-10-13,"104,526.00 "
2010-10-14,"104,036.00 "
2010-10-15,"109,612.00 "
2010-10-18,"109,296.00 "
2010-10-19,"111,090.00 "
2010-10-20,"109,300.00 "
2010-10-21,"109,812.00 "
2010-10-22,"104,526.00 "
2010-10-25,"95,106.00 "
2010-10-26,"99,694.00 "
2010-10-27,"104,456.00 "
2010-10-28,"108,992.00 "
2010-10-29,"105,252.00 "
2010-11-01,"96,912.00 "
2010-11-02,"98,126.00 "
2010-11-03,"101,292.00 "
2010-11-04,"105,206.00 "
2010-11-05,"105,568.00 "
2010-11-08,"105,194.00 "
2010-11-09,"108,774.00 "
2010-11-10,"115,998.00 "
2010-11-11,"122,990.00 "
2010-11-12,"123,308.00 "
2010-11-15,"121,820.00 "
2010-11-16,"124,362.00 "
2010-11-17,"126,190.00 "
2010-11-18,"126,266.00 "
2010-11-19,"124,768.00 "
2010-11-22,"128,008.00 "
2010-11-23,"131,628.00 "
2010-11-24,"132,384.00 "
2010-11-25,"127,648.00 "
2010-11-26,"124,618.00 "
2010-11-29,"123,854.00 "
2010-11-30,"123,562.00 "
2010-12-01,"120,604.00 "
2010-12-02,"119,398.00 "
2010-12-03,"116,540.00 "
2010-12-06,"117,432.00 "
2010-12-07,"117,592.00 "
2010-12-08,"115,542.00 "
2010-12-09,"115,998.00 "
2010-12-10,"112,852.00 "
2010-12-13,"116,240.00 "
2010-12-14,"114,994.00 "
2010-12-15,"117,188.00 "
2010-12-16,"122,470.00 "
2010-12-17,"124,374.00 "
2010-12-20,"122,838.00 "
2010-12-21,"113,110.00 "
2010-12-22,"115,592.00 "
2010-12-23,"114,022.00 "
2010-12-24,"112,234.00 "
2010-12-27,"113,614.00 "
2010-12-28,"115,238.00 "
2010-12-29,"115,768.00 "
2010-12-30,"111,496.00 "
2010-12-31,"109,496.00 "
2011-01-04,"111,572.00 "
2011-01-05,"123,446.00 "
2011-01-06,"133,238.00 "
2011-01-07,"139,894.00 "
2011-01-10,"141,248.00 "
2011-01-11,"144,658.00 "
2011-01-12,"144,546.00 "
2011-01-13,"144,400.00 "
2011-01-14,"148,486.00 "
2011-01-17,"155,212.00 "
2011-01-18,"158,476.00 "
2011-01-19,"158,364.00 "
2011-01-20,"159,982.00 "
2011-01-21,"157,692.00 "
2011-01-24,"153,604.00 "
2011-01-25,"157,022.00 "
2011-01-26,"160,640.00 "
2011-01-27,"159,600.00 "
2011-01-28,"168,402.00 "
2011-01-31,"160,920.00 "
2011-02-01,"153,812.00 "
2011-02-09,"150,224.00 "
2011-02-10,"151,402.00 "
2011-02-11,"144,274.00 "
2011-02-14,"140,350.00 "
2011-02-15,"139,592.00 "
2011-02-16,"137,826.00 "
2011-02-17,"135,562.00 "
2011-02-18,"132,420.00 "
2011-02-21,"123,684.00 "
2011-02-22,"113,964.00 "
2011-02-23,"108,170.00 "
2011-02-24,"107,888.00 "
2011-02-25,"103,254.00 "
2011-02-28,"103,700.00 "
2011-03-01,"108,184.00 "
2011-03-02,"103,646.00 "
2011-03-03,"106,924.00 "
2011-03-04,"102,106.00 "
2011-03-07,"94,688.00 "
2011-03-08,"97,104.00 "
2011-03-09,"100,804.00 "
2011-03-10,"103,486.00 "
2011-03-11,"100,656.00 "
2011-03-14,"100,930.00 "
2011-03-15,"105,152.00 "
2011-03-16,"109,368.00 "
2011-03-17,"114,100.00 "
2011-03-18,"114,706.00 "
2011-03-21,"121,088.00 "
2011-03-22,"119,156.00 "
2011-03-23,"119,974.00 "
2011-03-24,"117,346.00 "
2011-03-25,"103,730.00 "
2011-03-28,"103,968.00 "
2011-03-29,"115,702.00 "
2011-03-30,"112,760.00 "
2011-03-31,"114,480.00 "
2011-04-01,"108,952.00 "
2011-04-06,"105,518.00 "
2011-04-07,"113,514.00 "
2011-04-08,"112,316.00 "
2011-04-11,"111,182.00 "
2011-04-12,"108,918.00 "
2011-04-13,"107,362.00 "
2011-04-14,"112,634.00 "
2011-04-15,"110,398.00 "
2011-04-18,"110,246.00 "
2011-04-19,"115,006.00 "
2011-04-20,"109,006.00 "
2011-04-21,"110,184.00 "
2011-04-22,"110,662.00 "
2011-04-25,"112,322.00 "
2011-04-26,"111,518.00 "
2011-04-27,"110,042.00 "
2011-04-28,"111,642.00 "
2011-04-29,"112,172.00 "
2011-05-03,"119,378.00 "
2011-05-04,"121,720.00 "
2011-05-05,"120,702.00 "
2011-05-06,"117,854.00 "
2011-05-09,"114,866.00 "
2011-05-10,"118,282.00 "
2011-05-11,"117,266.00 "
2011-05-12,"118,328.00 "
2011-05-13,"114,782.00 "
2011-05-16,"114,086.00 "
2011-05-17,"116,962.00 "
2011-05-18,"113,052.00 "
2011-05-19,"110,488.00 "
2011-05-20,"106,890.00 "
2011-05-23,"102,746.00 "
2011-05-24,"103,180.00 "
2011-05-25,"105,742.00 "
2011-05-26,"105,706.00 "
2011-05-27,"108,932.00 "
2011-05-30,"107,660.00 "
2011-05-31,"104,956.00 "
2011-06-01,"103,058.00 "
2011-06-02,"109,288.00 "
2011-06-03,"105,448.00 "
2011-06-07,"104,714.00 "
2011-06-08,"106,790.00 "
2011-06-09,"109,254.00 "
2011-06-10,"102,998.00 "
2011-06-13,"103,918.00 "
2011-06-14,"105,132.00 "
2011-06-15,"105,364.00 "
2011-06-16,"101,768.00 "
2011-06-17,"98,432.00 "
2011-06-20,"98,838.00 "
2011-06-21,"99,652.00 "
2011-06-22,"99,722.00 "
2011-06-23,"102,428.00 "
2011-06-24,"103,258.00 "
2011-06-27,"109,124.00 "
2011-06-28,"108,736.00 "
2011-06-29,"108,138.00 "
2011-06-30,"109,628.00 "
2011-07-01,"106,070.00 "
2011-07-04,"104,774.00 "
2011-07-05,"107,552.00 "
2011-07-06,"104,414.00 "
2011-07-07,"108,232.00 "
2011-07-08,"96,254.00 "
2011-07-11,"100,292.00 "
2011-07-12,"104,432.00 "
2011-07-13,"107,802.00 "
2011-07-14,"111,388.00 "
2011-07-15,"121,172.00 "
2011-07-18,"125,488.00 "
2011-07-19,"127,640.00 "
2011-07-20,"122,890.00 "
2011-07-21,"121,790.00 "
2011-07-22,"117,724.00 "
2011-07-25,"115,650.00 "
2011-07-26,"111,776.00 "
2011-07-27,"110,496.00 "
2011-07-28,"106,386.00 "
2011-07-29,"98,618.00 "
2011-08-01,"100,314.00 "
2011-08-02,"104,250.00 "
2011-08-03,"112,068.00 "
2011-08-04,"107,752.00 "
2011-08-05,"109,912.00 "
2011-08-08,"108,050.00 "
2011-08-09,"117,928.00 "
2011-08-10,"123,602.00 "
2011-08-11,"130,600.00 "
2011-08-12,"119,752.00 "
2011-08-15,"126,050.00 "
2011-08-16,"124,890.00 "
2011-08-17,"125,060.00 "
2011-08-18,"125,386.00 "
2011-08-19,"134,512.00 "
2011-08-22,"127,770.00 "
2011-08-23,"126,450.00 "
2011-08-24,"129,670.00 "
2011-08-25,"135,076.00 "
2011-08-26,"135,050.00 "
2011-08-29,"131,816.00 "
2011-08-30,"132,634.00 "
2011-08-31,"126,178.00 "
2011-09-01,"121,364.00 "
2011-09-02,"126,106.00 "
2011-09-05,"124,762.00 "
2011-09-06,"127,036.00 "
2011-09-07,"127,686.00 "
2011-09-08,"135,326.00 "
2011-09-09,"130,442.00 "
2011-09-13,"131,060.00 "
2011-09-14,"133,682.00 "
2011-09-15,"142,452.00 "
2011-09-16,"136,628.00 "
2011-09-19,"143,788.00 "
2011-09-20,"148,798.00 "
2011-09-21,"147,448.00 "
2011-09-22,"149,534.00 "
2011-09-23,"149,866.00 "
2011-09-26,"137,856.00 "
2011-09-27,"131,180.00 "
2011-09-28,"138,320.00 "
2011-09-29,"132,898.00 "
2011-09-30,"124,328.00 "
2011-10-10,"128,248.00 "
2011-10-11,"135,210.00 "
2011-10-12,"136,974.00 "
2011-10-13,"135,360.00 "
2011-10-14,"127,740.00 "
2011-10-17,"123,664.00 "
2011-10-18,"122,806.00 "
2011-10-19,"128,256.00 "
2011-10-20,"137,554.00 "
2011-10-21,"130,716.00 "
2011-10-24,"130,578.00 "
2011-10-25,"133,846.00 "
2011-10-26,"140,744.00 "
2011-10-27,"143,476.00 "
2011-10-28,"143,058.00 "
2011-10-31,"138,922.00 "
2011-11-01,"135,994.00 "
2011-11-02,"136,550.00 "
2011-11-03,"134,372.00 "
2011-11-04,"129,692.00 "
2011-11-07,"126,602.00 "
2011-11-08,"128,588.00 "
2011-11-09,"129,894.00 "
2011-11-10,"129,624.00 "
2011-11-11,"128,950.00 "
2011-11-14,"128,720.00 "
2011-11-15,"132,308.00 "
2011-11-16,"131,420.00 "
2011-11-17,"126,554.00 "
2011-11-18,"123,856.00 "
2011-11-21,"123,556.00 "
2011-11-22,"130,152.00 "
2011-11-23,"137,032.00 "
2011-11-24,"141,140.00 "
2011-11-25,"139,042.00 "
2011-11-28,"139,146.00 "
2011-11-29,"145,844.00 "
2011-11-30,"147,846.00 "
2011-12-01,"146,410.00 "
2011-12-02,"143,478.00 "
2011-12-05,"141,370.00 "
2011-12-06,"141,762.00 "
2011-12-07,"141,396.00 "
2011-12-08,"142,724.00 "
2011-12-09,"148,008.00 "
2011-12-12,"150,884.00 "
2011-12-13,"150,264.00 "
2011-12-14,"147,532.00 "
2011-12-15,"150,068.00 "
2011-12-16,"146,064.00 "
2011-12-19,"137,474.00 "
2011-12-20,"150,082.00 "
2011-12-21,"149,370.00 "
2011-12-22,"143,642.00 "
2011-12-23,"131,816.00 "
2011-12-26,"130,214.00 "
2011-12-27,"136,752.00 "
2011-12-28,"144,380.00 "
2011-12-29,"144,634.00 "
2011-12-30,"133,940.00 "
2012-01-04,"140,448.00 "
2012-01-05,"141,794.00 "
2012-01-06,"128,024.00 "
2012-01-09,"134,138.00 "
2012-01-10,"142,456.00 "
2012-01-11,"144,402.00 "
2012-01-12,"145,210.00 "
2012-01-13,"137,758.00 "
2012-01-16,"131,210.00 "
2012-01-17,"125,630.00 "
2012-01-18,"119,582.00 "
2012-01-19,"114,946.00 "
2012-01-20,"111,598.00 "
2012-01-30,"115,838.00 "
2012-01-31,"113,046.00 "
2012-02-01,"113,822.00 "
2012-02-02,"115,500.00 "
2012-02-03,"111,852.00 "
2012-02-06,"115,078.00 "
2012-02-07,"116,994.00 "
2012-02-08,"118,620.00 "
2012-02-09,"120,018.00 "
2012-02-10,"108,070.00 "
2012-02-13,"119,388.00 "
2012-02-14,"126,446.00 "
2012-02-15,"132,218.00 "
2012-02-16,"132,972.00 "
2012-02-17,"116,712.00 "
2012-02-20,"117,822.00 "
2012-02-21,"119,106.00 "
2012-02-22,"122,660.00 "
2012-02-23,"120,882.00 "
2012-02-24,"119,000.00 "
2012-02-27,"120,204.00 "
2012-02-28,"126,430.00 "
2012-02-29,"127,672.00 "
2012-03-01,"126,028.00 "
2012-03-02,"114,242.00 "
2012-03-05,"112,878.00 "
2012-03-06,"117,034.00 "
2012-03-07,"125,932.00 "
2012-03-08,"129,004.00 "
2012-03-09,"115,622.00 "
2012-03-12,"116,400.00 "
2012-03-13,"123,264.00 "
2012-03-14,"130,852.00 "
2012-03-15,"139,800.00 "
2012-03-16,"127,066.00 "
2012-03-19,"133,346.00 "
2012-03-20,"140,804.00 "
2012-03-21,"145,046.00 "
2012-03-22,"157,732.00 "
2012-03-23,"149,128.00 "
2012-03-26,"149,460.00 "
2012-03-27,"142,466.00 "
2012-03-28,"144,222.00 "
2012-03-29,"134,370.00 "
2012-03-30,"131,026.00 "
2012-04-05,"133,806.00 "
2012-04-06,"134,918.00 "
2012-04-09,"136,224.00 "
2012-04-10,"142,850.00 "
2012-04-11,"147,650.00 "
2012-04-12,"143,200.00 "
2012-04-13,"134,402.00 "
2012-04-16,"135,734.00 "
2012-04-17,"138,510.00 "
2012-04-18,"138,338.00 "
2012-04-19,"138,394.00 "
2012-04-20,"138,918.00 "
2012-04-23,"141,744.00 "
2012-04-24,"144,414.00 "
2012-04-25,"143,162.00 "
2012-04-26,"145,618.00 "
2012-04-27,"141,386.00 "
2012-05-02,"141,164.00 "
2012-05-03,"138,494.00 "
2012-05-04,"142,800.00 "
2012-05-07,"144,094.00 "
2012-05-08,"146,576.00 "
2012-05-09,"154,496.00 "
2012-05-10,"156,734.00 "
2012-05-11,"151,694.00 "
2012-05-14,"154,034.00 "
2012-05-15,"157,582.00 "
2012-05-16,"164,210.00 "
2012-05-17,"167,174.00 "
2012-05-18,"167,504.00 "
2012-05-21,"161,332.00 "
2012-05-22,"161,844.00 "
2012-05-23,"158,246.00 "
2012-05-24,"161,460.00 "
2012-05-25,"156,974.00 "
2012-05-28,"161,000.00 "
2012-05-29,"164,484.00 "
2012-05-30,"157,600.00 "
2012-05-31,"158,800.00 "
2012-06-01,"154,884.00 "
2012-06-04,"158,010.00 "
2012-06-05,"159,500.00 "
2012-06-06,"163,892.00 "
2012-06-07,"162,522.00 "
2012-06-08,"164,458.00 "
2012-06-11,"164,998.00 "
2012-06-12,"164,948.00 "
2012-06-13,"158,230.00 "
2012-06-14,"147,468.00 "
2012-06-15,"141,644.00 "
2012-06-18,"142,440.00 "
2012-06-19,"147,050.00 "
2012-06-20,"145,012.00 "
2012-06-21,"147,934.00 "
2012-06-25,"153,284.00 "
2012-06-26,"157,052.00 "
2012-06-27,"160,702.00 "
2012-06-28,"165,796.00 "
2012-06-29,"169,488.00 "
2012-07-02,"167,896.00 "
2012-07-03,"150,932.00 "
2012-07-04,"146,264.00 "
2012-07-05,"141,800.00 "
2012-07-06,"138,790.00 "
2012-07-09,"139,248.00 "
2012-07-10,"135,442.00 "
2012-07-11,"134,820.00 "
2012-07-12,"138,428.00 "
2012-07-13,"136,240.00 "
2012-07-16,"131,550.00 "
2012-07-17,"131,372.00 "
2012-07-18,"133,946.00 "
2012-07-19,"136,828.00 "
2012-07-20,"137,342.00 "
2012-07-23,"135,200.00 "
2012-07-24,"138,608.00 "
2012-07-25,"142,018.00 "
2012-07-26,"146,872.00 "
2012-07-27,"145,488.00 "
2012-07-30,"148,244.00 "
2012-07-31,"148,724.00 "
2012-08-01,"146,362.00 "
2012-08-02,"146,196.00 "
2012-08-03,"149,138.00 "
2012-08-06,"149,496.00 "
2012-08-07,"152,926.00 "
2012-08-08,"149,830.00 "
2012-08-09,"147,956.00 "
2012-08-10,"144,780.00 "
2012-08-13,"145,938.00 "
2012-08-14,"143,236.00 "
2012-08-15,"144,104.00 "
2012-08-16,"144,834.00 "
2012-08-17,"144,954.00 "
2012-08-20,"142,336.00 "
2012-08-21,"145,306.00 "
2012-08-22,"141,248.00 "
2012-08-23,"147,702.00 "
2012-08-24,"148,232.00 "
2012-08-27,"144,714.00 "
2012-08-28,"144,176.00 "
2012-08-29,"146,414.00 "
2012-08-30,"147,170.00 "
2012-08-31,"146,592.00 "
2012-09-03,"150,810.00 "
2012-09-04,"152,070.00 "
2012-09-05,"151,666.00 "
2012-09-06,"152,004.00 "
2012-09-07,"146,774.00 "
2012-09-10,"144,492.00 "
2012-09-11,"141,424.00 "
2012-09-12,"145,774.00 "
2012-09-13,"143,316.00 "
2012-09-14,"151,846.00 "
2012-09-17,"154,760.00 "
2012-09-18,"149,812.00 "
2012-09-19,"150,472.00 "
2012-09-20,"148,368.00 "
2012-09-21,"145,778.00 "
2012-09-24,"141,750.00 "
2012-09-25,"137,422.00 "
2012-09-26,"133,764.00 "
2012-09-27,"134,318.00 "
2012-09-28,"124,304.00 "
2012-10-08,"116,304.00 "
2012-10-09,"119,594.00 "
2012-10-10,"123,224.00 "
2012-10-11,"125,056.00 "
2012-10-12,"126,710.00 "
2012-10-15,"128,168.00 "
2012-10-16,"128,084.00 "
2012-10-17,"135,426.00 "
2012-10-18,"135,206.00 "
2012-10-19,"134,180.00 "
2012-10-22,"138,192.00 "
2012-10-23,"146,074.00 "
2012-10-24,"146,312.00 "
2012-10-25,"150,074.00 "
2012-10-26,"153,264.00 "
2012-10-29,"153,318.00 "
2012-10-30,"154,814.00 "
2012-10-31,"152,808.00 "
2012-11-01,"151,752.00 "
2012-11-02,"149,928.00 "
2012-11-05,"153,972.00 "
2012-11-06,"155,688.00 "
2012-11-07,"158,950.00 "
2012-11-08,"159,350.00 "
2012-11-09,"159,858.00 "
2012-11-12,"161,208.00 "
2012-11-13,"166,326.00 "
2012-11-14,"166,872.00 "
2012-11-15,"165,594.00 "
2012-11-16,"165,782.00 "
2012-11-19,"166,494.00 "
2012-11-20,"171,674.00 "
2012-11-21,"171,272.00 "
2012-11-22,"174,424.00 "
2012-11-23,"172,848.00 "
2012-11-26,"172,152.00 "
2012-11-27,"171,150.00 "
2012-11-28,"171,076.00 "
2012-11-29,"169,524.00 "
2012-11-30,"164,490.00 "
2012-12-03,"161,032.00 "
2012-12-04,"156,506.00 "
2012-12-05,"159,260.00 "
2012-12-06,"161,482.00 "
2012-12-07,"163,310.00 "
2012-12-10,"160,230.00 "
2012-12-11,"160,332.00 "
2012-12-12,"163,456.00 "
2012-12-13,"167,052.00 "
2012-12-14,"164,326.00 "
2012-12-17,"160,492.00 "
2012-12-18,"157,382.00 "
2012-12-19,"157,370.00 "
2012-12-20,"165,046.00 "
2012-12-21,"157,316.00 "
2012-12-24,"158,184.00 "
2012-12-25,"159,294.00 "
2012-12-26,"158,238.00 "
2012-12-27,"155,606.00 "
2012-12-28,"150,336.00 "
2012-12-31,"144,910.00 "
2013-01-04,"139,670.00 "
2013-01-07,"142,698.00 "
2013-01-08,"140,982.00 "
2013-01-09,"142,466.00 "
2013-01-10,"140,992.00 "
2013-01-11,"135,972.00 "
2013-01-14,"140,394.00 "
2013-01-15,"145,894.00 "
2013-01-16,"147,328.00 "
2013-01-17,"144,644.00 "
2013-01-18,"145,008.00 "
2013-01-21,"143,594.00 "
2013-01-22,"144,602.00 "
2013-01-23,"146,010.00 "
2013-01-24,"148,878.00 "
2013-01-25,"143,976.00 "
2013-01-28,"149,790.00 "
2013-01-29,"156,172.00 "
2013-01-30,"162,318.00 "
2013-01-31,"170,798.00 "
2013-02-01,"155,860.00 "
2013-02-04,"157,490.00 "
2013-02-05,"162,794.00 "
2013-02-06,"158,684.00 "
2013-02-07,"156,624.00 "
2013-02-08,"135,346.00 "
2013-02-18,"160,324.00 "
2013-02-19,"162,626.00 "
2013-02-20,"173,088.00 "
2013-02-21,"190,336.00 "
2013-02-22,"198,830.00 "
2013-02-25,"223,988.00 "
2013-02-26,"236,518.00 "
2013-02-27,"237,890.00 "
2013-02-28,"239,712.00 "
2013-03-01,"228,340.00 "
2013-03-04,"228,516.00 "
2013-03-05,"232,776.00 "
2013-03-06,"240,092.00 "
2013-03-07,"243,082.00 "
2013-03-08,"241,532.00 "
2013-03-11,"245,942.00 "
2013-03-12,"246,728.00 "
2013-03-13,"238,436.00 "
2013-03-14,"234,422.00 "
2013-03-15,"229,744.00 "
2013-03-18,"224,568.00 "
2013-03-19,"211,614.00 "
2013-03-20,"213,030.00 "
2013-03-21,"207,360.00 "
2013-03-22,"199,394.00 "
2013-03-25,"199,410.00 "
2013-03-26,"196,740.00 "
2013-03-27,"199,252.00 "
2013-03-28,"201,694.00 "
2013-03-29,"195,032.00 "
2013-04-01,"192,306.00 "
2013-04-02,"191,358.00 "
2013-04-03,"190,222.00 "
2013-04-08,"190,148.00 "
2013-04-09,"195,026.00 "
2013-04-10,"194,962.00 "
2013-04-11,"202,128.00 "
2013-04-12,"200,904.00 "
2013-04-15,"184,378.00 "
2013-04-16,"164,352.00 "
2013-04-17,"176,974.00 "
2013-04-18,"189,430.00 "
2013-04-19,"198,922.00 "
2013-04-22,"213,272.00 "
2013-04-23,"218,438.00 "
2013-04-24,"221,924.00 "
2013-04-25,"229,422.00 "
2013-04-26,"231,214.00 "
2013-05-02,"236,974.00 "
2013-05-03,"240,738.00 "
2013-05-06,"237,890.00 "
2013-05-07,"233,804.00 "
2013-05-08,"237,520.00 "
2013-05-09,"240,236.00 "
2013-05-10,"241,258.00 "
2013-05-13,"248,650.00 "
2013-05-14,"250,704.00 "
2013-05-15,"249,672.00 "
2013-05-16,"253,772.00 "
2013-05-17,"247,400.00 "
2013-05-20,"249,852.00 "
2013-05-21,"253,444.00 "
2013-05-22,"257,950.00 "
2013-05-23,"261,738.00 "
2013-05-24,"265,918.00 "
2013-05-27,"271,404.00 "
2013-05-28,"266,984.00 "
2013-05-29,"257,396.00 "
2013-05-30,"263,308.00 "
2013-05-31,"251,980.00 "
2013-06-03,"246,834.00 "
2013-06-04,"246,082.00 "
2013-06-05,"242,212.00 "
2013-06-06,"239,006.00 "
2013-06-07,"223,010.00 "
2013-06-13,"220,648.00 "
2013-06-14,"215,198.00 "
2013-06-17,"217,550.00 "
2013-06-18,"212,964.00 "
2013-06-19,"210,572.00 "
2013-06-20,"206,280.00 "
2013-06-21,"200,550.00 "
2013-06-24,"204,068.00 "
2013-06-25,"191,246.00 "
2013-06-26,"192,334.00 "
2013-06-27,"190,936.00 "
2013-06-28,"188,330.00 "
2013-07-01,"198,102.00 "
2013-07-02,"199,160.00 "
2013-07-03,"199,374.00 "
2013-07-04,"197,558.00 "
2013-07-05,"201,774.00 "
2013-07-08,"212,300.00 "
2013-07-09,"210,794.00 "
2013-07-10,"211,832.00 "
2013-07-11,"216,076.00 "
2013-07-12,"208,942.00 "
2013-07-15,"208,728.00 "
2013-07-16,"204,306.00 "
2013-07-17,"200,570.00 "
2013-07-18,"200,750.00 "
2013-07-19,"200,144.00 "
2013-07-22,"208,296.00 "
2013-07-23,"214,282.00 "
2013-07-24,"212,552.00 "
2013-07-25,"222,180.00 "
2013-07-26,"203,408.00 "
2013-07-29,"207,698.00 "
2013-07-30,"202,044.00 "
2013-07-31,"198,954.00 "
2013-08-01,"196,934.00 "
2013-08-02,"198,880.00 "
2013-08-05,"197,082.00 "
2013-08-06,"197,948.00 "
2013-08-07,"202,440.00 "
2013-08-08,"209,992.00 "
2013-08-09,"193,580.00 "
2013-08-12,"194,394.00 "
2013-08-13,"187,486.00 "
2013-08-14,"194,620.00 "
2013-08-15,"198,462.00 "
2013-08-16,"194,986.00 "
2013-08-19,"189,934.00 "
2013-08-20,"183,618.00 "
2013-08-21,"183,606.00 "
2013-08-22,"184,980.00 "
2013-08-23,"176,414.00 "
2013-08-26,"169,454.00 "
2013-08-27,"168,026.00 "
2013-08-28,"168,404.00 "
2013-08-29,"164,772.00 "
2013-08-30,"158,516.00 "
2013-09-02,"162,264.00 "
2013-09-03,"159,014.00 "
2013-09-04,"154,488.00 "
2013-09-05,"148,314.00 "
2013-09-06,"158,796.00 "
2013-09-09,"158,630.00 "
2013-09-10,"158,904.00 "
2013-09-11,"157,022.00 "
2013-09-12,"153,916.00 "
2013-09-13,"154,500.00 "
2013-09-16,"157,540.00 "
2013-09-17,"160,984.00 "
2013-09-18,"153,284.00 "
2013-09-23,"161,318.00 "
2013-09-24,"161,760.00 "
2013-09-25,"169,224.00 "
2013-09-26,"170,302.00 "
2013-09-27,"162,802.00 "
2013-09-30,"154,698.00 "
2013-10-08,"162,066.00 "
2013-10-09,"162,726.00 "
2013-10-10,"167,766.00 "
2013-10-11,"170,318.00 "
2013-10-14,"180,892.00 "
2013-10-15,"185,390.00 "
2013-10-16,"185,422.00 "
2013-10-17,"184,322.00 "
2013-10-18,"189,498.00 "
2013-10-21,"187,990.00 "
2013-10-22,"190,932.00 "
2013-10-23,"195,808.00 "
2013-10-24,"201,108.00 "
2013-10-25,"188,052.00 "
2013-10-28,"190,818.00 "
2013-10-29,"191,164.00 "
2013-10-30,"186,184.00 "
2013-10-31,"185,088.00 "
2013-11-01,"180,338.00 "
2013-11-04,"180,236.00 "
2013-11-05,"177,320.00 "
2013-11-06,"174,600.00 "
2013-11-07,"177,738.00 "
2013-11-08,"180,418.00 "
2013-11-11,"189,268.00 "
2013-11-12,"184,288.00 "
2013-11-13,"189,404.00 "
2013-11-14,"192,924.00 "
2013-11-15,"187,018.00 "
2013-11-18,"183,192.00 "
2013-11-19,"177,114.00 "
2013-11-20,"176,702.00 "
2013-11-21,"181,694.00 "
2013-11-22,"180,864.00 "
2013-11-25,"176,952.00 "
2013-11-26,"187,254.00 "
2013-11-27,"186,004.00 "
2013-11-28,"189,158.00 "
2013-11-29,"186,140.00 "
2013-12-02,"187,324.00 "
2013-12-03,"190,372.00 "
2013-12-04,"191,374.00 "
2013-12-05,"197,464.00 "
2013-12-06,"190,570.00 "
2013-12-09,"196,404.00 "
2013-12-10,"196,332.00 "
2013-12-11,"192,880.00 "
2013-12-12,"190,294.00 "
2013-12-13,"191,020.00 "
2013-12-16,"190,750.00 "
2013-12-17,"183,468.00 "
2013-12-18,"180,448.00 "
2013-12-19,"182,580.00 "
2013-12-20,"185,348.00 "
2013-12-23,"184,828.00 "
2013-12-24,"180,060.00 "
2013-12-25,"178,776.00 "
2013-12-26,"178,672.00 "
2013-12-27,"170,238.00 "
2013-12-30,"169,994.00 "
2013-12-31,"169,138.00 "
2014-01-02,"175,300.00 "
2014-01-03,"175,096.00 "
2014-01-06,"175,852.00 "
2014-01-07,"180,648.00 "
2014-01-08,"186,520.00 "
2014-01-09,"190,872.00 "
2014-01-10,"192,176.00 "
2014-01-13,"203,612.00 "
2014-01-14,"212,502.00 "
2014-01-15,"216,212.00 "
2014-01-16,"219,930.00 "
2014-01-17,"214,640.00 "
2014-01-20,"218,626.00 "
2014-01-21,"209,154.00 "
2014-01-22,"193,520.00 "
2014-01-23,"190,886.00 "
2014-01-24,"175,302.00 "
2014-01-27,"164,454.00 "
2014-01-28,"158,116.00 "
2014-01-29,"159,352.00 "
2014-01-30,"147,282.00 "
2014-02-07,"153,584.00 "
2014-02-10,"161,486.00 "
2014-02-11,"163,970.00 "
2014-02-12,"152,350.00 "
2014-02-13,"137,232.00 "
2014-02-14,"156,514.00 "
2014-02-17,"160,354.00 "
2014-02-18,"170,138.00 "
2014-02-19,"175,944.00 "
2014-02-20,"186,880.00 "
2014-02-21,"196,704.00 "
2014-02-24,"188,866.00 "
2014-02-25,"189,970.00 "
2014-02-26,"194,360.00 "
2014-02-27,"195,518.00 "
2014-02-28,"190,822.00 "
2014-03-03,"186,786.00 "
2014-03-04,"188,686.00 "
2014-03-05,"191,656.00 "
2014-03-06,"189,010.00 "
2014-03-07,"190,992.00 "
2014-03-10,"192,468.00 "
2014-03-11,"191,978.00 "
2014-03-12,"195,756.00 "
2014-03-13,"195,076.00 "
2014-03-14,"188,662.00 "
2014-03-17,"186,820.00 "
2014-03-18,"194,146.00 "
2014-03-19,"194,270.00 "
2014-03-20,"192,478.00 "
2014-03-21,"184,586.00 "
2014-03-24,"182,940.00 "
2014-03-25,"182,672.00 "
2014-03-26,"182,204.00 "
2014-03-27,"186,372.00 "
2014-03-28,"179,150.00 "
2014-03-31,"186,948.00 "
2014-04-01,"171,524.00 "
2014-04-02,"180,506.00 "
2014-04-03,"183,020.00 "
2014-04-04,"172,316.00 "
2014-04-08,"169,502.00 "
2014-04-09,"168,064.00 "
2014-04-10,"169,928.00 "
2014-04-11,"163,464.00 "
2014-04-14,"168,102.00 "
2014-04-15,"168,284.00 "
2014-04-16,"167,020.00 "
2014-04-17,"164,738.00 "
2014-04-18,"164,986.00 "
2014-04-21,"165,626.00 "
2014-04-22,"167,480.00 "
2014-04-23,"168,274.00 "
2014-04-24,"165,090.00 "
2014-04-25,"159,488.00 "
2014-04-28,"157,842.00 "
2014-04-29,"151,686.00 "
2014-04-30,"150,320.00 "
2014-05-05,"151,030.00 "
2014-05-06,"153,314.00 "
2014-05-07,"156,144.00 "
2014-05-08,"159,094.00 "
2014-05-09,"155,568.00 "
2014-05-12,"151,288.00 "
2014-05-13,"152,842.00 "
2014-05-14,"153,522.00 "
2014-05-15,"143,998.00 "
2014-05-16,"141,840.00 "
2014-05-19,"139,022.00 "
2014-05-20,"138,526.00 "
2014-05-21,"139,348.00 "
2014-05-22,"142,792.00 "
2014-05-23,"143,378.00 "
2014-05-26,"143,780.00 "
2014-05-27,"141,102.00 "
2014-05-28,"138,114.00 "
2014-05-29,"141,678.00 "
2014-05-30,"138,984.00 "
2014-06-03,"141,020.00 "
2014-06-04,"144,836.00 "
2014-06-05,"143,440.00 "
2014-06-06,"138,708.00 "
2014-06-09,"146,546.00 "
2014-06-10,"148,646.00 "
2014-06-11,"145,566.00 "
2014-06-12,"149,630.00 "
2014-06-13,"143,364.00 "
2014-06-16,"146,684.00 "
2014-06-17,"143,242.00 "
2014-06-18,"138,512.00 "
2014-06-19,"143,118.00 "
2014-06-20,"140,858.00 "
2014-06-23,"140,030.00 "
2014-06-24,"139,724.00 "
2014-06-25,"139,726.00 "
2014-06-26,"143,026.00 "
2014-06-27,"139,244.00 "
2014-06-30,"142,182.00 "
2014-07-01,"140,376.00 "
2014-07-02,"142,372.00 "
2014-07-03,"133,594.00 "
2014-07-04,"136,830.00 "
2014-07-07,"136,918.00 "
2014-07-08,"135,790.00 "
2014-07-09,"137,818.00 "
2014-07-10,"139,066.00 "
2014-07-11,"135,554.00 "
2014-07-14,"135,512.00 "
2014-07-15,"134,328.00 "
2014-07-16,"132,122.00 "
2014-07-17,"134,066.00 "
2014-07-18,"135,872.00 "
2014-07-21,"133,060.00 "
2014-07-22,"132,476.00 "
2014-07-23,"133,418.00 "
2014-07-24,"134,538.00 "
2014-07-25,"131,058.00 "
2014-07-28,"128,794.00 "
2014-07-29,"127,350.00 "
2014-07-30,"126,916.00 "
2014-07-31,"127,714.00 "
2014-08-01,"129,198.00 "
2014-08-04,"131,826.00 "
2014-08-05,"132,818.00 "
2014-08-06,"133,304.00 "
2014-08-07,"135,142.00 "
2014-08-08,"130,168.00 "
2014-08-11,"132,296.00 "
2014-08-12,"132,986.00 "
2014-08-13,"129,992.00 "
2014-08-14,"133,300.00 "
2014-08-15,"130,712.00 "
2014-08-18,"132,470.00 "
2014-08-19,"129,534.00 "
2014-08-20,"130,026.00 "
2014-08-21,"129,170.00 "
2014-08-22,"124,856.00 "
2014-08-25,"126,624.00 "
2014-08-26,"130,024.00 "
2014-08-27,"136,858.00 "
2014-08-28,"137,080.00 "
2014-08-29,"142,092.00 "
2014-09-01,"142,710.00 "
2014-09-02,"143,576.00 "
2014-09-03,"144,848.00 "
2014-09-04,"147,260.00 "
2014-09-05,"144,574.00 "
2014-09-09,"145,162.00 "
2014-09-10,"143,174.00 "
2014-09-11,"143,604.00 "
2014-09-12,"150,922.00 "
2014-09-15,"153,520.00 "
2014-09-16,"157,866.00 "
2014-09-17,"163,852.00 "
2014-09-18,"162,306.00 "
2014-09-19,"173,604.00 "
2014-09-22,"167,000.00 "
2014-09-23,"166,190.00 "
2014-09-24,"165,612.00 "
2014-09-25,"172,990.00 "
2014-09-26,"166,316.00 "
2014-09-29,"168,408.00 "
2014-09-30,"142,942.00 "
2014-10-08,"150,008.00 "
2014-10-09,"160,036.00 "
2014-10-10,"159,238.00 "
2014-10-13,"167,868.00 "
2014-10-14,"155,780.00 "
2014-10-15,"149,158.00 "
2014-10-16,"146,598.00 "
2014-10-17,"139,800.00 "
2014-10-20,"143,992.00 "
2014-10-21,"150,916.00 "
2014-10-22,"148,040.00 "
2014-10-23,"143,642.00 "
2014-10-24,"130,066.00 "
2014-10-27,"134,268.00 "
2014-10-28,"133,924.00 "
2014-10-29,"145,322.00 "
2014-10-30,"149,332.00 "
2014-10-31,"146,816.00 "
2014-11-03,"151,946.00 "
2014-11-04,"150,592.00 "
2014-11-05,"150,264.00 "
2014-11-06,"156,254.00 "
2014-11-07,"151,324.00 "
2014-11-10,"163,282.00 "
2014-11-11,"166,948.00 "
2014-11-12,"164,938.00 "
2014-11-13,"162,072.00 "
2014-11-14,"166,366.00 "
2014-11-17,"161,480.00 "
2014-11-18,"167,976.00 "
2014-11-19,"162,236.00 "
2014-11-20,"157,556.00 "
2014-11-21,"148,916.00 "
2014-11-24,"142,728.00 "
2014-11-25,"146,584.00 "
2014-11-26,"137,666.00 "
2014-11-27,"142,166.00 "
2014-11-28,"137,718.00 "
2014-12-01,"139,448.00 "
2014-12-02,"141,114.00 "
2014-12-03,"142,714.00 "
2014-12-04,"139,836.00 "
2014-12-05,"137,920.00 "
2014-12-08,"140,242.00 "
2014-12-09,"136,022.00 "
2014-12-10,"146,742.00 "
2014-12-11,"153,236.00 "
2014-12-12,"141,768.00 "
2014-12-15,"140,186.00 "
2014-12-16,"135,196.00 "
2014-12-17,"136,558.00 "
2014-12-18,"138,396.00 "
2014-12-19,"139,026.00 "
2014-12-22,"145,782.00 "
2014-12-23,"151,930.00 "
2014-12-24,"155,458.00 "
2014-12-25,"151,086.00 "
2014-12-26,"150,820.00 "
2014-12-29,"146,810.00 "
2014-12-30,"149,228.00 "
2014-12-31,"149,570.00 "
2015-01-05,"153,504.00 "
2015-01-06,"162,300.00 "
2015-01-07,"163,540.00 "
2015-01-08,"160,616.00 "
2015-01-09,"167,728.00 "
2015-01-12,"159,518.00 "
2015-01-13,"166,334.00 "
2015-01-14,"169,932.00 "
2015-01-15,"161,762.00 "
2015-01-16,"168,178.00 "
2015-01-19,"165,558.00 "
2015-01-20,"163,370.00 "
2015-01-21,"165,096.00 "
2015-01-22,"159,960.00 "
2015-01-23,"160,322.00 "
2015-01-26,"161,210.00 "
2015-01-27,"167,334.00 "
2015-01-28,"174,734.00 "
2015-01-29,"175,882.00 "
2015-01-30,"161,776.00 "
2015-02-02,"175,758.00 "
2015-02-03,"173,612.00 "
2015-02-04,"178,906.00 "
2015-02-05,"182,078.00 "
2015-02-06,"172,944.00 "
2015-02-09,"176,888.00 "
2015-02-10,"183,666.00 "
2015-02-11,"217,046.00 "
2015-02-12,"207,246.00 "
2015-02-13,"184,944.00 "
2015-02-16,"175,076.00 "
2015-02-17,"153,570.00 "
2015-02-25,"155,518.00 "
2015-02-26,"162,772.00 "
2015-02-27,"160,666.00 "
2015-03-02,"169,978.00 "
2015-03-03,"171,810.00 "
2015-03-04,"169,982.00 "
2015-03-05,"165,456.00 "
2015-03-06,"160,300.00 "
2015-03-09,"168,420.00 "
2015-03-10,"170,168.00 "
2015-03-11,"175,800.00 "
2015-03-12,"177,136.00 "
2015-03-13,"177,296.00 "
2015-03-16,"178,676.00 "
2015-03-17,"182,098.00 "
2015-03-18,"183,682.00 "
2015-03-19,"191,172.00 "
2015-03-20,"190,994.00 "
2015-03-23,"182,790.00 "
2015-03-24,"180,050.00 "
2015-03-25,"178,386.00 "
2015-03-26,"174,978.00 "
2015-03-27,"169,222.00 "
2015-03-30,"169,516.00 "
2015-03-31,"169,566.00 "
2015-04-01,"170,372.00 "
2015-04-02,"169,320.00 "
2015-04-03,"160,552.00 "
2015-04-07,"157,938.00 "
2015-04-08,"148,462.00 "
2015-04-09,"148,718.00 "
2015-04-10,"144,138.00 "
2015-04-13,"140,070.00 "
2015-04-14,"140,466.00 "
2015-04-15,"139,840.00 "
2015-04-16,"142,562.00 "
2015-04-17,"142,614.00 "
2015-04-20,"140,580.00 "
2015-04-21,"144,904.00 "
2015-04-22,"144,366.00 "
2015-04-23,"152,722.00 "
2015-04-24,"148,708.00 "
2015-04-27,"155,762.00 "
2015-04-28,"150,064.00 "
2015-04-29,"148,434.00 "
2015-04-30,"141,766.00 "
2015-05-04,"147,014.00 "
2015-05-05,"146,488.00 "
2015-05-06,"143,670.00 "
2015-05-07,"148,028.00 "
2015-05-08,"147,690.00 "
2015-05-11,"147,488.00 "
2015-05-12,"147,174.00 "
2015-05-13,"144,518.00 "
2015-05-14,"151,480.00 "
2015-05-15,"152,058.00 "
2015-05-18,"154,730.00 "
2015-05-19,"155,400.00 "
2015-05-20,"153,928.00 "
2015-05-21,"154,470.00 "
2015-05-22,"155,912.00 "
2015-05-25,"158,500.00 "
2015-05-26,"156,476.00 "
2015-05-27,"159,684.00 "
2015-05-28,"163,174.00 "
2015-05-29,"162,718.00 "
2015-06-01,"161,566.00 "
2015-06-02,"161,222.00 "
2015-06-03,"155,554.00 "
2015-06-04,"156,588.00 "
2015-06-05,"156,682.00 "
2015-06-08,"157,332.00 "
2015-06-09,"162,026.00 "
2015-06-10,"169,508.00 "
2015-06-11,"172,054.00 "
2015-06-12,"174,522.00 "
2015-06-15,"174,258.00 "
2015-06-16,"174,056.00 "
2015-06-17,"178,830.00 "
2015-06-18,"177,416.00 "
2015-06-19,"169,662.00 "
2015-06-23,"169,264.00 "
2015-06-24,"176,810.00 "
2015-06-25,"178,064.00 "
2015-06-26,"174,276.00 "
2015-06-29,"174,460.00 "
2015-06-30,"176,410.00 "
2015-07-01,"176,946.00 "
2015-07-02,"180,278.00 "
2015-07-03,"182,064.00 "
2015-07-06,"180,448.00 "
2015-07-07,"177,566.00 "
2015-07-08,"183,888.00 "
2015-07-09,"168,486.00 "
2015-07-10,"160,552.00 "
2015-07-13,"158,340.00 "
2015-07-14,"157,060.00 "
2015-07-15,"154,286.00 "
2015-07-16,"159,478.00 "
2015-07-17,"155,234.00 "
2015-07-20,"160,694.00 "
2015-07-21,"163,040.00 "
2015-07-22,"165,572.00 "
2015-07-23,"165,728.00 "
2015-07-24,"160,268.00 "
2015-07-27,"162,800.00 "
2015-07-28,"158,288.00 "
2015-07-29,"155,344.00 "
2015-07-30,"152,712.00 "
2015-07-31,"151,142.00 "
2015-08-03,"151,814.00 "
2015-08-04,"153,718.00 "
2015-08-05,"154,224.00 "
2015-08-06,"157,802.00 "
2015-08-07,"155,020.00 "
2015-08-10,"160,700.00 "
2015-08-11,"172,428.00 "
2015-08-12,"181,124.00 "
2015-08-13,"165,832.00 "
2015-08-14,"155,354.00 "
2015-08-17,"154,864.00 "
2015-08-18,"159,420.00 "
2015-08-19,"158,694.00 "
2015-08-20,"167,710.00 "
2015-08-21,"175,634.00 "
2015-08-24,"186,050.00 "
2015-08-25,"175,760.00 "
2015-08-26,"166,566.00 "
2015-08-27,"166,326.00 "
2015-08-28,"160,614.00 "
2015-08-31,"166,132.00 "
2015-09-01,"167,286.00 "
2015-09-02,"164,100.00 "
2015-09-07,"163,048.00 "
2015-09-08,"167,904.00 "
2015-09-09,"166,980.00 "
2015-09-10,"168,270.00 "
2015-09-11,"159,580.00 "
2015-09-14,"158,814.00 "
2015-09-15,"153,282.00 "
2015-09-16,"150,986.00 "
2015-09-17,"155,120.00 "
2015-09-18,"143,796.00 "
2015-09-21,"140,018.00 "
2015-09-22,"144,708.00 "
2015-09-23,"159,800.00 "
2015-09-24,"167,422.00 "
2015-09-25,"169,432.00 "
2015-09-28,"157,174.00 "
2015-09-29,"145,894.00 "
2015-09-30,"126,102.00 "
2015-10-08,"125,896.00 "
2015-10-09,"133,844.00 "
2015-10-12,"137,262.00 "
2015-10-13,"139,448.00 "
2015-10-14,"142,698.00 "
2015-10-15,"147,038.00 "
2015-10-16,"145,382.00 "
2015-10-19,"145,720.00 "
2015-10-20,"144,290.00 "
2015-10-21,"144,378.00 "
2015-10-22,"148,748.00 "
2015-10-23,"154,584.00 "
2015-10-26,"154,848.00 "
2015-10-27,"158,002.00 "
2015-10-28,"158,430.00 "
2015-10-29,"154,986.00 "
2015-10-30,"149,454.00 "
2015-11-02,"150,942.00 "
2015-11-03,"153,934.00 "
2015-11-04,"163,202.00 "
2015-11-05,"167,664.00 "
2015-11-06,"168,272.00 "
2015-11-09,"173,700.00 "
2015-11-10,"172,370.00 "
2015-11-11,"178,134.00 "
2015-11-12,"182,112.00 "
2015-11-13,"178,940.00 "
2015-11-16,"183,822.00 "
2015-11-17,"184,510.00 "
2015-11-18,"185,838.00 "
2015-11-19,"186,654.00 "
2015-11-20,"181,390.00 "
2015-11-23,"188,118.00 "
2015-11-24,"190,416.00 "
2015-11-25,"194,368.00 "
2015-11-26,"194,132.00 "
2015-11-27,"197,004.00 "
2015-11-30,"194,854.00 "
2015-12-01,"196,806.00 "
2015-12-02,"195,670.00 "
2015-12-03,"201,656.00 "
2015-12-04,"197,848.00 "
2015-12-07,"205,800.00 "
2015-12-08,"209,540.00 "
2015-12-09,"207,660.00 "
2015-12-10,"206,734.00 "
2015-12-11,"200,240.00 "
2015-12-14,"204,896.00 "
2015-12-15,"206,130.00 "
2015-12-16,"202,300.00 "
2015-12-17,"205,112.00 "
2015-12-18,"208,064.00 "
2015-12-21,"214,084.00 "
2015-12-22,"208,146.00 "
2015-12-23,"207,982.00 "
2015-12-24,"206,882.00 "
2015-12-25,"200,528.00 "
2015-12-28,"203,546.00 "
2015-12-29,"203,284.00 "
2015-12-30,"206,394.00 "
2015-12-31,"199,092.00 "
2016-01-04,"213,116.00 "
2016-01-05,"210,642.00 "
2016-01-06,"200,738.00 "
2016-01-07,"199,284.00 "
2016-01-08,"190,796.00 "
2016-01-11,"189,832.00 "
2016-01-12,"185,444.00 "
2016-01-13,"179,138.00 "
2016-01-14,"181,664.00 "
2016-01-15,"187,932.00 "
2016-01-18,"191,916.00 "
2016-01-19,"189,848.00 "
2016-01-20,"192,918.00 "
2016-01-21,"187,930.00 "
2016-01-22,"176,242.00 "
2016-01-25,"165,126.00 "
2016-01-26,"157,216.00 "
2016-01-27,"154,948.00 "
2016-01-28,"151,018.00 "
2016-01-29,"139,022.00 "
2016-02-01,"135,222.00 "
2016-02-02,"137,604.00 "
2016-02-03,"141,386.00 "
2016-02-04,"136,656.00 "
2016-02-05,"121,706.00 "
2016-02-15,"142,708.00 "
2016-02-16,"151,070.00 "
2016-02-17,"153,228.00 "
2016-02-18,"154,304.00 "
2016-02-19,"162,878.00 "
2016-02-22,"158,850.00 "
2016-02-23,"158,522.00 "
2016-02-24,"164,134.00 "
2016-02-25,"163,152.00 "
2016-02-26,"157,650.00 "
2016-02-29,"165,790.00 "
2016-03-01,"174,462.00 "
2016-03-02,"174,554.00 "
2016-03-03,"175,936.00 "
2016-03-04,"177,792.00 "
2016-03-07,"181,708.00 "
2016-03-08,"187,046.00 "
2016-03-09,"186,920.00 "
2016-03-10,"184,860.00 "
2016-03-11,"182,928.00 "
2016-03-14,"185,524.00 "
2016-03-15,"194,298.00 "
2016-03-16,"188,740.00 "
2016-03-17,"191,528.00 "
2016-03-18,"189,006.00 "
2016-03-21,"186,970.00 "
2016-03-22,"186,470.00 "
2016-03-23,"195,562.00 "
2016-03-24,"194,870.00 "
2016-03-25,"191,886.00 "
2016-03-28,"193,198.00 "
2016-03-29,"192,898.00 "
2016-03-30,"195,002.00 "
2016-03-31,"192,982.00 "
2016-04-01,"182,668.00 "
2016-04-05,"193,370.00 "
2016-04-06,"191,490.00 "
2016-04-07,"196,376.00 "
2016-04-08,"192,912.00 "
2016-04-11,"194,674.00 "
2016-04-12,"191,958.00 "
2016-04-13,"191,720.00 "
2016-04-14,"190,796.00 "
2016-04-15,"185,624.00 "
