,m1:yoy
2002-11-01,18.5
2002-11-02,18.5
2002-11-03,18.5
2002-11-04,18.5
2002-11-05,18.5
2002-11-06,18.5
2002-11-07,18.5
2002-11-08,18.5
2002-11-09,18.5
2002-11-10,18.5
2002-11-11,18.5
2002-11-12,18.5
2002-11-13,18.5
2002-11-14,18.5
2002-11-15,18.5
2002-11-16,18.5
2002-11-17,18.5
2002-11-18,18.5
2002-11-19,18.5
2002-11-20,18.5
2002-11-21,18.5
2002-11-22,18.5
2002-11-23,18.5
2002-11-24,18.5
2002-11-25,18.5
2002-11-26,18.5
2002-11-27,18.5
2002-11-28,18.5
2002-11-29,18.5
2002-11-30,18.5
2002-12-01,16.82
2002-12-02,16.82
2002-12-03,16.82
2002-12-04,16.82
2002-12-05,16.82
2002-12-06,16.82
2002-12-07,16.82
2002-12-08,16.82
2002-12-09,16.82
2002-12-10,16.82
2002-12-11,16.82
2002-12-12,16.82
2002-12-13,16.82
2002-12-14,16.82
2002-12-15,16.82
2002-12-16,16.82
2002-12-17,16.82
2002-12-18,16.82
2002-12-19,16.82
2002-12-20,16.82
2002-12-21,16.82
2002-12-22,16.82
2002-12-23,16.82
2002-12-24,16.82
2002-12-25,16.82
2002-12-26,16.82
2002-12-27,16.82
2002-12-28,16.82
2002-12-29,16.82
2002-12-30,16.82
2002-12-31,16.82
2003-01-01,19.5
2003-01-02,19.5
2003-01-03,19.5
2003-01-04,19.5
2003-01-05,19.5
2003-01-06,19.5
2003-01-07,19.5
2003-01-08,19.5
2003-01-09,19.5
2003-01-10,19.5
2003-01-11,19.5
2003-01-12,19.5
2003-01-13,19.5
2003-01-14,19.5
2003-01-15,19.5
2003-01-16,19.5
2003-01-17,19.5
2003-01-18,19.5
2003-01-19,19.5
2003-01-20,19.5
2003-01-21,19.5
2003-01-22,19.5
2003-01-23,19.5
2003-01-24,19.5
2003-01-25,19.5
2003-01-26,19.5
2003-01-27,19.5
2003-01-28,19.5
2003-01-29,19.5
2003-01-30,19.5
2003-01-31,19.5
2003-02-01,18.8
2003-02-02,18.8
2003-02-03,18.8
2003-02-04,18.8
2003-02-05,18.8
2003-02-06,18.8
2003-02-07,18.8
2003-02-08,18.8
2003-02-09,18.8
2003-02-10,18.8
2003-02-11,18.8
2003-02-12,18.8
2003-02-13,18.8
2003-02-14,18.8
2003-02-15,18.8
2003-02-16,18.8
2003-02-17,18.8
2003-02-18,18.8
2003-02-19,18.8
2003-02-20,18.8
2003-02-21,18.8
2003-02-22,18.8
2003-02-23,18.8
2003-02-24,18.8
2003-02-25,18.8
2003-02-26,18.8
2003-02-27,18.8
2003-02-28,18.8
2003-03-01,20.12
2003-03-02,20.12
2003-03-03,20.12
2003-03-04,20.12
2003-03-05,20.12
2003-03-06,20.12
2003-03-07,20.12
2003-03-08,20.12
2003-03-09,20.12
2003-03-10,20.12
2003-03-11,20.12
2003-03-12,20.12
2003-03-13,20.12
2003-03-14,20.12
2003-03-15,20.12
2003-03-16,20.12
2003-03-17,20.12
2003-03-18,20.12
2003-03-19,20.12
2003-03-20,20.12
2003-03-21,20.12
2003-03-22,20.12
2003-03-23,20.12
2003-03-24,20.12
2003-03-25,20.12
2003-03-26,20.12
2003-03-27,20.12
2003-03-28,20.12
2003-03-29,20.12
2003-03-30,20.12
2003-03-31,20.12
2003-04-01,18.0
2003-04-02,18.0
2003-04-03,18.0
2003-04-04,18.0
2003-04-05,18.0
2003-04-06,18.0
2003-04-07,18.0
2003-04-08,18.0
2003-04-09,18.0
2003-04-10,18.0
2003-04-11,18.0
2003-04-12,18.0
2003-04-13,18.0
2003-04-14,18.0
2003-04-15,18.0
2003-04-16,18.0
2003-04-17,18.0
2003-04-18,18.0
2003-04-19,18.0
2003-04-20,18.0
2003-04-21,18.0
2003-04-22,18.0
2003-04-23,18.0
2003-04-24,18.0
2003-04-25,18.0
2003-04-26,18.0
2003-04-27,18.0
2003-04-28,18.0
2003-04-29,18.0
2003-04-30,18.0
2003-05-01,18.8
2003-05-02,18.8
2003-05-03,18.8
2003-05-04,18.8
2003-05-05,18.8
2003-05-06,18.8
2003-05-07,18.8
2003-05-08,18.8
2003-05-09,18.8
2003-05-10,18.8
2003-05-11,18.8
2003-05-12,18.8
2003-05-13,18.8
2003-05-14,18.8
2003-05-15,18.8
2003-05-16,18.8
2003-05-17,18.8
2003-05-18,18.8
2003-05-19,18.8
2003-05-20,18.8
2003-05-21,18.8
2003-05-22,18.8
2003-05-23,18.8
2003-05-24,18.8
2003-05-25,18.8
2003-05-26,18.8
2003-05-27,18.8
2003-05-28,18.8
2003-05-29,18.8
2003-05-30,18.8
2003-05-31,18.8
2003-06-01,20.24
2003-06-02,20.24
2003-06-03,20.24
2003-06-04,20.24
2003-06-05,20.24
2003-06-06,20.24
2003-06-07,20.24
2003-06-08,20.24
2003-06-09,20.24
2003-06-10,20.24
2003-06-11,20.24
2003-06-12,20.24
2003-06-13,20.24
2003-06-14,20.24
2003-06-15,20.24
2003-06-16,20.24
2003-06-17,20.24
2003-06-18,20.24
2003-06-19,20.24
2003-06-20,20.24
2003-06-21,20.24
2003-06-22,20.24
2003-06-23,20.24
2003-06-24,20.24
2003-06-25,20.24
2003-06-26,20.24
2003-06-27,20.24
2003-06-28,20.24
2003-06-29,20.24
2003-06-30,20.24
2003-07-01,20.0
2003-07-02,20.0
2003-07-03,20.0
2003-07-04,20.0
2003-07-05,20.0
2003-07-06,20.0
2003-07-07,20.0
2003-07-08,20.0
2003-07-09,20.0
2003-07-10,20.0
2003-07-11,20.0
2003-07-12,20.0
2003-07-13,20.0
2003-07-14,20.0
2003-07-15,20.0
2003-07-16,20.0
2003-07-17,20.0
2003-07-18,20.0
2003-07-19,20.0
2003-07-20,20.0
2003-07-21,20.0
2003-07-22,20.0
2003-07-23,20.0
2003-07-24,20.0
2003-07-25,20.0
2003-07-26,20.0
2003-07-27,20.0
2003-07-28,20.0
2003-07-29,20.0
2003-07-30,20.0
2003-07-31,20.0
2003-08-01,18.75
2003-08-02,18.75
2003-08-03,18.75
2003-08-04,18.75
2003-08-05,18.75
2003-08-06,18.75
2003-08-07,18.75
2003-08-08,18.75
2003-08-09,18.75
2003-08-10,18.75
2003-08-11,18.75
2003-08-12,18.75
2003-08-13,18.75
2003-08-14,18.75
2003-08-15,18.75
2003-08-16,18.75
2003-08-17,18.75
2003-08-18,18.75
2003-08-19,18.75
2003-08-20,18.75
2003-08-21,18.75
2003-08-22,18.75
2003-08-23,18.75
2003-08-24,18.75
2003-08-25,18.75
2003-08-26,18.75
2003-08-27,18.75
2003-08-28,18.75
2003-08-29,18.75
2003-08-30,18.75
2003-08-31,18.75
2003-09-01,18.51
2003-09-02,18.51
2003-09-03,18.51
2003-09-04,18.51
2003-09-05,18.51
2003-09-06,18.51
2003-09-07,18.51
2003-09-08,18.51
2003-09-09,18.51
2003-09-10,18.51
2003-09-11,18.51
2003-09-12,18.51
2003-09-13,18.51
2003-09-14,18.51
2003-09-15,18.51
2003-09-16,18.51
2003-09-17,18.51
2003-09-18,18.51
2003-09-19,18.51
2003-09-20,18.51
2003-09-21,18.51
2003-09-22,18.51
2003-09-23,18.51
2003-09-24,18.51
2003-09-25,18.51
2003-09-26,18.51
2003-09-27,18.51
2003-09-28,18.51
2003-09-29,18.51
2003-09-30,18.51
2003-10-01,19.62
2003-10-02,19.62
2003-10-03,19.62
2003-10-04,19.62
2003-10-05,19.62
2003-10-06,19.62
2003-10-07,19.62
2003-10-08,19.62
2003-10-09,19.62
2003-10-10,19.62
2003-10-11,19.62
2003-10-12,19.62
2003-10-13,19.62
2003-10-14,19.62
2003-10-15,19.62
2003-10-16,19.62
2003-10-17,19.62
2003-10-18,19.62
2003-10-19,19.62
2003-10-20,19.62
2003-10-21,19.62
2003-10-22,19.62
2003-10-23,19.62
2003-10-24,19.62
2003-10-25,19.62
2003-10-26,19.62
2003-10-27,19.62
2003-10-28,19.62
2003-10-29,19.62
2003-10-30,19.62
2003-10-31,19.62
2003-11-01,18.86
2003-11-02,18.86
2003-11-03,18.86
2003-11-04,18.86
2003-11-05,18.86
2003-11-06,18.86
2003-11-07,18.86
2003-11-08,18.86
2003-11-09,18.86
2003-11-10,18.86
2003-11-11,18.86
2003-11-12,18.86
2003-11-13,18.86
2003-11-14,18.86
2003-11-15,18.86
2003-11-16,18.86
2003-11-17,18.86
2003-11-18,18.86
2003-11-19,18.86
2003-11-20,18.86
2003-11-21,18.86
2003-11-22,18.86
2003-11-23,18.86
2003-11-24,18.86
2003-11-25,18.86
2003-11-26,18.86
2003-11-27,18.86
2003-11-28,18.86
2003-11-29,18.86
2003-11-30,18.86
2003-12-01,18.7
2003-12-02,18.7
2003-12-03,18.7
2003-12-04,18.7
2003-12-05,18.7
2003-12-06,18.7
2003-12-07,18.7
2003-12-08,18.7
2003-12-09,18.7
2003-12-10,18.7
2003-12-11,18.7
2003-12-12,18.7
2003-12-13,18.7
2003-12-14,18.7
2003-12-15,18.7
2003-12-16,18.7
2003-12-17,18.7
2003-12-18,18.7
2003-12-19,18.7
2003-12-20,18.7
2003-12-21,18.7
2003-12-22,18.7
2003-12-23,18.7
2003-12-24,18.7
2003-12-25,18.7
2003-12-26,18.7
2003-12-27,18.7
2003-12-28,18.7
2003-12-29,18.7
2003-12-30,18.7
2003-12-31,18.7
2004-01-01,15.7
2004-01-02,15.7
2004-01-03,15.7
2004-01-04,15.7
2004-01-05,15.7
2004-01-06,15.7
2004-01-07,15.7
2004-01-08,15.7
2004-01-09,15.7
2004-01-10,15.7
2004-01-11,15.7
2004-01-12,15.7
2004-01-13,15.7
2004-01-14,15.7
2004-01-15,15.7
2004-01-16,15.7
2004-01-17,15.7
2004-01-18,15.7
2004-01-19,15.7
2004-01-20,15.7
2004-01-21,15.7
2004-01-22,15.7
2004-01-23,15.7
2004-01-24,15.7
2004-01-25,15.7
2004-01-26,15.7
2004-01-27,15.7
2004-01-28,15.7
2004-01-29,15.7
2004-01-30,15.7
2004-01-31,15.7
2004-02-01,19.8
2004-02-02,19.8
2004-02-03,19.8
2004-02-04,19.8
2004-02-05,19.8
2004-02-06,19.8
2004-02-07,19.8
2004-02-08,19.8
2004-02-09,19.8
2004-02-10,19.8
2004-02-11,19.8
2004-02-12,19.8
2004-02-13,19.8
2004-02-14,19.8
2004-02-15,19.8
2004-02-16,19.8
2004-02-17,19.8
2004-02-18,19.8
2004-02-19,19.8
2004-02-20,19.8
2004-02-21,19.8
2004-02-22,19.8
2004-02-23,19.8
2004-02-24,19.8
2004-02-25,19.8
2004-02-26,19.8
2004-02-27,19.8
2004-02-28,19.8
2004-02-29,19.8
2004-03-01,20.1
2004-03-02,20.1
2004-03-03,20.1
2004-03-04,20.1
2004-03-05,20.1
2004-03-06,20.1
2004-03-07,20.1
2004-03-08,20.1
2004-03-09,20.1
2004-03-10,20.1
2004-03-11,20.1
2004-03-12,20.1
2004-03-13,20.1
2004-03-14,20.1
2004-03-15,20.1
2004-03-16,20.1
2004-03-17,20.1
2004-03-18,20.1
2004-03-19,20.1
2004-03-20,20.1
2004-03-21,20.1
2004-03-22,20.1
2004-03-23,20.1
2004-03-24,20.1
2004-03-25,20.1
2004-03-26,20.1
2004-03-27,20.1
2004-03-28,20.1
2004-03-29,20.1
2004-03-30,20.1
2004-03-31,20.1
2004-04-01,20.0
2004-04-02,20.0
2004-04-03,20.0
2004-04-04,20.0
2004-04-05,20.0
2004-04-06,20.0
2004-04-07,20.0
2004-04-08,20.0
2004-04-09,20.0
2004-04-10,20.0
2004-04-11,20.0
2004-04-12,20.0
2004-04-13,20.0
2004-04-14,20.0
2004-04-15,20.0
2004-04-16,20.0
2004-04-17,20.0
2004-04-18,20.0
2004-04-19,20.0
2004-04-20,20.0
2004-04-21,20.0
2004-04-22,20.0
2004-04-23,20.0
2004-04-24,20.0
2004-04-25,20.0
2004-04-26,20.0
2004-04-27,20.0
2004-04-28,20.0
2004-04-29,20.0
2004-04-30,20.0
2004-05-01,18.6
2004-05-02,18.6
2004-05-03,18.6
2004-05-04,18.6
2004-05-05,18.6
2004-05-06,18.6
2004-05-07,18.6
2004-05-08,18.6
2004-05-09,18.6
2004-05-10,18.6
2004-05-11,18.6
2004-05-12,18.6
2004-05-13,18.6
2004-05-14,18.6
2004-05-15,18.6
2004-05-16,18.6
2004-05-17,18.6
2004-05-18,18.6
2004-05-19,18.6
2004-05-20,18.6
2004-05-21,18.6
2004-05-22,18.6
2004-05-23,18.6
2004-05-24,18.6
2004-05-25,18.6
2004-05-26,18.6
2004-05-27,18.6
2004-05-28,18.6
2004-05-29,18.6
2004-05-30,18.6
2004-05-31,18.6
2004-06-01,16.2
2004-06-02,16.2
2004-06-03,16.2
2004-06-04,16.2
2004-06-05,16.2
2004-06-06,16.2
2004-06-07,16.2
2004-06-08,16.2
2004-06-09,16.2
2004-06-10,16.2
2004-06-11,16.2
2004-06-12,16.2
2004-06-13,16.2
2004-06-14,16.2
2004-06-15,16.2
2004-06-16,16.2
2004-06-17,16.2
2004-06-18,16.2
2004-06-19,16.2
2004-06-20,16.2
2004-06-21,16.2
2004-06-22,16.2
2004-06-23,16.2
2004-06-24,16.2
2004-06-25,16.2
2004-06-26,16.2
2004-06-27,16.2
2004-06-28,16.2
2004-06-29,16.2
2004-06-30,16.2
2004-07-01,15.0
2004-07-02,15.0
2004-07-03,15.0
2004-07-04,15.0
2004-07-05,15.0
2004-07-06,15.0
2004-07-07,15.0
2004-07-08,15.0
2004-07-09,15.0
2004-07-10,15.0
2004-07-11,15.0
2004-07-12,15.0
2004-07-13,15.0
2004-07-14,15.0
2004-07-15,15.0
2004-07-16,15.0
2004-07-17,15.0
2004-07-18,15.0
2004-07-19,15.0
2004-07-20,15.0
2004-07-21,15.0
2004-07-22,15.0
2004-07-23,15.0
2004-07-24,15.0
2004-07-25,15.0
2004-07-26,15.0
2004-07-27,15.0
2004-07-28,15.0
2004-07-29,15.0
2004-07-30,15.0
2004-07-31,15.0
2004-08-01,15.14
2004-08-02,15.14
2004-08-03,15.14
2004-08-04,15.14
2004-08-05,15.14
2004-08-06,15.14
2004-08-07,15.14
2004-08-08,15.14
2004-08-09,15.14
2004-08-10,15.14
2004-08-11,15.14
2004-08-12,15.14
2004-08-13,15.14
2004-08-14,15.14
2004-08-15,15.14
2004-08-16,15.14
2004-08-17,15.14
2004-08-18,15.14
2004-08-19,15.14
2004-08-20,15.14
2004-08-21,15.14
2004-08-22,15.14
2004-08-23,15.14
2004-08-24,15.14
2004-08-25,15.14
2004-08-26,15.14
2004-08-27,15.14
2004-08-28,15.14
2004-08-29,15.14
2004-08-30,15.14
2004-08-31,15.14
2004-09-01,13.7
2004-09-02,13.7
2004-09-03,13.7
2004-09-04,13.7
2004-09-05,13.7
2004-09-06,13.7
2004-09-07,13.7
2004-09-08,13.7
2004-09-09,13.7
2004-09-10,13.7
2004-09-11,13.7
2004-09-12,13.7
2004-09-13,13.7
2004-09-14,13.7
2004-09-15,13.7
2004-09-16,13.7
2004-09-17,13.7
2004-09-18,13.7
2004-09-19,13.7
2004-09-20,13.7
2004-09-21,13.7
2004-09-22,13.7
2004-09-23,13.7
2004-09-24,13.7
2004-09-25,13.7
2004-09-26,13.7
2004-09-27,13.7
2004-09-28,13.7
2004-09-29,13.7
2004-09-30,13.7
2004-10-01,12.57
2004-10-02,12.57
2004-10-03,12.57
2004-10-04,12.57
2004-10-05,12.57
2004-10-06,12.57
2004-10-07,12.57
2004-10-08,12.57
2004-10-09,12.57
2004-10-10,12.57
2004-10-11,12.57
2004-10-12,12.57
2004-10-13,12.57
2004-10-14,12.57
2004-10-15,12.57
2004-10-16,12.57
2004-10-17,12.57
2004-10-18,12.57
2004-10-19,12.57
2004-10-20,12.57
2004-10-21,12.57
2004-10-22,12.57
2004-10-23,12.57
2004-10-24,12.57
2004-10-25,12.57
2004-10-26,12.57
2004-10-27,12.57
2004-10-28,12.57
2004-10-29,12.57
2004-10-30,12.57
2004-10-31,12.57
2004-11-01,13.8
2004-11-02,13.8
2004-11-03,13.8
2004-11-04,13.8
2004-11-05,13.8
2004-11-06,13.8
2004-11-07,13.8
2004-11-08,13.8
2004-11-09,13.8
2004-11-10,13.8
2004-11-11,13.8
2004-11-12,13.8
2004-11-13,13.8
2004-11-14,13.8
2004-11-15,13.8
2004-11-16,13.8
2004-11-17,13.8
2004-11-18,13.8
2004-11-19,13.8
2004-11-20,13.8
2004-11-21,13.8
2004-11-22,13.8
2004-11-23,13.8
2004-11-24,13.8
2004-11-25,13.8
2004-11-26,13.8
2004-11-27,13.8
2004-11-28,13.8
2004-11-29,13.8
2004-11-30,13.8
2004-12-01,13.6
2004-12-02,13.6
2004-12-03,13.6
2004-12-04,13.6
2004-12-05,13.6
2004-12-06,13.6
2004-12-07,13.6
2004-12-08,13.6
2004-12-09,13.6
2004-12-10,13.6
2004-12-11,13.6
2004-12-12,13.6
2004-12-13,13.6
2004-12-14,13.6
2004-12-15,13.6
2004-12-16,13.6
2004-12-17,13.6
2004-12-18,13.6
2004-12-19,13.6
2004-12-20,13.6
2004-12-21,13.6
2004-12-22,13.6
2004-12-23,13.6
2004-12-24,13.6
2004-12-25,13.6
2004-12-26,13.6
2004-12-27,13.6
2004-12-28,13.6
2004-12-29,13.6
2004-12-30,13.6
2004-12-31,13.6
2005-01-01,15.32
2005-01-02,15.32
2005-01-03,15.32
2005-01-04,15.32
2005-01-05,15.32
2005-01-06,15.32
2005-01-07,15.32
2005-01-08,15.32
2005-01-09,15.32
2005-01-10,15.32
2005-01-11,15.32
2005-01-12,15.32
2005-01-13,15.32
2005-01-14,15.32
2005-01-15,15.32
2005-01-16,15.32
2005-01-17,15.32
2005-01-18,15.32
2005-01-19,15.32
2005-01-20,15.32
2005-01-21,15.32
2005-01-22,15.32
2005-01-23,15.32
2005-01-24,15.32
2005-01-25,15.32
2005-01-26,15.32
2005-01-27,15.32
2005-01-28,15.32
2005-01-29,15.32
2005-01-30,15.32
2005-01-31,15.32
2005-02-01,10.6
2005-02-02,10.6
2005-02-03,10.6
2005-02-04,10.6
2005-02-05,10.6
2005-02-06,10.6
2005-02-07,10.6
2005-02-08,10.6
2005-02-09,10.6
2005-02-10,10.6
2005-02-11,10.6
2005-02-12,10.6
2005-02-13,10.6
2005-02-14,10.6
2005-02-15,10.6
2005-02-16,10.6
2005-02-17,10.6
2005-02-18,10.6
2005-02-19,10.6
2005-02-20,10.6
2005-02-21,10.6
2005-02-22,10.6
2005-02-23,10.6
2005-02-24,10.6
2005-02-25,10.6
2005-02-26,10.6
2005-02-27,10.6
2005-02-28,10.6
2005-03-01,9.9
2005-03-02,9.9
2005-03-03,9.9
2005-03-04,9.9
2005-03-05,9.9
2005-03-06,9.9
2005-03-07,9.9
2005-03-08,9.9
2005-03-09,9.9
2005-03-10,9.9
2005-03-11,9.9
2005-03-12,9.9
2005-03-13,9.9
2005-03-14,9.9
2005-03-15,9.9
2005-03-16,9.9
2005-03-17,9.9
2005-03-18,9.9
2005-03-19,9.9
2005-03-20,9.9
2005-03-21,9.9
2005-03-22,9.9
2005-03-23,9.9
2005-03-24,9.9
2005-03-25,9.9
2005-03-26,9.9
2005-03-27,9.9
2005-03-28,9.9
2005-03-29,9.9
2005-03-30,9.9
2005-03-31,9.9
2005-04-01,10.0
2005-04-02,10.0
2005-04-03,10.0
2005-04-04,10.0
2005-04-05,10.0
2005-04-06,10.0
2005-04-07,10.0
2005-04-08,10.0
2005-04-09,10.0
2005-04-10,10.0
2005-04-11,10.0
2005-04-12,10.0
2005-04-13,10.0
2005-04-14,10.0
2005-04-15,10.0
2005-04-16,10.0
2005-04-17,10.0
2005-04-18,10.0
2005-04-19,10.0
2005-04-20,10.0
2005-04-21,10.0
2005-04-22,10.0
2005-04-23,10.0
2005-04-24,10.0
2005-04-25,10.0
2005-04-26,10.0
2005-04-27,10.0
2005-04-28,10.0
2005-04-29,10.0
2005-04-30,10.0
2005-05-01,10.4
2005-05-02,10.4
2005-05-03,10.4
2005-05-04,10.4
2005-05-05,10.4
2005-05-06,10.4
2005-05-07,10.4
2005-05-08,10.4
2005-05-09,10.4
2005-05-10,10.4
2005-05-11,10.4
2005-05-12,10.4
2005-05-13,10.4
2005-05-14,10.4
2005-05-15,10.4
2005-05-16,10.4
2005-05-17,10.4
2005-05-18,10.4
2005-05-19,10.4
2005-05-20,10.4
2005-05-21,10.4
2005-05-22,10.4
2005-05-23,10.4
2005-05-24,10.4
2005-05-25,10.4
2005-05-26,10.4
2005-05-27,10.4
2005-05-28,10.4
2005-05-29,10.4
2005-05-30,10.4
2005-05-31,10.4
2005-06-01,11.25
2005-06-02,11.25
2005-06-03,11.25
2005-06-04,11.25
2005-06-05,11.25
2005-06-06,11.25
2005-06-07,11.25
2005-06-08,11.25
2005-06-09,11.25
2005-06-10,11.25
2005-06-11,11.25
2005-06-12,11.25
2005-06-13,11.25
2005-06-14,11.25
2005-06-15,11.25
2005-06-16,11.25
2005-06-17,11.25
2005-06-18,11.25
2005-06-19,11.25
2005-06-20,11.25
2005-06-21,11.25
2005-06-22,11.25
2005-06-23,11.25
2005-06-24,11.25
2005-06-25,11.25
2005-06-26,11.25
2005-06-27,11.25
2005-06-28,11.25
2005-06-29,11.25
2005-06-30,11.25
2005-07-01,11.0
2005-07-02,11.0
2005-07-03,11.0
2005-07-04,11.0
2005-07-05,11.0
2005-07-06,11.0
2005-07-07,11.0
2005-07-08,11.0
2005-07-09,11.0
2005-07-10,11.0
2005-07-11,11.0
2005-07-12,11.0
2005-07-13,11.0
2005-07-14,11.0
2005-07-15,11.0
2005-07-16,11.0
2005-07-17,11.0
2005-07-18,11.0
2005-07-19,11.0
2005-07-20,11.0
2005-07-21,11.0
2005-07-22,11.0
2005-07-23,11.0
2005-07-24,11.0
2005-07-25,11.0
2005-07-26,11.0
2005-07-27,11.0
2005-07-28,11.0
2005-07-29,11.0
2005-07-30,11.0
2005-07-31,11.0
2005-08-01,11.5
2005-08-02,11.5
2005-08-03,11.5
2005-08-04,11.5
2005-08-05,11.5
2005-08-06,11.5
2005-08-07,11.5
2005-08-08,11.5
2005-08-09,11.5
2005-08-10,11.5
2005-08-11,11.5
2005-08-12,11.5
2005-08-13,11.5
2005-08-14,11.5
2005-08-15,11.5
2005-08-16,11.5
2005-08-17,11.5
2005-08-18,11.5
2005-08-19,11.5
2005-08-20,11.5
2005-08-21,11.5
2005-08-22,11.5
2005-08-23,11.5
2005-08-24,11.5
2005-08-25,11.5
2005-08-26,11.5
2005-08-27,11.5
2005-08-28,11.5
2005-08-29,11.5
2005-08-30,11.5
2005-08-31,11.5
2005-09-01,11.64
2005-09-02,11.64
2005-09-03,11.64
2005-09-04,11.64
2005-09-05,11.64
2005-09-06,11.64
2005-09-07,11.64
2005-09-08,11.64
2005-09-09,11.64
2005-09-10,11.64
2005-09-11,11.64
2005-09-12,11.64
2005-09-13,11.64
2005-09-14,11.64
2005-09-15,11.64
2005-09-16,11.64
2005-09-17,11.64
2005-09-18,11.64
2005-09-19,11.64
2005-09-20,11.64
2005-09-21,11.64
2005-09-22,11.64
2005-09-23,11.64
2005-09-24,11.64
2005-09-25,11.64
2005-09-26,11.64
2005-09-27,11.64
2005-09-28,11.64
2005-09-29,11.64
2005-09-30,11.64
2005-10-01,12.08
2005-10-02,12.08
2005-10-03,12.08
2005-10-04,12.08
2005-10-05,12.08
2005-10-06,12.08
2005-10-07,12.08
2005-10-08,12.08
2005-10-09,12.08
2005-10-10,12.08
2005-10-11,12.08
2005-10-12,12.08
2005-10-13,12.08
2005-10-14,12.08
2005-10-15,12.08
2005-10-16,12.08
2005-10-17,12.08
2005-10-18,12.08
2005-10-19,12.08
2005-10-20,12.08
2005-10-21,12.08
2005-10-22,12.08
2005-10-23,12.08
2005-10-24,12.08
2005-10-25,12.08
2005-10-26,12.08
2005-10-27,12.08
2005-10-28,12.08
2005-10-29,12.08
2005-10-30,12.08
2005-10-31,12.08
2005-11-01,12.7
2005-11-02,12.7
2005-11-03,12.7
2005-11-04,12.7
2005-11-05,12.7
2005-11-06,12.7
2005-11-07,12.7
2005-11-08,12.7
2005-11-09,12.7
2005-11-10,12.7
2005-11-11,12.7
2005-11-12,12.7
2005-11-13,12.7
2005-11-14,12.7
2005-11-15,12.7
2005-11-16,12.7
2005-11-17,12.7
2005-11-18,12.7
2005-11-19,12.7
2005-11-20,12.7
2005-11-21,12.7
2005-11-22,12.7
2005-11-23,12.7
2005-11-24,12.7
2005-11-25,12.7
2005-11-26,12.7
2005-11-27,12.7
2005-11-28,12.7
2005-11-29,12.7
2005-11-30,12.7
2005-12-01,11.78
2005-12-02,11.78
2005-12-03,11.78
2005-12-04,11.78
2005-12-05,11.78
2005-12-06,11.78
2005-12-07,11.78
2005-12-08,11.78
2005-12-09,11.78
2005-12-10,11.78
2005-12-11,11.78
2005-12-12,11.78
2005-12-13,11.78
2005-12-14,11.78
2005-12-15,11.78
2005-12-16,11.78
2005-12-17,11.78
2005-12-18,11.78
2005-12-19,11.78
2005-12-20,11.78
2005-12-21,11.78
2005-12-22,11.78
2005-12-23,11.78
2005-12-24,11.78
2005-12-25,11.78
2005-12-26,11.78
2005-12-27,11.78
2005-12-28,11.78
2005-12-29,11.78
2005-12-30,11.78
2005-12-31,11.78
2006-01-01,10.63
2006-01-02,10.63
2006-01-03,10.63
2006-01-04,10.63
2006-01-05,10.63
2006-01-06,10.63
2006-01-07,10.63
2006-01-08,10.63
2006-01-09,10.63
2006-01-10,10.63
2006-01-11,10.63
2006-01-12,10.63
2006-01-13,10.63
2006-01-14,10.63
2006-01-15,10.63
2006-01-16,10.63
2006-01-17,10.63
2006-01-18,10.63
2006-01-19,10.63
2006-01-20,10.63
2006-01-21,10.63
2006-01-22,10.63
2006-01-23,10.63
2006-01-24,10.63
2006-01-25,10.63
2006-01-26,10.63
2006-01-27,10.63
2006-01-28,10.63
2006-01-29,10.63
2006-01-30,10.63
2006-01-31,10.63
2006-02-01,12.4
2006-02-02,12.4
2006-02-03,12.4
2006-02-04,12.4
2006-02-05,12.4
2006-02-06,12.4
2006-02-07,12.4
2006-02-08,12.4
2006-02-09,12.4
2006-02-10,12.4
2006-02-11,12.4
2006-02-12,12.4
2006-02-13,12.4
2006-02-14,12.4
2006-02-15,12.4
2006-02-16,12.4
2006-02-17,12.4
2006-02-18,12.4
2006-02-19,12.4
2006-02-20,12.4
2006-02-21,12.4
2006-02-22,12.4
2006-02-23,12.4
2006-02-24,12.4
2006-02-25,12.4
2006-02-26,12.4
2006-02-27,12.4
2006-02-28,12.4
2006-03-01,12.7
2006-03-02,12.7
2006-03-03,12.7
2006-03-04,12.7
2006-03-05,12.7
2006-03-06,12.7
2006-03-07,12.7
2006-03-08,12.7
2006-03-09,12.7
2006-03-10,12.7
2006-03-11,12.7
2006-03-12,12.7
2006-03-13,12.7
2006-03-14,12.7
2006-03-15,12.7
2006-03-16,12.7
2006-03-17,12.7
2006-03-18,12.7
2006-03-19,12.7
2006-03-20,12.7
2006-03-21,12.7
2006-03-22,12.7
2006-03-23,12.7
2006-03-24,12.7
2006-03-25,12.7
2006-03-26,12.7
2006-03-27,12.7
2006-03-28,12.7
2006-03-29,12.7
2006-03-30,12.7
2006-03-31,12.7
2006-04-01,12.5
2006-04-02,12.5
2006-04-03,12.5
2006-04-04,12.5
2006-04-05,12.5
2006-04-06,12.5
2006-04-07,12.5
2006-04-08,12.5
2006-04-09,12.5
2006-04-10,12.5
2006-04-11,12.5
2006-04-12,12.5
2006-04-13,12.5
2006-04-14,12.5
2006-04-15,12.5
2006-04-16,12.5
2006-04-17,12.5
2006-04-18,12.5
2006-04-19,12.5
2006-04-20,12.5
2006-04-21,12.5
2006-04-22,12.5
2006-04-23,12.5
2006-04-24,12.5
2006-04-25,12.5
2006-04-26,12.5
2006-04-27,12.5
2006-04-28,12.5
2006-04-29,12.5
2006-04-30,12.5
2006-05-01,14.01
2006-05-02,14.01
2006-05-03,14.01
2006-05-04,14.01
2006-05-05,14.01
2006-05-06,14.01
2006-05-07,14.01
2006-05-08,14.01
2006-05-09,14.01
2006-05-10,14.01
2006-05-11,14.01
2006-05-12,14.01
2006-05-13,14.01
2006-05-14,14.01
2006-05-15,14.01
2006-05-16,14.01
2006-05-17,14.01
2006-05-18,14.01
2006-05-19,14.01
2006-05-20,14.01
2006-05-21,14.01
2006-05-22,14.01
2006-05-23,14.01
2006-05-24,14.01
2006-05-25,14.01
2006-05-26,14.01
2006-05-27,14.01
2006-05-28,14.01
2006-05-29,14.01
2006-05-30,14.01
2006-05-31,14.01
2006-06-01,13.9
2006-06-02,13.9
2006-06-03,13.9
2006-06-04,13.9
2006-06-05,13.9
2006-06-06,13.9
2006-06-07,13.9
2006-06-08,13.9
2006-06-09,13.9
2006-06-10,13.9
2006-06-11,13.9
2006-06-12,13.9
2006-06-13,13.9
2006-06-14,13.9
2006-06-15,13.9
2006-06-16,13.9
2006-06-17,13.9
2006-06-18,13.9
2006-06-19,13.9
2006-06-20,13.9
2006-06-21,13.9
2006-06-22,13.9
2006-06-23,13.9
2006-06-24,13.9
2006-06-25,13.9
2006-06-26,13.9
2006-06-27,13.9
2006-06-28,13.9
2006-06-29,13.9
2006-06-30,13.9
2006-07-01,15.3
2006-07-02,15.3
2006-07-03,15.3
2006-07-04,15.3
2006-07-05,15.3
2006-07-06,15.3
2006-07-07,15.3
2006-07-08,15.3
2006-07-09,15.3
2006-07-10,15.3
2006-07-11,15.3
2006-07-12,15.3
2006-07-13,15.3
2006-07-14,15.3
2006-07-15,15.3
2006-07-16,15.3
2006-07-17,15.3
2006-07-18,15.3
2006-07-19,15.3
2006-07-20,15.3
2006-07-21,15.3
2006-07-22,15.3
2006-07-23,15.3
2006-07-24,15.3
2006-07-25,15.3
2006-07-26,15.3
2006-07-27,15.3
2006-07-28,15.3
2006-07-29,15.3
2006-07-30,15.3
2006-07-31,15.3
2006-08-01,15.6
2006-08-02,15.6
2006-08-03,15.6
2006-08-04,15.6
2006-08-05,15.6
2006-08-06,15.6
2006-08-07,15.6
2006-08-08,15.6
2006-08-09,15.6
2006-08-10,15.6
2006-08-11,15.6
2006-08-12,15.6
2006-08-13,15.6
2006-08-14,15.6
2006-08-15,15.6
2006-08-16,15.6
2006-08-17,15.6
2006-08-18,15.6
2006-08-19,15.6
2006-08-20,15.6
2006-08-21,15.6
2006-08-22,15.6
2006-08-23,15.6
2006-08-24,15.6
2006-08-25,15.6
2006-08-26,15.6
2006-08-27,15.6
2006-08-28,15.6
2006-08-29,15.6
2006-08-30,15.6
2006-08-31,15.6
2006-09-01,15.7
2006-09-02,15.7
2006-09-03,15.7
2006-09-04,15.7
2006-09-05,15.7
2006-09-06,15.7
2006-09-07,15.7
2006-09-08,15.7
2006-09-09,15.7
2006-09-10,15.7
2006-09-11,15.7
2006-09-12,15.7
2006-09-13,15.7
2006-09-14,15.7
2006-09-15,15.7
2006-09-16,15.7
2006-09-17,15.7
2006-09-18,15.7
2006-09-19,15.7
2006-09-20,15.7
2006-09-21,15.7
2006-09-22,15.7
2006-09-23,15.7
2006-09-24,15.7
2006-09-25,15.7
2006-09-26,15.7
2006-09-27,15.7
2006-09-28,15.7
2006-09-29,15.7
2006-09-30,15.7
2006-10-01,16.3
2006-10-02,16.3
2006-10-03,16.3
2006-10-04,16.3
2006-10-05,16.3
2006-10-06,16.3
2006-10-07,16.3
2006-10-08,16.3
2006-10-09,16.3
2006-10-10,16.3
2006-10-11,16.3
2006-10-12,16.3
2006-10-13,16.3
2006-10-14,16.3
2006-10-15,16.3
2006-10-16,16.3
2006-10-17,16.3
2006-10-18,16.3
2006-10-19,16.3
2006-10-20,16.3
2006-10-21,16.3
2006-10-22,16.3
2006-10-23,16.3
2006-10-24,16.3
2006-10-25,16.3
2006-10-26,16.3
2006-10-27,16.3
2006-10-28,16.3
2006-10-29,16.3
2006-10-30,16.3
2006-10-31,16.3
2006-11-01,16.8
2006-11-02,16.8
2006-11-03,16.8
2006-11-04,16.8
2006-11-05,16.8
2006-11-06,16.8
2006-11-07,16.8
2006-11-08,16.8
2006-11-09,16.8
2006-11-10,16.8
2006-11-11,16.8
2006-11-12,16.8
2006-11-13,16.8
2006-11-14,16.8
2006-11-15,16.8
2006-11-16,16.8
2006-11-17,16.8
2006-11-18,16.8
2006-11-19,16.8
2006-11-20,16.8
2006-11-21,16.8
2006-11-22,16.8
2006-11-23,16.8
2006-11-24,16.8
2006-11-25,16.8
2006-11-26,16.8
2006-11-27,16.8
2006-11-28,16.8
2006-11-29,16.8
2006-11-30,16.8
2006-12-01,17.48
2006-12-02,17.48
2006-12-03,17.48
2006-12-04,17.48
2006-12-05,17.48
2006-12-06,17.48
2006-12-07,17.48
2006-12-08,17.48
2006-12-09,17.48
2006-12-10,17.48
2006-12-11,17.48
2006-12-12,17.48
2006-12-13,17.48
2006-12-14,17.48
2006-12-15,17.48
2006-12-16,17.48
2006-12-17,17.48
2006-12-18,17.48
2006-12-19,17.48
2006-12-20,17.48
2006-12-21,17.48
2006-12-22,17.48
2006-12-23,17.48
2006-12-24,17.48
2006-12-25,17.48
2006-12-26,17.48
2006-12-27,17.48
2006-12-28,17.48
2006-12-29,17.48
2006-12-30,17.48
2006-12-31,17.48
2007-01-01,20.21
2007-01-02,20.21
2007-01-03,20.21
2007-01-04,20.21
2007-01-05,20.21
2007-01-06,20.21
2007-01-07,20.21
2007-01-08,20.21
2007-01-09,20.21
2007-01-10,20.21
2007-01-11,20.21
2007-01-12,20.21
2007-01-13,20.21
2007-01-14,20.21
2007-01-15,20.21
2007-01-16,20.21
2007-01-17,20.21
2007-01-18,20.21
2007-01-19,20.21
2007-01-20,20.21
2007-01-21,20.21
2007-01-22,20.21
2007-01-23,20.21
2007-01-24,20.21
2007-01-25,20.21
2007-01-26,20.21
2007-01-27,20.21
2007-01-28,20.21
2007-01-29,20.21
2007-01-30,20.21
2007-01-31,20.21
2007-02-01,21.0
2007-02-02,21.0
2007-02-03,21.0
2007-02-04,21.0
2007-02-05,21.0
2007-02-06,21.0
2007-02-07,21.0
2007-02-08,21.0
2007-02-09,21.0
2007-02-10,21.0
2007-02-11,21.0
2007-02-12,21.0
2007-02-13,21.0
2007-02-14,21.0
2007-02-15,21.0
2007-02-16,21.0
2007-02-17,21.0
2007-02-18,21.0
2007-02-19,21.0
2007-02-20,21.0
2007-02-21,21.0
2007-02-22,21.0
2007-02-23,21.0
2007-02-24,21.0
2007-02-25,21.0
2007-02-26,21.0
2007-02-27,21.0
2007-02-28,21.0
2007-03-01,19.8
2007-03-02,19.8
2007-03-03,19.8
2007-03-04,19.8
2007-03-05,19.8
2007-03-06,19.8
2007-03-07,19.8
2007-03-08,19.8
2007-03-09,19.8
2007-03-10,19.8
2007-03-11,19.8
2007-03-12,19.8
2007-03-13,19.8
2007-03-14,19.8
2007-03-15,19.8
2007-03-16,19.8
2007-03-17,19.8
2007-03-18,19.8
2007-03-19,19.8
2007-03-20,19.8
2007-03-21,19.8
2007-03-22,19.8
2007-03-23,19.8
2007-03-24,19.8
2007-03-25,19.8
2007-03-26,19.8
2007-03-27,19.8
2007-03-28,19.8
2007-03-29,19.8
2007-03-30,19.8
2007-03-31,19.8
2007-04-01,20.0
2007-04-02,20.0
2007-04-03,20.0
2007-04-04,20.0
2007-04-05,20.0
2007-04-06,20.0
2007-04-07,20.0
2007-04-08,20.0
2007-04-09,20.0
2007-04-10,20.0
2007-04-11,20.0
2007-04-12,20.0
2007-04-13,20.0
2007-04-14,20.0
2007-04-15,20.0
2007-04-16,20.0
2007-04-17,20.0
2007-04-18,20.0
2007-04-19,20.0
2007-04-20,20.0
2007-04-21,20.0
2007-04-22,20.0
2007-04-23,20.0
2007-04-24,20.0
2007-04-25,20.0
2007-04-26,20.0
2007-04-27,20.0
2007-04-28,20.0
2007-04-29,20.0
2007-04-30,20.0
2007-05-01,19.28
2007-05-02,19.28
2007-05-03,19.28
2007-05-04,19.28
2007-05-05,19.28
2007-05-06,19.28
2007-05-07,19.28
2007-05-08,19.28
2007-05-09,19.28
2007-05-10,19.28
2007-05-11,19.28
2007-05-12,19.28
2007-05-13,19.28
2007-05-14,19.28
2007-05-15,19.28
2007-05-16,19.28
2007-05-17,19.28
2007-05-18,19.28
2007-05-19,19.28
2007-05-20,19.28
2007-05-21,19.28
2007-05-22,19.28
2007-05-23,19.28
2007-05-24,19.28
2007-05-25,19.28
2007-05-26,19.28
2007-05-27,19.28
2007-05-28,19.28
2007-05-29,19.28
2007-05-30,19.28
2007-05-31,19.28
2007-06-01,20.92
2007-06-02,20.92
2007-06-03,20.92
2007-06-04,20.92
2007-06-05,20.92
2007-06-06,20.92
2007-06-07,20.92
2007-06-08,20.92
2007-06-09,20.92
2007-06-10,20.92
2007-06-11,20.92
2007-06-12,20.92
2007-06-13,20.92
2007-06-14,20.92
2007-06-15,20.92
2007-06-16,20.92
2007-06-17,20.92
2007-06-18,20.92
2007-06-19,20.92
2007-06-20,20.92
2007-06-21,20.92
2007-06-22,20.92
2007-06-23,20.92
2007-06-24,20.92
2007-06-25,20.92
2007-06-26,20.92
2007-06-27,20.92
2007-06-28,20.92
2007-06-29,20.92
2007-06-30,20.92
2007-07-01,20.9
2007-07-02,20.9
2007-07-03,20.9
2007-07-04,20.9
2007-07-05,20.9
2007-07-06,20.9
2007-07-07,20.9
2007-07-08,20.9
2007-07-09,20.9
2007-07-10,20.9
2007-07-11,20.9
2007-07-12,20.9
2007-07-13,20.9
2007-07-14,20.9
2007-07-15,20.9
2007-07-16,20.9
2007-07-17,20.9
2007-07-18,20.9
2007-07-19,20.9
2007-07-20,20.9
2007-07-21,20.9
2007-07-22,20.9
2007-07-23,20.9
2007-07-24,20.9
2007-07-25,20.9
2007-07-26,20.9
2007-07-27,20.9
2007-07-28,20.9
2007-07-29,20.9
2007-07-30,20.9
2007-07-31,20.9
2007-08-01,22.8
2007-08-02,22.8
2007-08-03,22.8
2007-08-04,22.8
2007-08-05,22.8
2007-08-06,22.8
2007-08-07,22.8
2007-08-08,22.8
2007-08-09,22.8
2007-08-10,22.8
2007-08-11,22.8
2007-08-12,22.8
2007-08-13,22.8
2007-08-14,22.8
2007-08-15,22.8
2007-08-16,22.8
2007-08-17,22.8
2007-08-18,22.8
2007-08-19,22.8
2007-08-20,22.8
2007-08-21,22.8
2007-08-22,22.8
2007-08-23,22.8
2007-08-24,22.8
2007-08-25,22.8
2007-08-26,22.8
2007-08-27,22.8
2007-08-28,22.8
2007-08-29,22.8
2007-08-30,22.8
2007-08-31,22.8
2007-09-01,22.07
2007-09-02,22.07
2007-09-03,22.07
2007-09-04,22.07
2007-09-05,22.07
2007-09-06,22.07
2007-09-07,22.07
2007-09-08,22.07
2007-09-09,22.07
2007-09-10,22.07
2007-09-11,22.07
2007-09-12,22.07
2007-09-13,22.07
2007-09-14,22.07
2007-09-15,22.07
2007-09-16,22.07
2007-09-17,22.07
2007-09-18,22.07
2007-09-19,22.07
2007-09-20,22.07
2007-09-21,22.07
2007-09-22,22.07
2007-09-23,22.07
2007-09-24,22.07
2007-09-25,22.07
2007-09-26,22.07
2007-09-27,22.07
2007-09-28,22.07
2007-09-29,22.07
2007-09-30,22.07
2007-10-01,22.21
2007-10-02,22.21
2007-10-03,22.21
2007-10-04,22.21
2007-10-05,22.21
2007-10-06,22.21
2007-10-07,22.21
2007-10-08,22.21
2007-10-09,22.21
2007-10-10,22.21
2007-10-11,22.21
2007-10-12,22.21
2007-10-13,22.21
2007-10-14,22.21
2007-10-15,22.21
2007-10-16,22.21
2007-10-17,22.21
2007-10-18,22.21
2007-10-19,22.21
2007-10-20,22.21
2007-10-21,22.21
2007-10-22,22.21
2007-10-23,22.21
2007-10-24,22.21
2007-10-25,22.21
2007-10-26,22.21
2007-10-27,22.21
2007-10-28,22.21
2007-10-29,22.21
2007-10-30,22.21
2007-10-31,22.21
2007-11-01,21.67
2007-11-02,21.67
2007-11-03,21.67
2007-11-04,21.67
2007-11-05,21.67
2007-11-06,21.67
2007-11-07,21.67
2007-11-08,21.67
2007-11-09,21.67
2007-11-10,21.67
2007-11-11,21.67
2007-11-12,21.67
2007-11-13,21.67
2007-11-14,21.67
2007-11-15,21.67
2007-11-16,21.67
2007-11-17,21.67
2007-11-18,21.67
2007-11-19,21.67
2007-11-20,21.67
2007-11-21,21.67
2007-11-22,21.67
2007-11-23,21.67
2007-11-24,21.67
2007-11-25,21.67
2007-11-26,21.67
2007-11-27,21.67
2007-11-28,21.67
2007-11-29,21.67
2007-11-30,21.67
2007-12-01,21.01
2007-12-02,21.01
2007-12-03,21.01
2007-12-04,21.01
2007-12-05,21.01
2007-12-06,21.01
2007-12-07,21.01
2007-12-08,21.01
2007-12-09,21.01
2007-12-10,21.01
2007-12-11,21.01
2007-12-12,21.01
2007-12-13,21.01
2007-12-14,21.01
2007-12-15,21.01
2007-12-16,21.01
2007-12-17,21.01
2007-12-18,21.01
2007-12-19,21.01
2007-12-20,21.01
2007-12-21,21.01
2007-12-22,21.01
2007-12-23,21.01
2007-12-24,21.01
2007-12-25,21.01
2007-12-26,21.01
2007-12-27,21.01
2007-12-28,21.01
2007-12-29,21.01
2007-12-30,21.01
2007-12-31,21.01
2008-01-01,20.72
2008-01-02,20.72
2008-01-03,20.72
2008-01-04,20.72
2008-01-05,20.72
2008-01-06,20.72
2008-01-07,20.72
2008-01-08,20.72
2008-01-09,20.72
2008-01-10,20.72
2008-01-11,20.72
2008-01-12,20.72
2008-01-13,20.72
2008-01-14,20.72
2008-01-15,20.72
2008-01-16,20.72
2008-01-17,20.72
2008-01-18,20.72
2008-01-19,20.72
2008-01-20,20.72
2008-01-21,20.72
2008-01-22,20.72
2008-01-23,20.72
2008-01-24,20.72
2008-01-25,20.72
2008-01-26,20.72
2008-01-27,20.72
2008-01-28,20.72
2008-01-29,20.72
2008-01-30,20.72
2008-01-31,20.72
2008-02-01,19.2
2008-02-02,19.2
2008-02-03,19.2
2008-02-04,19.2
2008-02-05,19.2
2008-02-06,19.2
2008-02-07,19.2
2008-02-08,19.2
2008-02-09,19.2
2008-02-10,19.2
2008-02-11,19.2
2008-02-12,19.2
2008-02-13,19.2
2008-02-14,19.2
2008-02-15,19.2
2008-02-16,19.2
2008-02-17,19.2
2008-02-18,19.2
2008-02-19,19.2
2008-02-20,19.2
2008-02-21,19.2
2008-02-22,19.2
2008-02-23,19.2
2008-02-24,19.2
2008-02-25,19.2
2008-02-26,19.2
2008-02-27,19.2
2008-02-28,19.2
2008-02-29,19.2
2008-03-01,18.25
2008-03-02,18.25
2008-03-03,18.25
2008-03-04,18.25
2008-03-05,18.25
2008-03-06,18.25
2008-03-07,18.25
2008-03-08,18.25
2008-03-09,18.25
2008-03-10,18.25
2008-03-11,18.25
2008-03-12,18.25
2008-03-13,18.25
2008-03-14,18.25
2008-03-15,18.25
2008-03-16,18.25
2008-03-17,18.25
2008-03-18,18.25
2008-03-19,18.25
2008-03-20,18.25
2008-03-21,18.25
2008-03-22,18.25
2008-03-23,18.25
2008-03-24,18.25
2008-03-25,18.25
2008-03-26,18.25
2008-03-27,18.25
2008-03-28,18.25
2008-03-29,18.25
2008-03-30,18.25
2008-03-31,18.25
2008-04-01,19.05
2008-04-02,19.05
2008-04-03,19.05
2008-04-04,19.05
2008-04-05,19.05
2008-04-06,19.05
2008-04-07,19.05
2008-04-08,19.05
2008-04-09,19.05
2008-04-10,19.05
2008-04-11,19.05
2008-04-12,19.05
2008-04-13,19.05
2008-04-14,19.05
2008-04-15,19.05
2008-04-16,19.05
2008-04-17,19.05
2008-04-18,19.05
2008-04-19,19.05
2008-04-20,19.05
2008-04-21,19.05
2008-04-22,19.05
2008-04-23,19.05
2008-04-24,19.05
2008-04-25,19.05
2008-04-26,19.05
2008-04-27,19.05
2008-04-28,19.05
2008-04-29,19.05
2008-04-30,19.05
2008-05-01,17.93
2008-05-02,17.93
2008-05-03,17.93
2008-05-04,17.93
2008-05-05,17.93
2008-05-06,17.93
2008-05-07,17.93
2008-05-08,17.93
2008-05-09,17.93
2008-05-10,17.93
2008-05-11,17.93
2008-05-12,17.93
2008-05-13,17.93
2008-05-14,17.93
2008-05-15,17.93
2008-05-16,17.93
2008-05-17,17.93
2008-05-18,17.93
2008-05-19,17.93
2008-05-20,17.93
2008-05-21,17.93
2008-05-22,17.93
2008-05-23,17.93
2008-05-24,17.93
2008-05-25,17.93
2008-05-26,17.93
2008-05-27,17.93
2008-05-28,17.93
2008-05-29,17.93
2008-05-30,17.93
2008-05-31,17.93
2008-06-01,14.19
2008-06-02,14.19
2008-06-03,14.19
2008-06-04,14.19
2008-06-05,14.19
2008-06-06,14.19
2008-06-07,14.19
2008-06-08,14.19
2008-06-09,14.19
2008-06-10,14.19
2008-06-11,14.19
2008-06-12,14.19
2008-06-13,14.19
2008-06-14,14.19
2008-06-15,14.19
2008-06-16,14.19
2008-06-17,14.19
2008-06-18,14.19
2008-06-19,14.19
2008-06-20,14.19
2008-06-21,14.19
2008-06-22,14.19
2008-06-23,14.19
2008-06-24,14.19
2008-06-25,14.19
2008-06-26,14.19
2008-06-27,14.19
2008-06-28,14.19
2008-06-29,14.19
2008-06-30,14.19
2008-07-01,13.96
2008-07-02,13.96
2008-07-03,13.96
2008-07-04,13.96
2008-07-05,13.96
2008-07-06,13.96
2008-07-07,13.96
2008-07-08,13.96
2008-07-09,13.96
2008-07-10,13.96
2008-07-11,13.96
2008-07-12,13.96
2008-07-13,13.96
2008-07-14,13.96
2008-07-15,13.96
2008-07-16,13.96
2008-07-17,13.96
2008-07-18,13.96
2008-07-19,13.96
2008-07-20,13.96
2008-07-21,13.96
2008-07-22,13.96
2008-07-23,13.96
2008-07-24,13.96
2008-07-25,13.96
2008-07-26,13.96
2008-07-27,13.96
2008-07-28,13.96
2008-07-29,13.96
2008-07-30,13.96
2008-07-31,13.96
2008-08-01,11.48
2008-08-02,11.48
2008-08-03,11.48
2008-08-04,11.48
2008-08-05,11.48
2008-08-06,11.48
2008-08-07,11.48
2008-08-08,11.48
2008-08-09,11.48
2008-08-10,11.48
2008-08-11,11.48
2008-08-12,11.48
2008-08-13,11.48
2008-08-14,11.48
2008-08-15,11.48
2008-08-16,11.48
2008-08-17,11.48
2008-08-18,11.48
2008-08-19,11.48
2008-08-20,11.48
2008-08-21,11.48
2008-08-22,11.48
2008-08-23,11.48
2008-08-24,11.48
2008-08-25,11.48
2008-08-26,11.48
2008-08-27,11.48
2008-08-28,11.48
2008-08-29,11.48
2008-08-30,11.48
2008-08-31,11.48
2008-09-01,9.43
2008-09-02,9.43
2008-09-03,9.43
2008-09-04,9.43
2008-09-05,9.43
2008-09-06,9.43
2008-09-07,9.43
2008-09-08,9.43
2008-09-09,9.43
2008-09-10,9.43
2008-09-11,9.43
2008-09-12,9.43
2008-09-13,9.43
2008-09-14,9.43
2008-09-15,9.43
2008-09-16,9.43
2008-09-17,9.43
2008-09-18,9.43
2008-09-19,9.43
2008-09-20,9.43
2008-09-21,9.43
2008-09-22,9.43
2008-09-23,9.43
2008-09-24,9.43
2008-09-25,9.43
2008-09-26,9.43
2008-09-27,9.43
2008-09-28,9.43
2008-09-29,9.43
2008-09-30,9.43
2008-10-01,8.85
2008-10-02,8.85
2008-10-03,8.85
2008-10-04,8.85
2008-10-05,8.85
2008-10-06,8.85
2008-10-07,8.85
2008-10-08,8.85
2008-10-09,8.85
2008-10-10,8.85
2008-10-11,8.85
2008-10-12,8.85
2008-10-13,8.85
2008-10-14,8.85
2008-10-15,8.85
2008-10-16,8.85
2008-10-17,8.85
2008-10-18,8.85
2008-10-19,8.85
2008-10-20,8.85
2008-10-21,8.85
2008-10-22,8.85
2008-10-23,8.85
2008-10-24,8.85
2008-10-25,8.85
2008-10-26,8.85
2008-10-27,8.85
2008-10-28,8.85
2008-10-29,8.85
2008-10-30,8.85
2008-10-31,8.85
2008-11-01,6.8
2008-11-02,6.8
2008-11-03,6.8
2008-11-04,6.8
2008-11-05,6.8
2008-11-06,6.8
2008-11-07,6.8
2008-11-08,6.8
2008-11-09,6.8
2008-11-10,6.8
2008-11-11,6.8
2008-11-12,6.8
2008-11-13,6.8
2008-11-14,6.8
2008-11-15,6.8
2008-11-16,6.8
2008-11-17,6.8
2008-11-18,6.8
2008-11-19,6.8
2008-11-20,6.8
2008-11-21,6.8
2008-11-22,6.8
2008-11-23,6.8
2008-11-24,6.8
2008-11-25,6.8
2008-11-26,6.8
2008-11-27,6.8
2008-11-28,6.8
2008-11-29,6.8
2008-11-30,6.8
2008-12-01,9.06
2008-12-02,9.06
2008-12-03,9.06
2008-12-04,9.06
2008-12-05,9.06
2008-12-06,9.06
2008-12-07,9.06
2008-12-08,9.06
2008-12-09,9.06
2008-12-10,9.06
2008-12-11,9.06
2008-12-12,9.06
2008-12-13,9.06
2008-12-14,9.06
2008-12-15,9.06
2008-12-16,9.06
2008-12-17,9.06
2008-12-18,9.06
2008-12-19,9.06
2008-12-20,9.06
2008-12-21,9.06
2008-12-22,9.06
2008-12-23,9.06
2008-12-24,9.06
2008-12-25,9.06
2008-12-26,9.06
2008-12-27,9.06
2008-12-28,9.06
2008-12-29,9.06
2008-12-30,9.06
2008-12-31,9.06
2009-01-01,6.68
2009-01-02,6.68
2009-01-03,6.68
2009-01-04,6.68
2009-01-05,6.68
2009-01-06,6.68
2009-01-07,6.68
2009-01-08,6.68
2009-01-09,6.68
2009-01-10,6.68
2009-01-11,6.68
2009-01-12,6.68
2009-01-13,6.68
2009-01-14,6.68
2009-01-15,6.68
2009-01-16,6.68
2009-01-17,6.68
2009-01-18,6.68
2009-01-19,6.68
2009-01-20,6.68
2009-01-21,6.68
2009-01-22,6.68
2009-01-23,6.68
2009-01-24,6.68
2009-01-25,6.68
2009-01-26,6.68
2009-01-27,6.68
2009-01-28,6.68
2009-01-29,6.68
2009-01-30,6.68
2009-01-31,6.68
2009-02-01,10.87
2009-02-02,10.87
2009-02-03,10.87
2009-02-04,10.87
2009-02-05,10.87
2009-02-06,10.87
2009-02-07,10.87
2009-02-08,10.87
2009-02-09,10.87
2009-02-10,10.87
2009-02-11,10.87
2009-02-12,10.87
2009-02-13,10.87
2009-02-14,10.87
2009-02-15,10.87
2009-02-16,10.87
2009-02-17,10.87
2009-02-18,10.87
2009-02-19,10.87
2009-02-20,10.87
2009-02-21,10.87
2009-02-22,10.87
2009-02-23,10.87
2009-02-24,10.87
2009-02-25,10.87
2009-02-26,10.87
2009-02-27,10.87
2009-02-28,10.87
2009-03-01,17.04
2009-03-02,17.04
2009-03-03,17.04
2009-03-04,17.04
2009-03-05,17.04
2009-03-06,17.04
2009-03-07,17.04
2009-03-08,17.04
2009-03-09,17.04
2009-03-10,17.04
2009-03-11,17.04
2009-03-12,17.04
2009-03-13,17.04
2009-03-14,17.04
2009-03-15,17.04
2009-03-16,17.04
2009-03-17,17.04
2009-03-18,17.04
2009-03-19,17.04
2009-03-20,17.04
2009-03-21,17.04
2009-03-22,17.04
2009-03-23,17.04
2009-03-24,17.04
2009-03-25,17.04
2009-03-26,17.04
2009-03-27,17.04
2009-03-28,17.04
2009-03-29,17.04
2009-03-30,17.04
2009-03-31,17.04
2009-04-01,17.48
2009-04-02,17.48
2009-04-03,17.48
2009-04-04,17.48
2009-04-05,17.48
2009-04-06,17.48
2009-04-07,17.48
2009-04-08,17.48
2009-04-09,17.48
2009-04-10,17.48
2009-04-11,17.48
2009-04-12,17.48
2009-04-13,17.48
2009-04-14,17.48
2009-04-15,17.48
2009-04-16,17.48
2009-04-17,17.48
2009-04-18,17.48
2009-04-19,17.48
2009-04-20,17.48
2009-04-21,17.48
2009-04-22,17.48
2009-04-23,17.48
2009-04-24,17.48
2009-04-25,17.48
2009-04-26,17.48
2009-04-27,17.48
2009-04-28,17.48
2009-04-29,17.48
2009-04-30,17.48
2009-05-01,18.69
2009-05-02,18.69
2009-05-03,18.69
2009-05-04,18.69
2009-05-05,18.69
2009-05-06,18.69
2009-05-07,18.69
2009-05-08,18.69
2009-05-09,18.69
2009-05-10,18.69
2009-05-11,18.69
2009-05-12,18.69
2009-05-13,18.69
2009-05-14,18.69
2009-05-15,18.69
2009-05-16,18.69
2009-05-17,18.69
2009-05-18,18.69
2009-05-19,18.69
2009-05-20,18.69
2009-05-21,18.69
2009-05-22,18.69
2009-05-23,18.69
2009-05-24,18.69
2009-05-25,18.69
2009-05-26,18.69
2009-05-27,18.69
2009-05-28,18.69
2009-05-29,18.69
2009-05-30,18.69
2009-05-31,18.69
2009-06-01,24.79
2009-06-02,24.79
2009-06-03,24.79
2009-06-04,24.79
2009-06-05,24.79
2009-06-06,24.79
2009-06-07,24.79
2009-06-08,24.79
2009-06-09,24.79
2009-06-10,24.79
2009-06-11,24.79
2009-06-12,24.79
2009-06-13,24.79
2009-06-14,24.79
2009-06-15,24.79
2009-06-16,24.79
2009-06-17,24.79
2009-06-18,24.79
2009-06-19,24.79
2009-06-20,24.79
2009-06-21,24.79
2009-06-22,24.79
2009-06-23,24.79
2009-06-24,24.79
2009-06-25,24.79
2009-06-26,24.79
2009-06-27,24.79
2009-06-28,24.79
2009-06-29,24.79
2009-06-30,24.79
2009-07-01,26.37
2009-07-02,26.37
2009-07-03,26.37
2009-07-04,26.37
2009-07-05,26.37
2009-07-06,26.37
2009-07-07,26.37
2009-07-08,26.37
2009-07-09,26.37
2009-07-10,26.37
2009-07-11,26.37
2009-07-12,26.37
2009-07-13,26.37
2009-07-14,26.37
2009-07-15,26.37
2009-07-16,26.37
2009-07-17,26.37
2009-07-18,26.37
2009-07-19,26.37
2009-07-20,26.37
2009-07-21,26.37
2009-07-22,26.37
2009-07-23,26.37
2009-07-24,26.37
2009-07-25,26.37
2009-07-26,26.37
2009-07-27,26.37
2009-07-28,26.37
2009-07-29,26.37
2009-07-30,26.37
2009-07-31,26.37
2009-08-01,27.72
2009-08-02,27.72
2009-08-03,27.72
2009-08-04,27.72
2009-08-05,27.72
2009-08-06,27.72
2009-08-07,27.72
2009-08-08,27.72
2009-08-09,27.72
2009-08-10,27.72
2009-08-11,27.72
2009-08-12,27.72
2009-08-13,27.72
2009-08-14,27.72
2009-08-15,27.72
2009-08-16,27.72
2009-08-17,27.72
2009-08-18,27.72
2009-08-19,27.72
2009-08-20,27.72
2009-08-21,27.72
2009-08-22,27.72
2009-08-23,27.72
2009-08-24,27.72
2009-08-25,27.72
2009-08-26,27.72
2009-08-27,27.72
2009-08-28,27.72
2009-08-29,27.72
2009-08-30,27.72
2009-08-31,27.72
2009-09-01,29.51
2009-09-02,29.51
2009-09-03,29.51
2009-09-04,29.51
2009-09-05,29.51
2009-09-06,29.51
2009-09-07,29.51
2009-09-08,29.51
2009-09-09,29.51
2009-09-10,29.51
2009-09-11,29.51
2009-09-12,29.51
2009-09-13,29.51
2009-09-14,29.51
2009-09-15,29.51
2009-09-16,29.51
2009-09-17,29.51
2009-09-18,29.51
2009-09-19,29.51
2009-09-20,29.51
2009-09-21,29.51
2009-09-22,29.51
2009-09-23,29.51
2009-09-24,29.51
2009-09-25,29.51
2009-09-26,29.51
2009-09-27,29.51
2009-09-28,29.51
2009-09-29,29.51
2009-09-30,29.51
2009-10-01,32.03
2009-10-02,32.03
2009-10-03,32.03
2009-10-04,32.03
2009-10-05,32.03
2009-10-06,32.03
2009-10-07,32.03
2009-10-08,32.03
2009-10-09,32.03
2009-10-10,32.03
2009-10-11,32.03
2009-10-12,32.03
2009-10-13,32.03
2009-10-14,32.03
2009-10-15,32.03
2009-10-16,32.03
2009-10-17,32.03
2009-10-18,32.03
2009-10-19,32.03
2009-10-20,32.03
2009-10-21,32.03
2009-10-22,32.03
2009-10-23,32.03
2009-10-24,32.03
2009-10-25,32.03
2009-10-26,32.03
2009-10-27,32.03
2009-10-28,32.03
2009-10-29,32.03
2009-10-30,32.03
2009-10-31,32.03
2009-11-01,34.63
2009-11-02,34.63
2009-11-03,34.63
2009-11-04,34.63
2009-11-05,34.63
2009-11-06,34.63
2009-11-07,34.63
2009-11-08,34.63
2009-11-09,34.63
2009-11-10,34.63
2009-11-11,34.63
2009-11-12,34.63
2009-11-13,34.63
2009-11-14,34.63
2009-11-15,34.63
2009-11-16,34.63
2009-11-17,34.63
2009-11-18,34.63
2009-11-19,34.63
2009-11-20,34.63
2009-11-21,34.63
2009-11-22,34.63
2009-11-23,34.63
2009-11-24,34.63
2009-11-25,34.63
2009-11-26,34.63
2009-11-27,34.63
2009-11-28,34.63
2009-11-29,34.63
2009-11-30,34.63
2009-12-01,32.35
2009-12-02,32.35
2009-12-03,32.35
2009-12-04,32.35
2009-12-05,32.35
2009-12-06,32.35
2009-12-07,32.35
2009-12-08,32.35
2009-12-09,32.35
2009-12-10,32.35
2009-12-11,32.35
2009-12-12,32.35
2009-12-13,32.35
2009-12-14,32.35
2009-12-15,32.35
2009-12-16,32.35
2009-12-17,32.35
2009-12-18,32.35
2009-12-19,32.35
2009-12-20,32.35
2009-12-21,32.35
2009-12-22,32.35
2009-12-23,32.35
2009-12-24,32.35
2009-12-25,32.35
2009-12-26,32.35
2009-12-27,32.35
2009-12-28,32.35
2009-12-29,32.35
2009-12-30,32.35
2009-12-31,32.35
2010-01-01,38.96
2010-01-02,38.96
2010-01-03,38.96
2010-01-04,38.96
2010-01-05,38.96
2010-01-06,38.96
2010-01-07,38.96
2010-01-08,38.96
2010-01-09,38.96
2010-01-10,38.96
2010-01-11,38.96
2010-01-12,38.96
2010-01-13,38.96
2010-01-14,38.96
2010-01-15,38.96
2010-01-16,38.96
2010-01-17,38.96
2010-01-18,38.96
2010-01-19,38.96
2010-01-20,38.96
2010-01-21,38.96
2010-01-22,38.96
2010-01-23,38.96
2010-01-24,38.96
2010-01-25,38.96
2010-01-26,38.96
2010-01-27,38.96
2010-01-28,38.96
2010-01-29,38.96
2010-01-30,38.96
2010-01-31,38.96
2010-02-01,34.99
2010-02-02,34.99
2010-02-03,34.99
2010-02-04,34.99
2010-02-05,34.99
2010-02-06,34.99
2010-02-07,34.99
2010-02-08,34.99
2010-02-09,34.99
2010-02-10,34.99
2010-02-11,34.99
2010-02-12,34.99
2010-02-13,34.99
2010-02-14,34.99
2010-02-15,34.99
2010-02-16,34.99
2010-02-17,34.99
2010-02-18,34.99
2010-02-19,34.99
2010-02-20,34.99
2010-02-21,34.99
2010-02-22,34.99
2010-02-23,34.99
2010-02-24,34.99
2010-02-25,34.99
2010-02-26,34.99
2010-02-27,34.99
2010-02-28,34.99
2010-03-01,29.94
2010-03-02,29.94
2010-03-03,29.94
2010-03-04,29.94
2010-03-05,29.94
2010-03-06,29.94
2010-03-07,29.94
2010-03-08,29.94
2010-03-09,29.94
2010-03-10,29.94
2010-03-11,29.94
2010-03-12,29.94
2010-03-13,29.94
2010-03-14,29.94
2010-03-15,29.94
2010-03-16,29.94
2010-03-17,29.94
2010-03-18,29.94
2010-03-19,29.94
2010-03-20,29.94
2010-03-21,29.94
2010-03-22,29.94
2010-03-23,29.94
2010-03-24,29.94
2010-03-25,29.94
2010-03-26,29.94
2010-03-27,29.94
2010-03-28,29.94
2010-03-29,29.94
2010-03-30,29.94
2010-03-31,29.94
2010-04-01,31.25
2010-04-02,31.25
2010-04-03,31.25
2010-04-04,31.25
2010-04-05,31.25
2010-04-06,31.25
2010-04-07,31.25
2010-04-08,31.25
2010-04-09,31.25
2010-04-10,31.25
2010-04-11,31.25
2010-04-12,31.25
2010-04-13,31.25
2010-04-14,31.25
2010-04-15,31.25
2010-04-16,31.25
2010-04-17,31.25
2010-04-18,31.25
2010-04-19,31.25
2010-04-20,31.25
2010-04-21,31.25
2010-04-22,31.25
2010-04-23,31.25
2010-04-24,31.25
2010-04-25,31.25
2010-04-26,31.25
2010-04-27,31.25
2010-04-28,31.25
2010-04-29,31.25
2010-04-30,31.25
2010-05-01,29.9
2010-05-02,29.9
2010-05-03,29.9
2010-05-04,29.9
2010-05-05,29.9
2010-05-06,29.9
2010-05-07,29.9
2010-05-08,29.9
2010-05-09,29.9
2010-05-10,29.9
2010-05-11,29.9
2010-05-12,29.9
2010-05-13,29.9
2010-05-14,29.9
2010-05-15,29.9
2010-05-16,29.9
2010-05-17,29.9
2010-05-18,29.9
2010-05-19,29.9
2010-05-20,29.9
2010-05-21,29.9
2010-05-22,29.9
2010-05-23,29.9
2010-05-24,29.9
2010-05-25,29.9
2010-05-26,29.9
2010-05-27,29.9
2010-05-28,29.9
2010-05-29,29.9
2010-05-30,29.9
2010-05-31,29.9
2010-06-01,24.56
2010-06-02,24.56
2010-06-03,24.56
2010-06-04,24.56
2010-06-05,24.56
2010-06-06,24.56
2010-06-07,24.56
2010-06-08,24.56
2010-06-09,24.56
2010-06-10,24.56
2010-06-11,24.56
2010-06-12,24.56
2010-06-13,24.56
2010-06-14,24.56
2010-06-15,24.56
2010-06-16,24.56
2010-06-17,24.56
2010-06-18,24.56
2010-06-19,24.56
2010-06-20,24.56
2010-06-21,24.56
2010-06-22,24.56
2010-06-23,24.56
2010-06-24,24.56
2010-06-25,24.56
2010-06-26,24.56
2010-06-27,24.56
2010-06-28,24.56
2010-06-29,24.56
2010-06-30,24.56
2010-07-01,22.9
2010-07-02,22.9
2010-07-03,22.9
2010-07-04,22.9
2010-07-05,22.9
2010-07-06,22.9
2010-07-07,22.9
2010-07-08,22.9
2010-07-09,22.9
2010-07-10,22.9
2010-07-11,22.9
2010-07-12,22.9
2010-07-13,22.9
2010-07-14,22.9
2010-07-15,22.9
2010-07-16,22.9
2010-07-17,22.9
2010-07-18,22.9
2010-07-19,22.9
2010-07-20,22.9
2010-07-21,22.9
2010-07-22,22.9
2010-07-23,22.9
2010-07-24,22.9
2010-07-25,22.9
2010-07-26,22.9
2010-07-27,22.9
2010-07-28,22.9
2010-07-29,22.9
2010-07-30,22.9
2010-07-31,22.9
2010-08-01,21.9
2010-08-02,21.9
2010-08-03,21.9
2010-08-04,21.9
2010-08-05,21.9
2010-08-06,21.9
2010-08-07,21.9
2010-08-08,21.9
2010-08-09,21.9
2010-08-10,21.9
2010-08-11,21.9
2010-08-12,21.9
2010-08-13,21.9
2010-08-14,21.9
2010-08-15,21.9
2010-08-16,21.9
2010-08-17,21.9
2010-08-18,21.9
2010-08-19,21.9
2010-08-20,21.9
2010-08-21,21.9
2010-08-22,21.9
2010-08-23,21.9
2010-08-24,21.9
2010-08-25,21.9
2010-08-26,21.9
2010-08-27,21.9
2010-08-28,21.9
2010-08-29,21.9
2010-08-30,21.9
2010-08-31,21.9
2010-09-01,20.87
2010-09-02,20.87
2010-09-03,20.87
2010-09-04,20.87
2010-09-05,20.87
2010-09-06,20.87
2010-09-07,20.87
2010-09-08,20.87
2010-09-09,20.87
2010-09-10,20.87
2010-09-11,20.87
2010-09-12,20.87
2010-09-13,20.87
2010-09-14,20.87
2010-09-15,20.87
2010-09-16,20.87
2010-09-17,20.87
2010-09-18,20.87
2010-09-19,20.87
2010-09-20,20.87
2010-09-21,20.87
2010-09-22,20.87
2010-09-23,20.87
2010-09-24,20.87
2010-09-25,20.87
2010-09-26,20.87
2010-09-27,20.87
2010-09-28,20.87
2010-09-29,20.87
2010-09-30,20.87
2010-10-01,22.1
2010-10-02,22.1
2010-10-03,22.1
2010-10-04,22.1
2010-10-05,22.1
2010-10-06,22.1
2010-10-07,22.1
2010-10-08,22.1
2010-10-09,22.1
2010-10-10,22.1
2010-10-11,22.1
2010-10-12,22.1
2010-10-13,22.1
2010-10-14,22.1
2010-10-15,22.1
2010-10-16,22.1
2010-10-17,22.1
2010-10-18,22.1
2010-10-19,22.1
2010-10-20,22.1
2010-10-21,22.1
2010-10-22,22.1
2010-10-23,22.1
2010-10-24,22.1
2010-10-25,22.1
2010-10-26,22.1
2010-10-27,22.1
2010-10-28,22.1
2010-10-29,22.1
2010-10-30,22.1
2010-10-31,22.1
2010-11-01,22.1
2010-11-02,22.1
2010-11-03,22.1
2010-11-04,22.1
2010-11-05,22.1
2010-11-06,22.1
2010-11-07,22.1
2010-11-08,22.1
2010-11-09,22.1
2010-11-10,22.1
2010-11-11,22.1
2010-11-12,22.1
2010-11-13,22.1
2010-11-14,22.1
2010-11-15,22.1
2010-11-16,22.1
2010-11-17,22.1
2010-11-18,22.1
2010-11-19,22.1
2010-11-20,22.1
2010-11-21,22.1
2010-11-22,22.1
2010-11-23,22.1
2010-11-24,22.1
2010-11-25,22.1
2010-11-26,22.1
2010-11-27,22.1
2010-11-28,22.1
2010-11-29,22.1
2010-11-30,22.1
2010-12-01,21.19
2010-12-02,21.19
2010-12-03,21.19
2010-12-04,21.19
2010-12-05,21.19
2010-12-06,21.19
2010-12-07,21.19
2010-12-08,21.19
2010-12-09,21.19
2010-12-10,21.19
2010-12-11,21.19
2010-12-12,21.19
2010-12-13,21.19
2010-12-14,21.19
2010-12-15,21.19
2010-12-16,21.19
2010-12-17,21.19
2010-12-18,21.19
2010-12-19,21.19
2010-12-20,21.19
2010-12-21,21.19
2010-12-22,21.19
2010-12-23,21.19
2010-12-24,21.19
2010-12-25,21.19
2010-12-26,21.19
2010-12-27,21.19
2010-12-28,21.19
2010-12-29,21.19
2010-12-30,21.19
2010-12-31,21.19
2011-01-01,13.6
2011-01-02,13.6
2011-01-03,13.6
2011-01-04,13.6
2011-01-05,13.6
2011-01-06,13.6
2011-01-07,13.6
2011-01-08,13.6
2011-01-09,13.6
2011-01-10,13.6
2011-01-11,13.6
2011-01-12,13.6
2011-01-13,13.6
2011-01-14,13.6
2011-01-15,13.6
2011-01-16,13.6
2011-01-17,13.6
2011-01-18,13.6
2011-01-19,13.6
2011-01-20,13.6
2011-01-21,13.6
2011-01-22,13.6
2011-01-23,13.6
2011-01-24,13.6
2011-01-25,13.6
2011-01-26,13.6
2011-01-27,13.6
2011-01-28,13.6
2011-01-29,13.6
2011-01-30,13.6
2011-01-31,13.6
2011-02-01,14.5
2011-02-02,14.5
2011-02-03,14.5
2011-02-04,14.5
2011-02-05,14.5
2011-02-06,14.5
2011-02-07,14.5
2011-02-08,14.5
2011-02-09,14.5
2011-02-10,14.5
2011-02-11,14.5
2011-02-12,14.5
2011-02-13,14.5
2011-02-14,14.5
2011-02-15,14.5
2011-02-16,14.5
2011-02-17,14.5
2011-02-18,14.5
2011-02-19,14.5
2011-02-20,14.5
2011-02-21,14.5
2011-02-22,14.5
2011-02-23,14.5
2011-02-24,14.5
2011-02-25,14.5
2011-02-26,14.5
2011-02-27,14.5
2011-02-28,14.5
2011-03-01,15.0
2011-03-02,15.0
2011-03-03,15.0
2011-03-04,15.0
2011-03-05,15.0
2011-03-06,15.0
2011-03-07,15.0
2011-03-08,15.0
2011-03-09,15.0
2011-03-10,15.0
2011-03-11,15.0
2011-03-12,15.0
2011-03-13,15.0
2011-03-14,15.0
2011-03-15,15.0
2011-03-16,15.0
2011-03-17,15.0
2011-03-18,15.0
2011-03-19,15.0
2011-03-20,15.0
2011-03-21,15.0
2011-03-22,15.0
2011-03-23,15.0
2011-03-24,15.0
2011-03-25,15.0
2011-03-26,15.0
2011-03-27,15.0
2011-03-28,15.0
2011-03-29,15.0
2011-03-30,15.0
2011-03-31,15.0
2011-04-01,12.9
2011-04-02,12.9
2011-04-03,12.9
2011-04-04,12.9
2011-04-05,12.9
2011-04-06,12.9
2011-04-07,12.9
2011-04-08,12.9
2011-04-09,12.9
2011-04-10,12.9
2011-04-11,12.9
2011-04-12,12.9
2011-04-13,12.9
2011-04-14,12.9
2011-04-15,12.9
2011-04-16,12.9
2011-04-17,12.9
2011-04-18,12.9
2011-04-19,12.9
2011-04-20,12.9
2011-04-21,12.9
2011-04-22,12.9
2011-04-23,12.9
2011-04-24,12.9
2011-04-25,12.9
2011-04-26,12.9
2011-04-27,12.9
2011-04-28,12.9
2011-04-29,12.9
2011-04-30,12.9
2011-05-01,12.7
2011-05-02,12.7
2011-05-03,12.7
2011-05-04,12.7
2011-05-05,12.7
2011-05-06,12.7
2011-05-07,12.7
2011-05-08,12.7
2011-05-09,12.7
2011-05-10,12.7
2011-05-11,12.7
2011-05-12,12.7
2011-05-13,12.7
2011-05-14,12.7
2011-05-15,12.7
2011-05-16,12.7
2011-05-17,12.7
2011-05-18,12.7
2011-05-19,12.7
2011-05-20,12.7
2011-05-21,12.7
2011-05-22,12.7
2011-05-23,12.7
2011-05-24,12.7
2011-05-25,12.7
2011-05-26,12.7
2011-05-27,12.7
2011-05-28,12.7
2011-05-29,12.7
2011-05-30,12.7
2011-05-31,12.7
2011-06-01,13.1
2011-06-02,13.1
2011-06-03,13.1
2011-06-04,13.1
2011-06-05,13.1
2011-06-06,13.1
2011-06-07,13.1
2011-06-08,13.1
2011-06-09,13.1
2011-06-10,13.1
2011-06-11,13.1
2011-06-12,13.1
2011-06-13,13.1
2011-06-14,13.1
2011-06-15,13.1
2011-06-16,13.1
2011-06-17,13.1
2011-06-18,13.1
2011-06-19,13.1
2011-06-20,13.1
2011-06-21,13.1
2011-06-22,13.1
2011-06-23,13.1
2011-06-24,13.1
2011-06-25,13.1
2011-06-26,13.1
2011-06-27,13.1
2011-06-28,13.1
2011-06-29,13.1
2011-06-30,13.1
2011-07-01,11.6
2011-07-02,11.6
2011-07-03,11.6
2011-07-04,11.6
2011-07-05,11.6
2011-07-06,11.6
2011-07-07,11.6
2011-07-08,11.6
2011-07-09,11.6
2011-07-10,11.6
2011-07-11,11.6
2011-07-12,11.6
2011-07-13,11.6
2011-07-14,11.6
2011-07-15,11.6
2011-07-16,11.6
2011-07-17,11.6
2011-07-18,11.6
2011-07-19,11.6
2011-07-20,11.6
2011-07-21,11.6
2011-07-22,11.6
2011-07-23,11.6
2011-07-24,11.6
2011-07-25,11.6
2011-07-26,11.6
2011-07-27,11.6
2011-07-28,11.6
2011-07-29,11.6
2011-07-30,11.6
2011-07-31,11.6
2011-08-01,11.2
2011-08-02,11.2
2011-08-03,11.2
2011-08-04,11.2
2011-08-05,11.2
2011-08-06,11.2
2011-08-07,11.2
2011-08-08,11.2
2011-08-09,11.2
2011-08-10,11.2
2011-08-11,11.2
2011-08-12,11.2
2011-08-13,11.2
2011-08-14,11.2
2011-08-15,11.2
2011-08-16,11.2
2011-08-17,11.2
2011-08-18,11.2
2011-08-19,11.2
2011-08-20,11.2
2011-08-21,11.2
2011-08-22,11.2
2011-08-23,11.2
2011-08-24,11.2
2011-08-25,11.2
2011-08-26,11.2
2011-08-27,11.2
2011-08-28,11.2
2011-08-29,11.2
2011-08-30,11.2
2011-08-31,11.2
2011-09-01,8.9
2011-09-02,8.9
2011-09-03,8.9
2011-09-04,8.9
2011-09-05,8.9
2011-09-06,8.9
2011-09-07,8.9
2011-09-08,8.9
2011-09-09,8.9
2011-09-10,8.9
2011-09-11,8.9
2011-09-12,8.9
2011-09-13,8.9
2011-09-14,8.9
2011-09-15,8.9
2011-09-16,8.9
2011-09-17,8.9
2011-09-18,8.9
2011-09-19,8.9
2011-09-20,8.9
2011-09-21,8.9
2011-09-22,8.9
2011-09-23,8.9
2011-09-24,8.9
2011-09-25,8.9
2011-09-26,8.9
2011-09-27,8.9
2011-09-28,8.9
2011-09-29,8.9
2011-09-30,8.9
2011-10-01,8.4
2011-10-02,8.4
2011-10-03,8.4
2011-10-04,8.4
2011-10-05,8.4
2011-10-06,8.4
2011-10-07,8.4
2011-10-08,8.4
2011-10-09,8.4
2011-10-10,8.4
2011-10-11,8.4
2011-10-12,8.4
2011-10-13,8.4
2011-10-14,8.4
2011-10-15,8.4
2011-10-16,8.4
2011-10-17,8.4
2011-10-18,8.4
2011-10-19,8.4
2011-10-20,8.4
2011-10-21,8.4
2011-10-22,8.4
2011-10-23,8.4
2011-10-24,8.4
2011-10-25,8.4
2011-10-26,8.4
2011-10-27,8.4
2011-10-28,8.4
2011-10-29,8.4
2011-10-30,8.4
2011-10-31,8.4
2011-11-01,7.8
2011-11-02,7.8
2011-11-03,7.8
2011-11-04,7.8
2011-11-05,7.8
2011-11-06,7.8
2011-11-07,7.8
2011-11-08,7.8
2011-11-09,7.8
2011-11-10,7.8
2011-11-11,7.8
2011-11-12,7.8
2011-11-13,7.8
2011-11-14,7.8
2011-11-15,7.8
2011-11-16,7.8
2011-11-17,7.8
2011-11-18,7.8
2011-11-19,7.8
2011-11-20,7.8
2011-11-21,7.8
2011-11-22,7.8
2011-11-23,7.8
2011-11-24,7.8
2011-11-25,7.8
2011-11-26,7.8
2011-11-27,7.8
2011-11-28,7.8
2011-11-29,7.8
2011-11-30,7.8
2011-12-01,7.9
2011-12-02,7.9
2011-12-03,7.9
2011-12-04,7.9
2011-12-05,7.9
2011-12-06,7.9
2011-12-07,7.9
2011-12-08,7.9
2011-12-09,7.9
2011-12-10,7.9
2011-12-11,7.9
2011-12-12,7.9
2011-12-13,7.9
2011-12-14,7.9
2011-12-15,7.9
2011-12-16,7.9
2011-12-17,7.9
2011-12-18,7.9
2011-12-19,7.9
2011-12-20,7.9
2011-12-21,7.9
2011-12-22,7.9
2011-12-23,7.9
2011-12-24,7.9
2011-12-25,7.9
2011-12-26,7.9
2011-12-27,7.9
2011-12-28,7.9
2011-12-29,7.9
2011-12-30,7.9
2011-12-31,7.9
2012-01-01,3.1
2012-01-02,3.1
2012-01-03,3.1
2012-01-04,3.1
2012-01-05,3.1
2012-01-06,3.1
2012-01-07,3.1
2012-01-08,3.1
2012-01-09,3.1
2012-01-10,3.1
2012-01-11,3.1
2012-01-12,3.1
2012-01-13,3.1
2012-01-14,3.1
2012-01-15,3.1
2012-01-16,3.1
2012-01-17,3.1
2012-01-18,3.1
2012-01-19,3.1
2012-01-20,3.1
2012-01-21,3.1
2012-01-22,3.1
2012-01-23,3.1
2012-01-24,3.1
2012-01-25,3.1
2012-01-26,3.1
2012-01-27,3.1
2012-01-28,3.1
2012-01-29,3.1
2012-01-30,3.1
2012-01-31,3.1
2012-02-01,4.3
2012-02-02,4.3
2012-02-03,4.3
2012-02-04,4.3
2012-02-05,4.3
2012-02-06,4.3
2012-02-07,4.3
2012-02-08,4.3
2012-02-09,4.3
2012-02-10,4.3
2012-02-11,4.3
2012-02-12,4.3
2012-02-13,4.3
2012-02-14,4.3
2012-02-15,4.3
2012-02-16,4.3
2012-02-17,4.3
2012-02-18,4.3
2012-02-19,4.3
2012-02-20,4.3
2012-02-21,4.3
2012-02-22,4.3
2012-02-23,4.3
2012-02-24,4.3
2012-02-25,4.3
2012-02-26,4.3
2012-02-27,4.3
2012-02-28,4.3
2012-02-29,4.3
2012-03-01,4.4
2012-03-02,4.4
2012-03-03,4.4
2012-03-04,4.4
2012-03-05,4.4
2012-03-06,4.4
2012-03-07,4.4
2012-03-08,4.4
2012-03-09,4.4
2012-03-10,4.4
2012-03-11,4.4
2012-03-12,4.4
2012-03-13,4.4
2012-03-14,4.4
2012-03-15,4.4
2012-03-16,4.4
2012-03-17,4.4
2012-03-18,4.4
2012-03-19,4.4
2012-03-20,4.4
2012-03-21,4.4
2012-03-22,4.4
2012-03-23,4.4
2012-03-24,4.4
2012-03-25,4.4
2012-03-26,4.4
2012-03-27,4.4
2012-03-28,4.4
2012-03-29,4.4
2012-03-30,4.4
2012-03-31,4.4
2012-04-01,3.1
2012-04-02,3.1
2012-04-03,3.1
2012-04-04,3.1
2012-04-05,3.1
2012-04-06,3.1
2012-04-07,3.1
2012-04-08,3.1
2012-04-09,3.1
2012-04-10,3.1
2012-04-11,3.1
2012-04-12,3.1
2012-04-13,3.1
2012-04-14,3.1
2012-04-15,3.1
2012-04-16,3.1
2012-04-17,3.1
2012-04-18,3.1
2012-04-19,3.1
2012-04-20,3.1
2012-04-21,3.1
2012-04-22,3.1
2012-04-23,3.1
2012-04-24,3.1
2012-04-25,3.1
2012-04-26,3.1
2012-04-27,3.1
2012-04-28,3.1
2012-04-29,3.1
2012-04-30,3.1
2012-05-01,3.5
2012-05-02,3.5
2012-05-03,3.5
2012-05-04,3.5
2012-05-05,3.5
2012-05-06,3.5
2012-05-07,3.5
2012-05-08,3.5
2012-05-09,3.5
2012-05-10,3.5
2012-05-11,3.5
2012-05-12,3.5
2012-05-13,3.5
2012-05-14,3.5
2012-05-15,3.5
2012-05-16,3.5
2012-05-17,3.5
2012-05-18,3.5
2012-05-19,3.5
2012-05-20,3.5
2012-05-21,3.5
2012-05-22,3.5
2012-05-23,3.5
2012-05-24,3.5
2012-05-25,3.5
2012-05-26,3.5
2012-05-27,3.5
2012-05-28,3.5
2012-05-29,3.5
2012-05-30,3.5
2012-05-31,3.5
2012-06-01,4.7
2012-06-02,4.7
2012-06-03,4.7
2012-06-04,4.7
2012-06-05,4.7
2012-06-06,4.7
2012-06-07,4.7
2012-06-08,4.7
2012-06-09,4.7
2012-06-10,4.7
2012-06-11,4.7
2012-06-12,4.7
2012-06-13,4.7
2012-06-14,4.7
2012-06-15,4.7
2012-06-16,4.7
2012-06-17,4.7
2012-06-18,4.7
2012-06-19,4.7
2012-06-20,4.7
2012-06-21,4.7
2012-06-22,4.7
2012-06-23,4.7
2012-06-24,4.7
2012-06-25,4.7
2012-06-26,4.7
2012-06-27,4.7
2012-06-28,4.7
2012-06-29,4.7
2012-06-30,4.7
2012-07-01,4.6
2012-07-02,4.6
2012-07-03,4.6
2012-07-04,4.6
2012-07-05,4.6
2012-07-06,4.6
2012-07-07,4.6
2012-07-08,4.6
2012-07-09,4.6
2012-07-10,4.6
2012-07-11,4.6
2012-07-12,4.6
2012-07-13,4.6
2012-07-14,4.6
2012-07-15,4.6
2012-07-16,4.6
2012-07-17,4.6
2012-07-18,4.6
2012-07-19,4.6
2012-07-20,4.6
2012-07-21,4.6
2012-07-22,4.6
2012-07-23,4.6
2012-07-24,4.6
2012-07-25,4.6
2012-07-26,4.6
2012-07-27,4.6
2012-07-28,4.6
2012-07-29,4.6
2012-07-30,4.6
2012-07-31,4.6
2012-08-01,4.5
2012-08-02,4.5
2012-08-03,4.5
2012-08-04,4.5
2012-08-05,4.5
2012-08-06,4.5
2012-08-07,4.5
2012-08-08,4.5
2012-08-09,4.5
2012-08-10,4.5
2012-08-11,4.5
2012-08-12,4.5
2012-08-13,4.5
2012-08-14,4.5
2012-08-15,4.5
2012-08-16,4.5
2012-08-17,4.5
2012-08-18,4.5
2012-08-19,4.5
2012-08-20,4.5
2012-08-21,4.5
2012-08-22,4.5
2012-08-23,4.5
2012-08-24,4.5
2012-08-25,4.5
2012-08-26,4.5
2012-08-27,4.5
2012-08-28,4.5
2012-08-29,4.5
2012-08-30,4.5
2012-08-31,4.5
2012-09-01,7.3
2012-09-02,7.3
2012-09-03,7.3
2012-09-04,7.3
2012-09-05,7.3
2012-09-06,7.3
2012-09-07,7.3
2012-09-08,7.3
2012-09-09,7.3
2012-09-10,7.3
2012-09-11,7.3
2012-09-12,7.3
2012-09-13,7.3
2012-09-14,7.3
2012-09-15,7.3
2012-09-16,7.3
2012-09-17,7.3
2012-09-18,7.3
2012-09-19,7.3
2012-09-20,7.3
2012-09-21,7.3
2012-09-22,7.3
2012-09-23,7.3
2012-09-24,7.3
2012-09-25,7.3
2012-09-26,7.3
2012-09-27,7.3
2012-09-28,7.3
2012-09-29,7.3
2012-09-30,7.3
2012-10-01,6.1
2012-10-02,6.1
2012-10-03,6.1
2012-10-04,6.1
2012-10-05,6.1
2012-10-06,6.1
2012-10-07,6.1
2012-10-08,6.1
2012-10-09,6.1
2012-10-10,6.1
2012-10-11,6.1
2012-10-12,6.1
2012-10-13,6.1
2012-10-14,6.1
2012-10-15,6.1
2012-10-16,6.1
2012-10-17,6.1
2012-10-18,6.1
2012-10-19,6.1
2012-10-20,6.1
2012-10-21,6.1
2012-10-22,6.1
2012-10-23,6.1
2012-10-24,6.1
2012-10-25,6.1
2012-10-26,6.1
2012-10-27,6.1
2012-10-28,6.1
2012-10-29,6.1
2012-10-30,6.1
2012-10-31,6.1
2012-11-01,5.5
2012-11-02,5.5
2012-11-03,5.5
2012-11-04,5.5
2012-11-05,5.5
2012-11-06,5.5
2012-11-07,5.5
2012-11-08,5.5
2012-11-09,5.5
2012-11-10,5.5
2012-11-11,5.5
2012-11-12,5.5
2012-11-13,5.5
2012-11-14,5.5
2012-11-15,5.5
2012-11-16,5.5
2012-11-17,5.5
2012-11-18,5.5
2012-11-19,5.5
2012-11-20,5.5
2012-11-21,5.5
2012-11-22,5.5
2012-11-23,5.5
2012-11-24,5.5
2012-11-25,5.5
2012-11-26,5.5
2012-11-27,5.5
2012-11-28,5.5
2012-11-29,5.5
2012-11-30,5.5
2012-12-01,6.5
2012-12-02,6.5
2012-12-03,6.5
2012-12-04,6.5
2012-12-05,6.5
2012-12-06,6.5
2012-12-07,6.5
2012-12-08,6.5
2012-12-09,6.5
2012-12-10,6.5
2012-12-11,6.5
2012-12-12,6.5
2012-12-13,6.5
2012-12-14,6.5
2012-12-15,6.5
2012-12-16,6.5
2012-12-17,6.5
2012-12-18,6.5
2012-12-19,6.5
2012-12-20,6.5
2012-12-21,6.5
2012-12-22,6.5
2012-12-23,6.5
2012-12-24,6.5
2012-12-25,6.5
2012-12-26,6.5
2012-12-27,6.5
2012-12-28,6.5
2012-12-29,6.5
2012-12-30,6.5
2012-12-31,6.5
2013-01-01,15.3
2013-01-02,15.3
2013-01-03,15.3
2013-01-04,15.3
2013-01-05,15.3
2013-01-06,15.3
2013-01-07,15.3
2013-01-08,15.3
2013-01-09,15.3
2013-01-10,15.3
2013-01-11,15.3
2013-01-12,15.3
2013-01-13,15.3
2013-01-14,15.3
2013-01-15,15.3
2013-01-16,15.3
2013-01-17,15.3
2013-01-18,15.3
2013-01-19,15.3
2013-01-20,15.3
2013-01-21,15.3
2013-01-22,15.3
2013-01-23,15.3
2013-01-24,15.3
2013-01-25,15.3
2013-01-26,15.3
2013-01-27,15.3
2013-01-28,15.3
2013-01-29,15.3
2013-01-30,15.3
2013-01-31,15.3
2013-02-01,9.5
2013-02-02,9.5
2013-02-03,9.5
2013-02-04,9.5
2013-02-05,9.5
2013-02-06,9.5
2013-02-07,9.5
2013-02-08,9.5
2013-02-09,9.5
2013-02-10,9.5
2013-02-11,9.5
2013-02-12,9.5
2013-02-13,9.5
2013-02-14,9.5
2013-02-15,9.5
2013-02-16,9.5
2013-02-17,9.5
2013-02-18,9.5
2013-02-19,9.5
2013-02-20,9.5
2013-02-21,9.5
2013-02-22,9.5
2013-02-23,9.5
2013-02-24,9.5
2013-02-25,9.5
2013-02-26,9.5
2013-02-27,9.5
2013-02-28,9.5
2013-03-01,11.9
2013-03-02,11.9
2013-03-03,11.9
2013-03-04,11.9
2013-03-05,11.9
2013-03-06,11.9
2013-03-07,11.9
2013-03-08,11.9
2013-03-09,11.9
2013-03-10,11.9
2013-03-11,11.9
2013-03-12,11.9
2013-03-13,11.9
2013-03-14,11.9
2013-03-15,11.9
2013-03-16,11.9
2013-03-17,11.9
2013-03-18,11.9
2013-03-19,11.9
2013-03-20,11.9
2013-03-21,11.9
2013-03-22,11.9
2013-03-23,11.9
2013-03-24,11.9
2013-03-25,11.9
2013-03-26,11.9
2013-03-27,11.9
2013-03-28,11.9
2013-03-29,11.9
2013-03-30,11.9
2013-03-31,11.9
2013-04-01,11.9
2013-04-02,11.9
2013-04-03,11.9
2013-04-04,11.9
2013-04-05,11.9
2013-04-06,11.9
2013-04-07,11.9
2013-04-08,11.9
2013-04-09,11.9
2013-04-10,11.9
2013-04-11,11.9
2013-04-12,11.9
2013-04-13,11.9
2013-04-14,11.9
2013-04-15,11.9
2013-04-16,11.9
2013-04-17,11.9
2013-04-18,11.9
2013-04-19,11.9
2013-04-20,11.9
2013-04-21,11.9
2013-04-22,11.9
2013-04-23,11.9
2013-04-24,11.9
2013-04-25,11.9
2013-04-26,11.9
2013-04-27,11.9
2013-04-28,11.9
2013-04-29,11.9
2013-04-30,11.9
2013-05-01,11.3
2013-05-02,11.3
2013-05-03,11.3
2013-05-04,11.3
2013-05-05,11.3
2013-05-06,11.3
2013-05-07,11.3
2013-05-08,11.3
2013-05-09,11.3
2013-05-10,11.3
2013-05-11,11.3
2013-05-12,11.3
2013-05-13,11.3
2013-05-14,11.3
2013-05-15,11.3
2013-05-16,11.3
2013-05-17,11.3
2013-05-18,11.3
2013-05-19,11.3
2013-05-20,11.3
2013-05-21,11.3
2013-05-22,11.3
2013-05-23,11.3
2013-05-24,11.3
2013-05-25,11.3
2013-05-26,11.3
2013-05-27,11.3
2013-05-28,11.3
2013-05-29,11.3
2013-05-30,11.3
2013-05-31,11.3
2013-06-01,9.1
2013-06-02,9.1
2013-06-03,9.1
2013-06-04,9.1
2013-06-05,9.1
2013-06-06,9.1
2013-06-07,9.1
2013-06-08,9.1
2013-06-09,9.1
2013-06-10,9.1
2013-06-11,9.1
2013-06-12,9.1
2013-06-13,9.1
2013-06-14,9.1
2013-06-15,9.1
2013-06-16,9.1
2013-06-17,9.1
2013-06-18,9.1
2013-06-19,9.1
2013-06-20,9.1
2013-06-21,9.1
2013-06-22,9.1
2013-06-23,9.1
2013-06-24,9.1
2013-06-25,9.1
2013-06-26,9.1
2013-06-27,9.1
2013-06-28,9.1
2013-06-29,9.1
2013-06-30,9.1
2013-07-01,9.7
2013-07-02,9.7
2013-07-03,9.7
2013-07-04,9.7
2013-07-05,9.7
2013-07-06,9.7
2013-07-07,9.7
2013-07-08,9.7
2013-07-09,9.7
2013-07-10,9.7
2013-07-11,9.7
2013-07-12,9.7
2013-07-13,9.7
2013-07-14,9.7
2013-07-15,9.7
2013-07-16,9.7
2013-07-17,9.7
2013-07-18,9.7
2013-07-19,9.7
2013-07-20,9.7
2013-07-21,9.7
2013-07-22,9.7
2013-07-23,9.7
2013-07-24,9.7
2013-07-25,9.7
2013-07-26,9.7
2013-07-27,9.7
2013-07-28,9.7
2013-07-29,9.7
2013-07-30,9.7
2013-07-31,9.7
2013-08-01,9.9
2013-08-02,9.9
2013-08-03,9.9
2013-08-04,9.9
2013-08-05,9.9
2013-08-06,9.9
2013-08-07,9.9
2013-08-08,9.9
2013-08-09,9.9
2013-08-10,9.9
2013-08-11,9.9
2013-08-12,9.9
2013-08-13,9.9
2013-08-14,9.9
2013-08-15,9.9
2013-08-16,9.9
2013-08-17,9.9
2013-08-18,9.9
2013-08-19,9.9
2013-08-20,9.9
2013-08-21,9.9
2013-08-22,9.9
2013-08-23,9.9
2013-08-24,9.9
2013-08-25,9.9
2013-08-26,9.9
2013-08-27,9.9
2013-08-28,9.9
2013-08-29,9.9
2013-08-30,9.9
2013-08-31,9.9
2013-09-01,8.9
2013-09-02,8.9
2013-09-03,8.9
2013-09-04,8.9
2013-09-05,8.9
2013-09-06,8.9
2013-09-07,8.9
2013-09-08,8.9
2013-09-09,8.9
2013-09-10,8.9
2013-09-11,8.9
2013-09-12,8.9
2013-09-13,8.9
2013-09-14,8.9
2013-09-15,8.9
2013-09-16,8.9
2013-09-17,8.9
2013-09-18,8.9
2013-09-19,8.9
2013-09-20,8.9
2013-09-21,8.9
2013-09-22,8.9
2013-09-23,8.9
2013-09-24,8.9
2013-09-25,8.9
2013-09-26,8.9
2013-09-27,8.9
2013-09-28,8.9
2013-09-29,8.9
2013-09-30,8.9
2013-10-01,8.9
2013-10-02,8.9
2013-10-03,8.9
2013-10-04,8.9
2013-10-05,8.9
2013-10-06,8.9
2013-10-07,8.9
2013-10-08,8.9
2013-10-09,8.9
2013-10-10,8.9
2013-10-11,8.9
2013-10-12,8.9
2013-10-13,8.9
2013-10-14,8.9
2013-10-15,8.9
2013-10-16,8.9
2013-10-17,8.9
2013-10-18,8.9
2013-10-19,8.9
2013-10-20,8.9
2013-10-21,8.9
2013-10-22,8.9
2013-10-23,8.9
2013-10-24,8.9
2013-10-25,8.9
2013-10-26,8.9
2013-10-27,8.9
2013-10-28,8.9
2013-10-29,8.9
2013-10-30,8.9
2013-10-31,8.9
2013-11-01,9.4
2013-11-02,9.4
2013-11-03,9.4
2013-11-04,9.4
2013-11-05,9.4
2013-11-06,9.4
2013-11-07,9.4
2013-11-08,9.4
2013-11-09,9.4
2013-11-10,9.4
2013-11-11,9.4
2013-11-12,9.4
2013-11-13,9.4
2013-11-14,9.4
2013-11-15,9.4
2013-11-16,9.4
2013-11-17,9.4
2013-11-18,9.4
2013-11-19,9.4
2013-11-20,9.4
2013-11-21,9.4
2013-11-22,9.4
2013-11-23,9.4
2013-11-24,9.4
2013-11-25,9.4
2013-11-26,9.4
2013-11-27,9.4
2013-11-28,9.4
2013-11-29,9.4
2013-11-30,9.4
2013-12-01,9.3
2013-12-02,9.3
2013-12-03,9.3
2013-12-04,9.3
2013-12-05,9.3
2013-12-06,9.3
2013-12-07,9.3
2013-12-08,9.3
2013-12-09,9.3
2013-12-10,9.3
2013-12-11,9.3
2013-12-12,9.3
2013-12-13,9.3
2013-12-14,9.3
2013-12-15,9.3
2013-12-16,9.3
2013-12-17,9.3
2013-12-18,9.3
2013-12-19,9.3
2013-12-20,9.3
2013-12-21,9.3
2013-12-22,9.3
2013-12-23,9.3
2013-12-24,9.3
2013-12-25,9.3
2013-12-26,9.3
2013-12-27,9.3
2013-12-28,9.3
2013-12-29,9.3
2013-12-30,9.3
2013-12-31,9.3
2014-01-01,1.2
2014-01-02,1.2
2014-01-03,1.2
2014-01-04,1.2
2014-01-05,1.2
2014-01-06,1.2
2014-01-07,1.2
2014-01-08,1.2
2014-01-09,1.2
2014-01-10,1.2
2014-01-11,1.2
2014-01-12,1.2
2014-01-13,1.2
2014-01-14,1.2
2014-01-15,1.2
2014-01-16,1.2
2014-01-17,1.2
2014-01-18,1.2
2014-01-19,1.2
2014-01-20,1.2
2014-01-21,1.2
2014-01-22,1.2
2014-01-23,1.2
2014-01-24,1.2
2014-01-25,1.2
2014-01-26,1.2
2014-01-27,1.2
2014-01-28,1.2
2014-01-29,1.2
2014-01-30,1.2
2014-01-31,1.2
2014-02-01,6.9
2014-02-02,6.9
2014-02-03,6.9
2014-02-04,6.9
2014-02-05,6.9
2014-02-06,6.9
2014-02-07,6.9
2014-02-08,6.9
2014-02-09,6.9
2014-02-10,6.9
2014-02-11,6.9
2014-02-12,6.9
2014-02-13,6.9
2014-02-14,6.9
2014-02-15,6.9
2014-02-16,6.9
2014-02-17,6.9
2014-02-18,6.9
2014-02-19,6.9
2014-02-20,6.9
2014-02-21,6.9
2014-02-22,6.9
2014-02-23,6.9
2014-02-24,6.9
2014-02-25,6.9
2014-02-26,6.9
2014-02-27,6.9
2014-02-28,6.9
2014-03-01,5.4
2014-03-02,5.4
2014-03-03,5.4
2014-03-04,5.4
2014-03-05,5.4
2014-03-06,5.4
2014-03-07,5.4
2014-03-08,5.4
2014-03-09,5.4
2014-03-10,5.4
2014-03-11,5.4
2014-03-12,5.4
2014-03-13,5.4
2014-03-14,5.4
2014-03-15,5.4
2014-03-16,5.4
2014-03-17,5.4
2014-03-18,5.4
2014-03-19,5.4
2014-03-20,5.4
2014-03-21,5.4
2014-03-22,5.4
2014-03-23,5.4
2014-03-24,5.4
2014-03-25,5.4
2014-03-26,5.4
2014-03-27,5.4
2014-03-28,5.4
2014-03-29,5.4
2014-03-30,5.4
2014-03-31,5.4
2014-04-01,5.5
2014-04-02,5.5
2014-04-03,5.5
2014-04-04,5.5
2014-04-05,5.5
2014-04-06,5.5
2014-04-07,5.5
2014-04-08,5.5
2014-04-09,5.5
2014-04-10,5.5
2014-04-11,5.5
2014-04-12,5.5
2014-04-13,5.5
2014-04-14,5.5
2014-04-15,5.5
2014-04-16,5.5
2014-04-17,5.5
2014-04-18,5.5
2014-04-19,5.5
2014-04-20,5.5
2014-04-21,5.5
2014-04-22,5.5
2014-04-23,5.5
2014-04-24,5.5
2014-04-25,5.5
2014-04-26,5.5
2014-04-27,5.5
2014-04-28,5.5
2014-04-29,5.5
2014-04-30,5.5
2014-05-01,5.7
2014-05-02,5.7
2014-05-03,5.7
2014-05-04,5.7
2014-05-05,5.7
2014-05-06,5.7
2014-05-07,5.7
2014-05-08,5.7
2014-05-09,5.7
2014-05-10,5.7
2014-05-11,5.7
2014-05-12,5.7
2014-05-13,5.7
2014-05-14,5.7
2014-05-15,5.7
2014-05-16,5.7
2014-05-17,5.7
2014-05-18,5.7
2014-05-19,5.7
2014-05-20,5.7
2014-05-21,5.7
2014-05-22,5.7
2014-05-23,5.7
2014-05-24,5.7
2014-05-25,5.7
2014-05-26,5.7
2014-05-27,5.7
2014-05-28,5.7
2014-05-29,5.7
2014-05-30,5.7
2014-05-31,5.7
2014-06-01,8.9
2014-06-02,8.9
2014-06-03,8.9
2014-06-04,8.9
2014-06-05,8.9
2014-06-06,8.9
2014-06-07,8.9
2014-06-08,8.9
2014-06-09,8.9
2014-06-10,8.9
2014-06-11,8.9
2014-06-12,8.9
2014-06-13,8.9
2014-06-14,8.9
2014-06-15,8.9
2014-06-16,8.9
2014-06-17,8.9
2014-06-18,8.9
2014-06-19,8.9
2014-06-20,8.9
2014-06-21,8.9
2014-06-22,8.9
2014-06-23,8.9
2014-06-24,8.9
2014-06-25,8.9
2014-06-26,8.9
2014-06-27,8.9
2014-06-28,8.9
2014-06-29,8.9
2014-06-30,8.9
2014-07-01,6.7
2014-07-02,6.7
2014-07-03,6.7
2014-07-04,6.7
2014-07-05,6.7
2014-07-06,6.7
2014-07-07,6.7
2014-07-08,6.7
2014-07-09,6.7
2014-07-10,6.7
2014-07-11,6.7
2014-07-12,6.7
2014-07-13,6.7
2014-07-14,6.7
2014-07-15,6.7
2014-07-16,6.7
2014-07-17,6.7
2014-07-18,6.7
2014-07-19,6.7
2014-07-20,6.7
2014-07-21,6.7
2014-07-22,6.7
2014-07-23,6.7
2014-07-24,6.7
2014-07-25,6.7
2014-07-26,6.7
2014-07-27,6.7
2014-07-28,6.7
2014-07-29,6.7
2014-07-30,6.7
2014-07-31,6.7
2014-08-01,5.7
2014-08-02,5.7
2014-08-03,5.7
2014-08-04,5.7
2014-08-05,5.7
2014-08-06,5.7
2014-08-07,5.7
2014-08-08,5.7
2014-08-09,5.7
2014-08-10,5.7
2014-08-11,5.7
2014-08-12,5.7
2014-08-13,5.7
2014-08-14,5.7
2014-08-15,5.7
2014-08-16,5.7
2014-08-17,5.7
2014-08-18,5.7
2014-08-19,5.7
2014-08-20,5.7
2014-08-21,5.7
2014-08-22,5.7
2014-08-23,5.7
2014-08-24,5.7
2014-08-25,5.7
2014-08-26,5.7
2014-08-27,5.7
2014-08-28,5.7
2014-08-29,5.7
2014-08-30,5.7
2014-08-31,5.7
2014-09-01,4.8
2014-09-02,4.8
2014-09-03,4.8
2014-09-04,4.8
2014-09-05,4.8
2014-09-06,4.8
2014-09-07,4.8
2014-09-08,4.8
2014-09-09,4.8
2014-09-10,4.8
2014-09-11,4.8
2014-09-12,4.8
2014-09-13,4.8
2014-09-14,4.8
2014-09-15,4.8
2014-09-16,4.8
2014-09-17,4.8
2014-09-18,4.8
2014-09-19,4.8
2014-09-20,4.8
2014-09-21,4.8
2014-09-22,4.8
2014-09-23,4.8
2014-09-24,4.8
2014-09-25,4.8
2014-09-26,4.8
2014-09-27,4.8
2014-09-28,4.8
2014-09-29,4.8
2014-09-30,4.8
2014-10-01,3.2
2014-10-02,3.2
2014-10-03,3.2
2014-10-04,3.2
2014-10-05,3.2
2014-10-06,3.2
2014-10-07,3.2
2014-10-08,3.2
2014-10-09,3.2
2014-10-10,3.2
2014-10-11,3.2
2014-10-12,3.2
2014-10-13,3.2
2014-10-14,3.2
2014-10-15,3.2
2014-10-16,3.2
2014-10-17,3.2
2014-10-18,3.2
2014-10-19,3.2
2014-10-20,3.2
2014-10-21,3.2
2014-10-22,3.2
2014-10-23,3.2
2014-10-24,3.2
2014-10-25,3.2
2014-10-26,3.2
2014-10-27,3.2
2014-10-28,3.2
2014-10-29,3.2
2014-10-30,3.2
2014-10-31,3.2
2014-11-01,3.2
2014-11-02,3.2
2014-11-03,3.2
2014-11-04,3.2
2014-11-05,3.2
2014-11-06,3.2
2014-11-07,3.2
2014-11-08,3.2
2014-11-09,3.2
2014-11-10,3.2
2014-11-11,3.2
2014-11-12,3.2
2014-11-13,3.2
2014-11-14,3.2
2014-11-15,3.2
2014-11-16,3.2
2014-11-17,3.2
2014-11-18,3.2
2014-11-19,3.2
2014-11-20,3.2
2014-11-21,3.2
2014-11-22,3.2
2014-11-23,3.2
2014-11-24,3.2
2014-11-25,3.2
2014-11-26,3.2
2014-11-27,3.2
2014-11-28,3.2
2014-11-29,3.2
2014-11-30,3.2
2014-12-01,3.2
2014-12-02,3.2
2014-12-03,3.2
2014-12-04,3.2
2014-12-05,3.2
2014-12-06,3.2
2014-12-07,3.2
2014-12-08,3.2
2014-12-09,3.2
2014-12-10,3.2
2014-12-11,3.2
2014-12-12,3.2
2014-12-13,3.2
2014-12-14,3.2
2014-12-15,3.2
2014-12-16,3.2
2014-12-17,3.2
2014-12-18,3.2
2014-12-19,3.2
2014-12-20,3.2
2014-12-21,3.2
2014-12-22,3.2
2014-12-23,3.2
2014-12-24,3.2
2014-12-25,3.2
2014-12-26,3.2
2014-12-27,3.2
2014-12-28,3.2
2014-12-29,3.2
2014-12-30,3.2
2014-12-31,3.2
2015-01-01,10.6
2015-01-02,10.6
2015-01-03,10.6
2015-01-04,10.6
2015-01-05,10.6
2015-01-06,10.6
2015-01-07,10.6
2015-01-08,10.6
2015-01-09,10.6
2015-01-10,10.6
2015-01-11,10.6
2015-01-12,10.6
2015-01-13,10.6
2015-01-14,10.6
2015-01-15,10.6
2015-01-16,10.6
2015-01-17,10.6
2015-01-18,10.6
2015-01-19,10.6
2015-01-20,10.6
2015-01-21,10.6
2015-01-22,10.6
2015-01-23,10.6
2015-01-24,10.6
2015-01-25,10.6
2015-01-26,10.6
2015-01-27,10.6
2015-01-28,10.6
2015-01-29,10.6
2015-01-30,10.6
2015-01-31,10.6
2015-02-01,5.6
2015-02-02,5.6
2015-02-03,5.6
2015-02-04,5.6
2015-02-05,5.6
2015-02-06,5.6
2015-02-07,5.6
2015-02-08,5.6
2015-02-09,5.6
2015-02-10,5.6
2015-02-11,5.6
2015-02-12,5.6
2015-02-13,5.6
2015-02-14,5.6
2015-02-15,5.6
2015-02-16,5.6
2015-02-17,5.6
2015-02-18,5.6
2015-02-19,5.6
2015-02-20,5.6
2015-02-21,5.6
2015-02-22,5.6
2015-02-23,5.6
2015-02-24,5.6
2015-02-25,5.6
2015-02-26,5.6
2015-02-27,5.6
2015-02-28,5.6
2015-03-01,2.9
2015-03-02,2.9
2015-03-03,2.9
2015-03-04,2.9
2015-03-05,2.9
2015-03-06,2.9
2015-03-07,2.9
2015-03-08,2.9
2015-03-09,2.9
2015-03-10,2.9
2015-03-11,2.9
2015-03-12,2.9
2015-03-13,2.9
2015-03-14,2.9
2015-03-15,2.9
2015-03-16,2.9
2015-03-17,2.9
2015-03-18,2.9
2015-03-19,2.9
2015-03-20,2.9
2015-03-21,2.9
2015-03-22,2.9
2015-03-23,2.9
2015-03-24,2.9
2015-03-25,2.9
2015-03-26,2.9
2015-03-27,2.9
2015-03-28,2.9
2015-03-29,2.9
2015-03-30,2.9
2015-03-31,2.9
2015-04-01,3.7
2015-04-02,3.7
2015-04-03,3.7
2015-04-04,3.7
2015-04-05,3.7
2015-04-06,3.7
2015-04-07,3.7
2015-04-08,3.7
2015-04-09,3.7
2015-04-10,3.7
2015-04-11,3.7
2015-04-12,3.7
2015-04-13,3.7
2015-04-14,3.7
2015-04-15,3.7
2015-04-16,3.7
2015-04-17,3.7
2015-04-18,3.7
2015-04-19,3.7
2015-04-20,3.7
2015-04-21,3.7
2015-04-22,3.7
2015-04-23,3.7
2015-04-24,3.7
2015-04-25,3.7
2015-04-26,3.7
2015-04-27,3.7
2015-04-28,3.7
2015-04-29,3.7
2015-04-30,3.7
2015-05-01,4.7
2015-05-02,4.7
2015-05-03,4.7
2015-05-04,4.7
2015-05-05,4.7
2015-05-06,4.7
2015-05-07,4.7
2015-05-08,4.7
2015-05-09,4.7
2015-05-10,4.7
2015-05-11,4.7
2015-05-12,4.7
2015-05-13,4.7
2015-05-14,4.7
2015-05-15,4.7
2015-05-16,4.7
2015-05-17,4.7
2015-05-18,4.7
2015-05-19,4.7
2015-05-20,4.7
2015-05-21,4.7
2015-05-22,4.7
2015-05-23,4.7
2015-05-24,4.7
2015-05-25,4.7
2015-05-26,4.7
2015-05-27,4.7
2015-05-28,4.7
2015-05-29,4.7
2015-05-30,4.7
2015-05-31,4.7
2015-06-01,4.3
2015-06-02,4.3
2015-06-03,4.3
2015-06-04,4.3
2015-06-05,4.3
2015-06-06,4.3
2015-06-07,4.3
2015-06-08,4.3
2015-06-09,4.3
2015-06-10,4.3
2015-06-11,4.3
2015-06-12,4.3
2015-06-13,4.3
2015-06-14,4.3
2015-06-15,4.3
2015-06-16,4.3
2015-06-17,4.3
2015-06-18,4.3
2015-06-19,4.3
2015-06-20,4.3
2015-06-21,4.3
2015-06-22,4.3
2015-06-23,4.3
2015-06-24,4.3
2015-06-25,4.3
2015-06-26,4.3
2015-06-27,4.3
2015-06-28,4.3
2015-06-29,4.3
2015-06-30,4.3
2015-07-01,6.6
2015-07-02,6.6
2015-07-03,6.6
2015-07-04,6.6
2015-07-05,6.6
2015-07-06,6.6
2015-07-07,6.6
2015-07-08,6.6
2015-07-09,6.6
2015-07-10,6.6
2015-07-11,6.6
2015-07-12,6.6
2015-07-13,6.6
2015-07-14,6.6
2015-07-15,6.6
2015-07-16,6.6
2015-07-17,6.6
2015-07-18,6.6
2015-07-19,6.6
2015-07-20,6.6
2015-07-21,6.6
2015-07-22,6.6
2015-07-23,6.6
2015-07-24,6.6
2015-07-25,6.6
2015-07-26,6.6
2015-07-27,6.6
2015-07-28,6.6
2015-07-29,6.6
2015-07-30,6.6
2015-07-31,6.6
2015-08-01,9.3
2015-08-02,9.3
2015-08-03,9.3
2015-08-04,9.3
2015-08-05,9.3
2015-08-06,9.3
2015-08-07,9.3
2015-08-08,9.3
2015-08-09,9.3
2015-08-10,9.3
2015-08-11,9.3
2015-08-12,9.3
2015-08-13,9.3
2015-08-14,9.3
2015-08-15,9.3
2015-08-16,9.3
2015-08-17,9.3
2015-08-18,9.3
2015-08-19,9.3
2015-08-20,9.3
2015-08-21,9.3
2015-08-22,9.3
2015-08-23,9.3
2015-08-24,9.3
2015-08-25,9.3
2015-08-26,9.3
2015-08-27,9.3
2015-08-28,9.3
2015-08-29,9.3
2015-08-30,9.3
2015-08-31,9.3
2015-09-01,11.4
2015-09-02,11.4
2015-09-03,11.4
2015-09-04,11.4
2015-09-05,11.4
2015-09-06,11.4
2015-09-07,11.4
2015-09-08,11.4
2015-09-09,11.4
2015-09-10,11.4
2015-09-11,11.4
2015-09-12,11.4
2015-09-13,11.4
2015-09-14,11.4
2015-09-15,11.4
2015-09-16,11.4
2015-09-17,11.4
2015-09-18,11.4
2015-09-19,11.4
2015-09-20,11.4
2015-09-21,11.4
2015-09-22,11.4
2015-09-23,11.4
2015-09-24,11.4
2015-09-25,11.4
2015-09-26,11.4
2015-09-27,11.4
2015-09-28,11.4
2015-09-29,11.4
2015-09-30,11.4
2015-10-01,14.0
2015-10-02,14.0
2015-10-03,14.0
2015-10-04,14.0
2015-10-05,14.0
2015-10-06,14.0
2015-10-07,14.0
2015-10-08,14.0
2015-10-09,14.0
2015-10-10,14.0
2015-10-11,14.0
2015-10-12,14.0
2015-10-13,14.0
2015-10-14,14.0
2015-10-15,14.0
2015-10-16,14.0
2015-10-17,14.0
2015-10-18,14.0
2015-10-19,14.0
2015-10-20,14.0
2015-10-21,14.0
2015-10-22,14.0
2015-10-23,14.0
2015-10-24,14.0
2015-10-25,14.0
2015-10-26,14.0
2015-10-27,14.0
2015-10-28,14.0
2015-10-29,14.0
2015-10-30,14.0
2015-10-31,14.0
2015-11-01,15.7
2015-11-02,15.7
2015-11-03,15.7
2015-11-04,15.7
2015-11-05,15.7
2015-11-06,15.7
2015-11-07,15.7
2015-11-08,15.7
2015-11-09,15.7
2015-11-10,15.7
2015-11-11,15.7
2015-11-12,15.7
2015-11-13,15.7
2015-11-14,15.7
2015-11-15,15.7
2015-11-16,15.7
2015-11-17,15.7
2015-11-18,15.7
2015-11-19,15.7
2015-11-20,15.7
2015-11-21,15.7
2015-11-22,15.7
2015-11-23,15.7
2015-11-24,15.7
2015-11-25,15.7
2015-11-26,15.7
2015-11-27,15.7
2015-11-28,15.7
2015-11-29,15.7
2015-11-30,15.7
2015-12-01,15.2
2015-12-02,15.2
2015-12-03,15.2
2015-12-04,15.2
2015-12-05,15.2
2015-12-06,15.2
2015-12-07,15.2
2015-12-08,15.2
2015-12-09,15.2
2015-12-10,15.2
2015-12-11,15.2
2015-12-12,15.2
2015-12-13,15.2
2015-12-14,15.2
2015-12-15,15.2
2015-12-16,15.2
2015-12-17,15.2
2015-12-18,15.2
2015-12-19,15.2
2015-12-20,15.2
2015-12-21,15.2
2015-12-22,15.2
2015-12-23,15.2
2015-12-24,15.2
2015-12-25,15.2
2015-12-26,15.2
2015-12-27,15.2
2015-12-28,15.2
2015-12-29,15.2
2015-12-30,15.2
2015-12-31,15.2
2016-01-01,18.6
2016-01-02,18.6
2016-01-03,18.6
2016-01-04,18.6
2016-01-05,18.6
2016-01-06,18.6
2016-01-07,18.6
2016-01-08,18.6
2016-01-09,18.6
2016-01-10,18.6
2016-01-11,18.6
2016-01-12,18.6
2016-01-13,18.6
2016-01-14,18.6
2016-01-15,18.6
2016-01-16,18.6
2016-01-17,18.6
2016-01-18,18.6
2016-01-19,18.6
2016-01-20,18.6
2016-01-21,18.6
2016-01-22,18.6
2016-01-23,18.6
2016-01-24,18.6
2016-01-25,18.6
2016-01-26,18.6
2016-01-27,18.6
2016-01-28,18.6
2016-01-29,18.6
2016-01-30,18.6
2016-01-31,18.6
2016-02-01,17.4
2016-02-02,17.4
2016-02-03,17.4
2016-02-04,17.4
2016-02-05,17.4
2016-02-06,17.4
2016-02-07,17.4
2016-02-08,17.4
2016-02-09,17.4
2016-02-10,17.4
2016-02-11,17.4
2016-02-12,17.4
2016-02-13,17.4
2016-02-14,17.4
2016-02-15,17.4
2016-02-16,17.4
2016-02-17,17.4
2016-02-18,17.4
2016-02-19,17.4
2016-02-20,17.4
2016-02-21,17.4
2016-02-22,17.4
2016-02-23,17.4
2016-02-24,17.4
2016-02-25,17.4
2016-02-26,17.4
2016-02-27,17.4
2016-02-28,17.4
2016-02-29,17.4
2016-03-01,22.1
2016-03-02,22.1
2016-03-03,22.1
2016-03-04,22.1
2016-03-05,22.1
2016-03-06,22.1
2016-03-07,22.1
2016-03-08,22.1
2016-03-09,22.1
2016-03-10,22.1
2016-03-11,22.1
2016-03-12,22.1
2016-03-13,22.1
2016-03-14,22.1
2016-03-15,22.1
2016-03-16,22.1
2016-03-17,22.1
2016-03-18,22.1
2016-03-19,22.1
2016-03-20,22.1
2016-03-21,22.1
2016-03-22,22.1
2016-03-23,22.1
2016-03-24,22.1
2016-03-25,22.1
2016-03-26,22.1
2016-03-27,22.1
2016-03-28,22.1
2016-03-29,22.1
2016-03-30,22.1
2016-03-31,22.1
