date,close:Au9999
2016/4/13,259.8
2016/4/12,261.3
2016/4/11,260.97
2016/4/8,257.3
2016/4/7,255.64
2016/4/6,255.99
2016/4/5,255.45
2016/4/1,257
2016/3/31,255.7
2016/3/30,258.68
2016/3/29,255.02
2016/3/28,255.78
2016/3/25,256.05
2016/3/24,255
2016/3/23,258.25
2016/3/22,262.1
2016/3/21,259.71
2016/3/18,262.46
2016/3/17,263.86
2016/3/16,259.09
2016/3/15,257.69
2016/3/14,262.08
2016/3/11,264.97
2016/3/10,261.43
2016/3/9,263.75
2016/3/8,266.29
2016/3/7,265
2016/3/4,264.74
2016/3/3,261.47
2016/3/2,258.66
2016/3/1,261.12
2016/2/29,258.86
2016/2/26,260.41
2016/2/25,260.32
2016/2/24,256.98
2016/2/23,256.15
2016/2/22,254.86
2016/2/19,256.65
2016/2/18,253.05
2016/2/17,254
2016/2/16,251.39
2016/2/15,253.7
2016/2/5,243.94
2016/2/4,241.8
2016/2/3,238.5
2016/2/2,238.5
2016/2/1,238.09
2016/1/29,236.48
2016/1/28,236.79
2016/1/27,237.09
2016/1/26,237
2016/1/25,233.69
2016/1/22,232.5
2016/1/21,234.17
2016/1/20,232.3
2016/1/19,231.3
2016/1/18,231.7
2016/1/15,230.5
2016/1/14,231.41
2016/1/13,229.27
2016/1/12,232.51
2016/1/11,234.89
2016/1/8,233.54
2016/1/7,233.24
2016/1/6,228.09
2016/1/5,226.65
2016/1/4,224.77
2015/12/31,222.86
2015/12/30,224.45
2015/12/29,224.72
2015/12/28,224.94
2015/12/25,225.14
2015/12/24,224.73
2015/12/23,224.6
2015/12/22,225.19
2015/12/21,223.94
2015/12/18,221.4
2015/12/17,223.13
2015/12/16,222.3
2015/12/15,221.65
2015/12/14,224.06
2015/12/11,223.02
2015/12/10,222.8
2015/12/9,223.28
2015/12/8,224.89
2015/12/7,224.99
2015/12/4,219.96
2015/12/3,218.18
2015/12/2,220.54
2015/12/1,221.54
2015/11/30,218.02
2015/11/27,220.78
2015/11/26,221.85
2015/11/25,222.84
2015/11/24,221.44
2015/11/23,220.83
2015/11/20,223.1
2015/11/19,221.59
2015/11/18,220.92
2015/11/17,222.16
2015/11/16,225.5
2015/11/13,223.35
2015/11/12,223.4
2015/11/11,224.47
2015/11/10,224.24
2015/11/9,224.39
2015/11/6,227.31
2015/11/5,227.01
2015/11/4,228.74
2015/11/3,232.13
2015/11/2,233.3
2015/10/30,233.91
2015/10/29,237.3
2015/10/28,240
2015/10/27,238.45
2015/10/26,238.3
2015/10/23,240.49
2015/10/22,239.03
2015/10/21,240.31
2015/10/20,240.1
2015/10/19,239.5
2015/10/16,240.56
2015/10/15,241.4
2015/10/14,239.84
2015/10/13,236.3
2015/10/12,237.2
2015/10/9,234.77
2015/10/8,235
2015/9/30,230.5
2015/9/29,230.56
2015/9/28,233.7
2015/9/25,235.24
2015/9/24,233.84
2015/9/23,232.51
2015/9/22,233.4
2015/9/21,234
2015/9/18,231.96
2015/9/17,230.44
2015/9/16,228.02
2015/9/15,227.94
2015/9/14,227.99
2015/9/11,228.35
2015/9/10,228.09
2015/9/9,231.1
2015/9/8,230.58
2015/9/7,231
2015/9/2,234.9
2015/9/1,234.6
2015/8/31,233.75
2015/8/28,233.2
2015/8/27,233.17
2015/8/26,235.78
2015/8/25,237.86
2015/8/24,239.58
2015/8/21,238.02
2015/8/20,234.7
2015/8/19,231.79
2015/8/18,231.04
2015/8/17,230.7
2015/8/14,230.6
2015/8/13,231
2015/8/12,232.24
2015/8/11,224.99
2015/8/10,219.95
2015/8/7,218.7
2015/8/6,217.59
2015/8/5,217.61
2015/8/4,218.14
2015/8/3,219.3
2015/7/31,216.87
2015/7/30,217.51
2015/7/29,219.56
2015/7/28,219.53
2015/7/27,221.38
2015/7/24,217.19
2015/7/23,219.55
2015/7/22,218.9
2015/7/21,221.7
2015/7/20,223.52
2015/7/17,229.19
2015/7/16,229.6
2015/7/15,231.29
2015/7/14,230.8
2015/7/13,231.4
2015/7/10,232.77
2015/7/9,232.64
2015/7/8,229.13
2015/7/7,233.89
2015/7/6,233.69
2015/7/3,233.77
2015/7/2,232.73
2015/7/1,234.38
2015/6/30,234.94
2015/6/29,235.56
2015/6/26,234.98
2015/6/25,235.1
2015/6/24,235
2015/6/23,237.32
2015/6/19,239.4
2015/6/18,237.5
2015/6/17,235.6
2015/6/16,237.3
2015/6/15,236.7
2015/6/12,236.41
2015/6/11,236.49
2015/6/10,236.85
2015/6/9,235.18
2015/6/8,234.7
2015/6/5,235
2015/6/4,235.94
2015/6/3,237.52
2015/6/2,237.4
2015/6/1,236.79
2015/5/29,237.59
2015/5/28,237.25
2015/5/27,237.65
2015/5/26,239.16
2015/5/25,240.5
2015/5/22,241.74
2015/5/21,241.79
2015/5/20,241.17
2015/5/19,243.55
2015/5/18,245.37
2015/5/15,243.56
2015/5/14,242.83
2015/5/13,238.98
2015/5/12,236.9
2015/5/11,237.17
2015/5/8,237.65
2015/5/7,236.89
2015/5/6,238.78
2015/5/5,237.73
2015/5/4,236.97
2015/4/30,239.93
2015/4/29,241.49
2015/4/28,240.5
2015/4/27,236.8
2015/4/24,238.8
2015/4/23,236.99
2015/4/22,240
2015/4/21,238.57
2015/4/20,241.79
2015/4/17,240
2015/4/16,240.3
2015/4/15,238.33
2015/4/14,239.09
2015/4/13,241.34
2015/4/10,238.89
2015/4/9,238.5
2015/4/8,241.9
2015/4/7,241.41
2015/4/3,239.4
2015/4/2,240.3
2015/4/1,236.69
2015/3/31,235.55
2015/3/30,238.74
2015/3/27,240.5
2015/3/26,241.04
2015/3/25,238.19
2015/3/24,237.73
2015/3/23,236.68
2015/3/20,234.5
2015/3/19,234.49
2015/3/18,231
2015/3/17,233
2015/3/16,234.85
2015/3/13,234.64
2015/3/12,235.79
2015/3/11,235.3
2015/3/10,235.45
2015/3/9,237.4
2015/3/6,242.31
2015/3/5,243
2015/3/4,244.18
2015/3/3,245
2015/3/2,247.39
2015/2/27,244.83
2015/2/26,244.59
2015/2/25,244.52
2015/2/17,247.23
2015/2/16,248.6
2015/2/13,247.6
2015/2/12,245.9
2015/2/11,248.88
2015/2/10,250.28
2015/2/9,249.74
2015/2/6,254.93
2015/2/5,255.26
2015/2/4,254.7
2015/2/3,258.26
2015/2/2,257.94
2015/1/30,253.19
2015/1/29,257.5
2015/1/28,259.16
2015/1/27,258.39
2015/1/26,260.8
2015/1/23,259.8
2015/1/22,257.28
2015/1/21,260.29
2015/1/20,255.99
2015/1/19,255.8
2015/1/16,252
2015/1/15,245.01
2015/1/14,247.7
2015/1/13,247.38
2015/1/12,245.8
2015/1/9,242.92
2015/1/8,242.75
2015/1/7,243.14
2015/1/6,242.5
2015/1/5,240.6
2014/12/31,240.59
2014/12/30,237.42
2014/12/29,239.96
2014/12/26,238.2
2014/12/25,236.69
2014/12/24,236.57
2014/12/23,236.95
2014/12/22,240.25
2014/12/19,240.93
2014/12/18,240.35
2014/12/17,239.3
2014/12/16,239.09
2014/12/15,243.1
2014/12/12,242.9
2014/12/11,243.17
2014/12/10,246.15
2014/12/9,240.38
2014/12/8,236.99
2014/12/5,239
2014/12/4,238
2014/12/3,237.65
2014/12/2,238.86
2014/12/1,228.84
2014/11/28,235.5
2014/11/27,236.42
2014/11/26,237.39
2014/11/25,237
2014/11/24,237.15
2014/11/21,235.41
2014/11/20,233.8
2014/11/19,235.2
2014/11/18,234.4
2014/11/17,234.57
2014/11/14,227.2
2014/11/13,228.89
2014/11/12,230.39
2014/11/11,227.79
2014/11/10,230.71
2014/11/7,225.3
2014/11/6,225.38
2014/11/5,225.9
2014/11/4,229.5
2014/11/3,230.93
2014/10/31,230.44
2014/10/30,237.41
2014/10/29,241.83
2014/10/28,241.82
2014/10/27,242.22
2014/10/24,242.42
2014/10/23,244.85
2014/10/22,245.39
2014/10/21,246.99
2014/10/20,244.79
2014/10/17,244.89
2014/10/16,244.41
2014/10/15,242.12
2014/10/14,243.58
2014/10/13,243.64
2014/10/10,241.75
2014/10/9,242.59
2014/10/8,241.26
2014/9/30,241.24
2014/9/29,240.97
2014/9/26,242.76
2014/9/25,239.27
2014/9/24,242.5
2014/9/23,240.9
2014/9/22,239.03
2014/9/19,242.01
2014/9/18,242.33
2014/9/17,245.32
2014/9/16,245.4
2014/9/15,244.8
2014/9/12,245.21
2014/9/11,247.19
2014/9/10,248.46
2014/9/9,248.18
2014/9/5,250.25
2014/9/4,250.91
2014/9/3,251.25
2014/9/2,252.84
2014/9/1,255.14
2014/8/29,255.04
2014/8/28,255.15
2014/8/27,254.95
2014/8/26,255.77
2014/8/25,253.3
2014/8/22,253.91
2014/8/21,253.85
2014/8/20,256.4
2014/8/19,257
2014/8/18,257.5
2014/8/15,260.14
2014/8/14,260.39
2014/8/13,259.61
2014/8/12,260
2014/8/11,259.37
2014/8/8,261.1
2014/8/7,258.71
2014/8/6,256.45
2014/8/5,256.81
2014/8/4,257.63
2014/8/1,255.65
2014/7/31,257.79
2014/7/30,258.4
2014/7/29,259.85
2014/7/28,259.75
2014/7/25,257.85
2014/7/24,258.85
2014/7/23,261.17
2014/7/22,261.09
2014/7/21,262.6
2014/7/18,261.69
2014/7/17,260.45
2014/7/16,259.19
2014/7/15,261.73
2014/7/14,263.26
2014/7/11,266.89
2014/7/10,264.79
2014/7/9,263.76
2014/7/8,263
2014/7/7,261.7
2014/7/4,263.93
2014/7/3,263.71
2014/7/2,264.52
2014/7/1,263.99
2014/6/30,261.86
2014/6/27,263.09
2014/6/26,262.78
2014/6/25,262.9
2014/6/24,263.61
2014/6/23,263.68
2014/6/20,262.5
2014/6/19,255.98
2014/6/18,254.38
2014/6/17,253.75
2014/6/16,256.79
2014/6/13,254.35
2014/6/12,252
2014/6/11,252.46
2014/6/10,251.6
2014/6/9,252.23
2014/6/6,252.75
2014/6/5,250.4
2014/6/4,251
2014/6/3,250.9
2014/5/30,252.8
2014/5/29,252.07
2014/5/28,254.9
2014/5/27,258.29
2014/5/26,259.56
2014/5/23,260.01
2014/5/22,260.1
2014/5/21,259.85
2014/5/20,259.8
2014/5/19,260.71
2014/5/16,259.69
2014/5/15,261
2014/5/14,260.29
2014/5/13,259.49
2014/5/12,259.1
2014/5/9,259.16
2014/5/8,259.05
2014/5/7,262.8
2014/5/6,262.98
2014/5/5,262.84
2014/4/30,260.26
2014/4/29,260.09
2014/4/28,261.89
2014/4/25,259.76
2014/4/24,257.7
2014/4/23,257.88
2014/4/22,258.55
2014/4/21,257.66
2014/4/18,259.33
2014/4/17,259.3
2014/4/16,260.08
2014/4/15,262.18
2014/4/14,264.85
2014/4/11,262.64
2014/4/10,263
2014/4/9,261.12
2014/4/8,261
2014/4/4,257.64
2014/4/3,257.06
2014/4/2,256.25
2014/4/1,256.39
2014/3/31,257.8
2014/3/28,258.5
2014/3/27,259.51
2014/3/26,262
2014/3/25,261.2
2014/3/24,263.89
2014/3/21,265.26
2014/3/20,265.45
2014/3/19,268.2
2014/3/18,269.1
2014/3/17,273.29
2014/3/14,269.63
2014/3/13,269.76
2014/3/12,267.43
2014/3/11,264.51
2014/3/10,262.53
2014/3/7,265.27
2014/3/6,262.99
2014/3/5,263.08
2014/3/4,264
2014/3/3,266.2
2014/2/28,262.73
2014/2/27,261.48
2014/2/26,265.22
2014/2/25,262.39
2014/2/24,260.5
2014/2/21,259.29
2014/2/20,257.49
2014/2/19,258.24
2014/2/18,258.01
2014/2/17,259.85
2014/2/14,256.69
2014/2/13,252.1
2014/2/12,252.06
2014/2/11,251.49
2014/2/10,250.39
2014/2/7,248.29
2014/1/30,246.37
2014/1/29,245.94
2014/1/28,245.9
2014/1/27,247.78
2014/1/24,246.89
2014/1/23,243.27
2014/1/22,243.87
2014/1/21,245.8
2014/1/20,246.82
2014/1/17,245.4
2014/1/16,244.49
2014/1/15,244.16
2014/1/14,246.34
2014/1/13,246.5
2014/1/10,243
2014/1/9,241.82
2014/1/8,241.95
2014/1/7,245.79
2014/1/6,245.39
2014/1/3,243.8
2014/1/2,242.3
2013/12/31,236.46
2013/12/30,238.77
2013/12/27,240.5
2013/12/26,239.29
2013/12/25,238.99
2013/12/24,237.62
2013/12/23,238.77
2013/12/20,236.37
2013/12/19,241
2013/12/18,243.06
2013/12/17,245.55
2013/12/16,242.75
2013/12/13,242.08
2013/12/12,246
2013/12/11,246.71
2013/12/10,244.96
2013/12/9,243.99
2013/12/6,243.5
2013/12/5,243.51
2013/12/4,240.89
2013/12/3,242.18
2013/12/2,245.8
2013/11/29,244.71
2013/11/28,244.6
2013/11/27,245.93
2013/11/26,247.32
2013/11/25,243.32
2013/11/22,245.67
2013/11/21,246.17
2013/11/20,251.21
2013/11/19,250.9
2013/11/18,253.06
2013/11/15,253
2013/11/14,253
2013/11/13,250.98
2013/11/12,251.96
2013/11/11,253.29
2013/11/8,257.52
2013/11/7,259.01
2013/11/6,258.11
2013/11/5,258.75
2013/11/4,258.41
2013/11/1,260.69
2013/10/31,262.25
2013/10/30,263.92
2013/10/29,264.2
2013/10/28,264.13
2013/10/25,262.86
2013/10/24,262.67
2013/10/23,262.49
2013/10/22,259.5
2013/10/21,260.76
2013/10/18,260.13
2013/10/17,254.02
2013/10/16,255.01
2013/10/15,253.36
2013/10/14,255.25
2013/10/11,257.77
2013/10/10,259.8
2013/10/9,262.1
2013/10/8,263.2
2013/9/30,265.65
2013/9/27,263.58
2013/9/26,264.57
2013/9/25,262.2
2013/9/24,262.45
2013/9/23,263.39
2013/9/18,259.02
2013/9/17,262
2013/9/16,263.76
2013/9/13,262.78
2013/9/12,268.09
2013/9/11,272.38
2013/9/10,273.8
2013/9/9,276.16
2013/9/6,273.28
2013/9/5,275.66
2013/9/4,279.18
2013/9/3,276.39
2013/9/2,277
2013/8/30,277.6
2013/8/29,280
2013/8/28,282.27
2013/8/27,278.32
2013/8/26,277.69
2013/8/23,273.19
2013/8/22,271.79
2013/8/21,272.23
2013/8/20,270.66
2013/8/19,273.59
2013/8/16,271.89
2013/8/15,267.23
2013/8/14,264.75
2013/8/13,267.96
2013/8/12,266.76
2013/8/9,262.2
2013/8/8,259.02
2013/8/7,257.11
2013/8/6,259.89
2013/8/5,263.5
2013/8/2,258.27
2013/8/1,264.39
2013/7/31,265.76
2013/7/30,264.1
2013/7/29,264.31
2013/7/26,266.5
2013/7/25,264.9
2013/7/24,268.73
2013/7/23,267.17
2013/7/22,264.59
2013/7/19,259.39
2013/7/18,256.42
2013/7/17,259.2
2013/7/16,259.1
2013/7/15,259.7
2013/7/12,257.59
2013/7/11,259.37
2013/7/10,252.69
2013/7/9,253.8
2013/7/8,251.15
2013/7/5,252.99
2013/7/4,255.25
2013/7/3,252
2013/7/2,256.6
2013/7/1,254.1
2013/6/28,243.5
2013/6/27,250.07
2013/6/26,251.59
2013/6/25,258.91
2013/6/24,260.16
2013/6/21,262.47
2013/6/20,266.48
2013/6/19,274.25
2013/6/18,275.64
2013/6/17,277.13
2013/6/14,277.35
2013/6/13,277.99
2013/6/7,281.09
2013/6/6,277.5
2013/6/5,278.5
2013/6/4,279.55
2013/6/3,277.64
2013/5/31,281.5
2013/5/30,280.85
2013/5/29,277.96
2013/5/28,279.14
2013/5/27,280.85
2013/5/24,279.2
2013/5/23,278
2013/5/22,281.56
2013/5/21,282.64
2013/5/20,276.44
2013/5/17,277.96
2013/5/16,280.94
2013/5/15,285.6
2013/5/14,291.84
2013/5/13,293.64
2013/5/10,296.17
2013/5/9,296.79
2013/5/8,294.52
2013/5/7,294
2013/5/6,299.6
2013/5/3,296.8
2013/5/2,294.58
2013/4/26,296.5
2013/4/25,293.2
2013/4/24,290.79
2013/4/23,283.91
2013/4/22,288.49
2013/4/19,285.5
2013/4/18,275.91
2013/4/17,276.5
2013/4/16,274.76
2013/4/15,289.9
2013/4/12,311.82
2013/4/11,311.87
2013/4/10,316.99
2013/4/9,315.4
2013/4/8,316.69
2013/4/3,314.15
2013/4/2,320.18
2013/4/1,319.87
2013/3/29,320.23
2013/3/28,321.11
2013/3/27,319.25
2013/3/26,321.05
2013/3/25,322.15
2013/3/22,322.7
2013/3/21,322.23
2013/3/20,322.93
2013/3/19,321.82
2013/3/18,321.19
2013/3/15,320.08
2013/3/14,319.41
2013/3/13,320.9
2013/3/12,319.49
2013/3/11,319.5
2013/3/8,318.35
2013/3/7,319
2013/3/6,319.03
2013/3/5,320.56
2013/3/4,320.2
2013/3/1,320.7
2013/2/28,323.99
2013/2/27,326.71
2013/2/26,323.99
2013/2/25,323.55
2013/2/22,323.48
2013/2/21,319.04
2013/2/20,326
2013/2/19,326.79
2013/2/18,327.25
2013/2/8,336.75
2013/2/7,337.3
2013/2/6,337.16
2013/2/5,337.1
2013/2/4,336.74
2013/2/1,335.04
2013/1/31,336.8
2013/1/30,336
2013/1/29,335.33
2013/1/28,334.62
2013/1/25,336.18
2013/1/24,337.39
2013/1/23,339.8
2013/1/22,339.83
2013/1/21,339.35
2013/1/18,339.21
2013/1/17,337.4
2013/1/16,337.7
2013/1/15,337.49
2013/1/14,335.92
2013/1/11,335.93
2013/1/10,333.7
2013/1/9,333.98
2013/1/8,331.58
2013/1/7,333.5
2013/1/4,331.47
2012/12/31,334.5
2012/12/28,332.84
2012/12/27,333.08
2012/12/26,333.27
2012/12/25,333.4
2012/12/24,334.01
2012/12/21,330.62
2012/12/20,335.64
2012/12/19,336.96
2012/12/18,342
2012/12/17,339.5
2012/12/14,341.74
2012/12/13,341.48
2012/12/12,344.45
2012/12/11,343.82
2012/12/10,342.62
2012/12/7,341.4
2012/12/6,338.99
2012/12/5,341.5
2012/12/4,341.27
2012/12/3,344.24
2012/11/30,346.02
2012/11/29,344.37
2012/11/28,347.72
2012/11/27,349.98
2012/11/26,350.14
2012/11/23,346.77
2012/11/22,346.8
2012/11/21,345.6
2012/11/20,347.67
2012/11/19,346.19
2012/11/16,344.11
2012/11/15,345.76
2012/11/14,346.29
2012/11/13,346.01
2012/11/12,348.24
2012/11/9,348.32
2012/11/8,345.49
2012/11/7,347.18
2012/11/6,339.42
2012/11/5,338.16
2012/11/2,343.79
2012/11/1,345.69
2012/10/31,343.94
2012/10/30,344.29
2012/10/29,344.43
2012/10/26,342.49
2012/10/25,345
2012/10/24,344.69
2012/10/23,346.43
2012/10/22,347.51
2012/10/19,349.86
2012/10/18,352
2012/10/17,352.5
2012/10/16,351.64
2012/10/15,352.6
2012/10/12,357.29
2012/10/11,357.54
2012/10/10,357.79
2012/10/9,359.28
2012/10/8,358.3
2012/9/28,360.03
2012/9/27,356.19
2012/9/26,358.25
2012/9/25,358.57
2012/9/24,357.5
2012/9/21,359.53
2012/9/20,357.32
2012/9/19,361
2012/9/18,357.5
2012/9/17,360
2012/9/14,360.31
2012/9/13,352.99
2012/9/12,354
2012/9/11,352.94
2012/9/10,353.5
2012/9/7,346.1
2012/9/6,348.58
2012/9/5,345.85
2012/9/4,346.35
2012/9/3,345.1
2012/8/31,339.69
2012/8/30,339.5
2012/8/29,341.13
2012/8/28,340.2
2012/8/27,342.33
2012/8/24,340.27
2012/8/23,340.65
2012/8/22,335.74
2012/8/21,332.4
2012/8/20,331.93
2012/8/17,331.87
2012/8/16,329.25
2012/8/15,328.13
2012/8/14,331.25
2012/8/13,332.86
2012/8/10,329.87
2012/8/9,331.07
2012/8/8,329.22
2012/8/7,331.25
2012/8/6,329.8
2012/8/3,326.99
2012/8/2,329.4
2012/8/1,331.51
2012/7/31,332.35
2012/7/30,331.75
2012/7/27,331.93
2012/7/26,329.47
2012/7/25,326.57
2012/7/24,324.52
2012/7/23,324
2012/7/20,325.84
2012/7/19,325.25
2012/7/18,325.04
2012/7/17,327.19
2012/7/16,326.51
2012/7/13,323.91
2012/7/12,322.88
2012/7/11,324.54
2012/7/10,325.49
2012/7/9,325.88
2012/7/6,328.3
2012/7/5,330.9
2012/7/4,330.12
2012/7/3,329.12
2012/7/2,326.2
2012/6/29,322.49
2012/6/28,322.71
2012/6/27,322.3
2012/6/26,324.6
2012/6/25,323.14
2012/6/21,328.53
2012/6/20,331.19
2012/6/19,333.72
2012/6/18,331.28
2012/6/15,333.48
2012/6/14,332.3
2012/6/13,330.6
2012/6/12,326.35
2012/6/11,328
2012/6/8,322.91
2012/6/7,332.46
2012/6/6,333.5
2012/6/5,331.01
2012/6/4,332.48
2012/6/1,320.24
2012/5/31,321.75
2012/5/30,318.39
2012/5/29,323.55
2012/5/28,323.99
2012/5/25,321
2012/5/24,319.29
2012/5/23,318.95
2012/5/22,324.49
2012/5/21,326.49
2012/5/18,322.77
2012/5/17,316.98
2012/5/16,313.98
2012/5/15,318.51
2012/5/14,322
2012/5/11,322.34
2012/5/10,325.57
2012/5/9,324.64
2012/5/8,332.55
2012/5/7,333.51
2012/5/4,332.84
2012/5/3,334.52
2012/5/2,336.46
2012/4/27,336.09
2012/4/26,335.45
2012/4/25,334.58
2012/4/24,333.65
2012/4/23,333.3
2012/4/20,334.96
2012/4/19,334.81
2012/4/18,336.39
2012/4/17,335.55
2012/4/16,335.43
2012/4/13,340.99
2012/4/12,337.97
2012/4/11,338.04
2012/4/10,336.49
2012/4/9,335.4
2012/4/6,334.28
2012/4/5,331.78
2012/3/30,339.04
2012/3/29,338.29
2012/3/28,341.22
2012/3/27,343.8
2012/3/26,339.29
2012/3/23,336.6
2012/3/22,336.77
2012/3/21,337.87
2012/3/20,337.62
2012/3/19,339
2012/3/16,339.4
2012/3/15,337.25
2012/3/14,341.35
2012/3/13,347.1
2012/3/12,347.26
2012/3/9,347.2
2012/3/8,343.45
2012/3/7,340.99
2012/3/6,346.01
2012/3/5,348.09
2012/3/2,348.7
2012/3/1,348
2012/2/29,361.96
2012/2/28,359.99
2012/2/27,359.68
2012/2/24,359.79
2012/2/23,359.92
2012/2/22,356.72
2012/2/21,353.65
2012/2/20,351.89
2012/2/17,352.16
2012/2/16,349.98
2012/2/15,351.2
2012/2/14,348.43
2012/2/13,351.59
2012/2/10,351.74
2012/2/9,353.3
2012/2/8,355.3
2012/2/7,351.74
2012/2/6,351.95
2012/2/3,356.99
2012/2/2,355.1
2012/2/1,352.58
2012/1/31,354.16
2012/1/30,351.01
2012/1/20,338.87
2012/1/19,339.38
2012/1/18,338.33
2012/1/17,339.18
2012/1/16,336.39
2012/1/13,337.51
2012/1/12,337.37
2012/1/11,335.5
2012/1/10,332.05
2012/1/9,331.04
2012/1/6,332.58
2012/1/5,331.98
2012/1/4,328.72
2011/12/30,319.8
2011/12/29,315.5
2011/12/28,323.64
2011/12/27,326.37
2011/12/26,328.78
2011/12/23,330.29
2011/12/22,329.91
2011/12/21,333.2
2011/12/20,328.65
2011/12/19,327.72
2011/12/16,329.42
2011/12/15,322.28
2011/12/14,337.95
2011/12/13,339.31
2011/12/12,346.34
2011/12/9,350.8
2011/12/8,356.29
2011/12/7,354.6
2011/12/6,351.48
2011/12/5,357.5
2011/12/2,357.59
2011/12/1,357.68
2011/11/30,351.77
2011/11/29,352.04
2011/11/28,350.99
2011/11/25,345.52
2011/11/24,348.47
2011/11/23,350.25
2011/11/22,346.37
2011/11/21,352.87
2011/11/18,353.7
2011/11/17,361.1
2011/11/16,362.17
2011/11/15,362.63
2011/11/14,365.7
2011/11/11,361.19
2011/11/10,358.89
2011/11/9,364.91
2011/11/8,365.2
2011/11/7,361.65
2011/11/4,359.49
2011/11/3,353.4
2011/11/2,353.52
2011/11/1,351.27
2011/10/31,350.49
2011/10/28,356.34
2011/10/27,352.97
2011/10/26,352.5
2011/10/25,341.5
2011/10/24,341.46
2011/10/21,336.74
2011/10/20,334.98
2011/10/19,340.8
2011/10/18,343.62
2011/10/17,348.29
2011/10/14,345.61
2011/10/13,347
2011/10/12,346.22
2011/10/11,346.79
2011/10/10,342.91
2011/9/30,338.49
2011/9/29,336
2011/9/28,343.25
2011/9/27,342.37
2011/9/26,327.56
2011/9/23,360
2011/9/22,368
2011/9/21,374.61
2011/9/20,370.63
2011/9/19,377.2
2011/9/16,366.93
2011/9/15,374.98
2011/9/14,378
2011/9/13,377.5
2011/9/9,386.93
2011/9/8,380.9
2011/9/7,379.49
2011/9/6,393.48
2011/9/5,387.59
2011/9/2,380.19
2011/9/1,375.11
2011/8/31,377.69
2011/8/30,371.05
2011/8/29,375.5
2011/8/26,368.84
2011/8/25,361.01
2011/8/24,380.45
2011/8/23,387.86
2011/8/22,389.8
2011/8/19,381.48
2011/8/18,369.37
2011/8/17,368
2011/8/16,364.76
2011/8/15,359.51
2011/8/12,362.79
2011/8/11,368.2
2011/8/10,361.75
2011/8/9,360.87
2011/8/8,352.64
2011/8/5,344.95
2011/8/4,344.8
2011/8/3,345.88
2011/8/2,336.4
2011/8/1,333.98
2011/7/29,334
2011/7/28,334.84
2011/7/27,336.1
2011/7/26,334.5
2011/7/25,335.5
2011/7/22,329.7
2011/7/21,333.17
2011/7/20,330.39
2011/7/19,333.94
2011/7/18,331.55
2011/7/15,327.2
2011/7/14,329.08
2011/7/13,326.81
2011/7/12,322.27
2011/7/11,321.89
2011/7/8,318.98
2011/7/7,319.2
2011/7/6,316.51
2011/7/5,312.13
2011/7/4,312.27
2011/7/1,313.33
2011/6/30,314.7
2011/6/29,314.61
2011/6/28,313.62
2011/6/27,313.95
2011/6/24,317.88
2011/6/23,321.5
2011/6/22,321.78
2011/6/21,321.33
2011/6/20,320.67
2011/6/17,318.7
2011/6/16,319.34
2011/6/15,318.5
2011/6/14,317.96
2011/6/13,320
2011/6/10,321.73
2011/6/9,320.71
2011/6/8,321
2011/6/7,322.03
2011/6/3,319.77
2011/6/2,321.38
2011/6/1,319.48
2011/5/31,320.64
2011/5/30,320.29
2011/5/27,319.39
2011/5/26,319.59
2011/5/25,318.89
2011/5/24,318.05
2011/5/23,315.5
2011/5/20,314.12
2011/5/19,313.7
2011/5/18,313.35
2011/5/17,314
2011/5/16,314.02
2011/5/13,317
2011/5/12,312.53
2011/5/11,318.29
2011/5/10,316
2011/5/9,314.92
2011/5/6,311.39
2011/5/5,318.12
2011/5/4,321.67
2011/5/3,322
2011/4/29,320.17
2011/4/28,320.17
2011/4/27,315.74
2011/4/26,316.07
2011/4/25,318.9
2011/4/22,317.48
2011/4/21,315.8
2011/4/20,315.39
2011/4/19,313.6
2011/4/18,312
2011/4/15,310.22
2011/4/14,308.54
2011/4/13,307.95
2011/4/12,307.5
2011/4/11,310.55
2011/4/8,309.2
2011/4/7,306.54
2011/4/6,306.47
2011/4/1,303.04
2011/3/31,302.16
2011/3/30,301.74
2011/3/29,300.83
2011/3/28,300.39
2011/3/25,303.98
2011/3/24,304.3
2011/3/23,302.8
2011/3/22,302.8
2011/3/21,303.15
2011/3/18,300.84
2011/3/17,297.6
2011/3/16,298.5
2011/3/15,300.44
2011/3/14,302.68
2011/3/11,300.95
2011/3/10,303.3
2011/3/9,302.05
2011/3/8,302.02
2011/3/7,304.05
2011/3/4,299.72
2011/3/3,301.7
2011/3/2,302.27
2011/3/1,299.79
2011/2/28,299.6
2011/2/25,298.32
2011/2/24,299.05
2011/2/23,297.3
2011/2/22,296.86
2011/2/21,296.49
2011/2/18,294.1
2011/2/17,293.4
2011/2/16,292.83
2011/2/15,290.95
2011/2/14,290.29
2011/2/11,290.28
2011/2/10,289.71
2011/2/9,290
2011/2/1,285.95
2011/1/31,285.7
2011/1/28,282.58
2011/1/27,287.35
2011/1/26,288.2
2011/1/25,287.3
2011/1/24,291.22
2011/1/21,291.01
2011/1/20,293.91
2011/1/19,295.99
2011/1/18,296.46
2011/1/17,293.39
2011/1/14,295.79
2011/1/13,297.8
2011/1/12,299.22
2011/1/11,299.79
2011/1/10,298.53
2011/1/7,296.89
2011/1/6,298.57
2011/1/5,297.68
2011/1/4,302.5
2010/12/31,301.8
2010/12/30,301.5
2010/12/29,301.07
2010/12/28,299
2010/12/27,298.49
2010/12/24,298.39
2010/12/23,298.07
2010/12/22,298.89
2010/12/21,298.8
2010/12/20,299.55
2010/12/17,296.81
2010/12/16,298.19
2010/12/15,298.83
2010/12/14,301
2010/12/13,299.5
2010/12/10,299.37
2010/12/9,298.52
2010/12/8,298.69
2010/12/7,304.33
2010/12/6,303.09
2010/12/3,298.99
2010/12/2,299.99
2010/12/1,299.6
2010/11/30,295.08
2010/11/29,294.7
2010/11/26,294.85
2010/11/25,295.58
2010/11/24,296.5
2010/11/23,294.57
2010/11/22,293.53
2010/11/19,292.4
2010/11/18,292.09
2010/11/17,289
2010/11/16,293.76
2010/11/15,295.2
2010/11/12,298.99
2010/11/11,302.16
2010/11/10,300.78
2010/11/9,303.62
2010/11/8,298.89
2010/11/5,297.39
2010/11/4,292.59
2010/11/3,291.99
2010/11/2,292.38
2010/11/1,293.07
2010/10/29,289.2
2010/10/28,286.43
2010/10/27,287.13
2010/10/26,287.9
2010/10/25,289.13
2010/10/22,283.95
2010/10/21,287.65
2010/10/20,287.59
2010/10/19,292.62
2010/10/18,290.99
2010/10/15,295.06
2010/10/14,295.99
2010/10/13,291.7
2010/10/12,289.86
2010/10/11,289.99
2010/10/8,285.8
2010/9/30,282.1
2010/9/29,281.95
2010/9/28,278.22
2010/9/27,280.39
2010/9/21,276.42
2010/9/20,277.51
2010/9/17,277.55
2010/9/16,275.2
2010/9/15,276
2010/9/14,273
2010/9/13,272.39
2010/9/10,272.3
2010/9/9,274.14
2010/9/8,275.57
2010/9/7,273.44
2010/9/6,273.7
2010/9/3,273.9
2010/9/2,273.28
2010/9/1,273.97
2010/8/31,270.63
2010/8/30,270.96
2010/8/27,270.01
2010/8/26,271.82
2010/8/25,269.67
2010/8/24,267.52
2010/8/23,269.25
2010/8/20,268.82
2010/8/19,268.79
2010/8/18,266.8
2010/8/17,268
2010/8/16,266.86
2010/8/13,265.9
2010/8/12,262.62
2010/8/11,261.82
2010/8/10,261.78
2010/8/9,263.5
2010/8/6,261.31
2010/8/5,260.78
2010/8/4,260.63
2010/8/3,258.59
2010/8/2,258.39
2010/7/30,255.8
2010/7/29,255.8
2010/7/28,255.8
2010/7/27,259.5
2010/7/26,261.2
2010/7/23,261.73
2010/7/22,259.02
2010/7/21,260
2010/7/20,259
2010/7/19,260.65
2010/7/16,263.6
2010/7/15,264.03
2010/7/14,264.54
2010/7/13,261.88
2010/7/12,263.3
2010/7/9,261.83
2010/7/8,263.18
2010/7/7,260.13
2010/7/6,263.86
2010/7/5,264.71
2010/7/2,263.82
2010/7/1,270.52
2010/6/30,271.44
2010/6/29,270
2010/6/28,273.93
2010/6/25,272.19
2010/6/24,270.14
2010/6/23,272.3
2010/6/22,271.54
2010/6/21,276.09
2010/6/18,272.97
2010/6/17,271.3
2010/6/11,268.92
2010/6/10,269.62
2010/6/9,271.35
2010/6/8,272.28
2010/6/7,267.21
2010/6/4,264.66
2010/6/3,268.87
2010/6/2,268.5
2010/6/1,267.69
2010/5/31,266.01
2010/5/28,266.64
2010/5/27,266.06
2010/5/26,265.2
2010/5/25,261.29
2010/5/24,261.89
2010/5/21,259.8
2010/5/20,261.24
2010/5/19,266.7
2010/5/18,266.79
2010/5/17,271.83
2010/5/14,271.54
2010/5/13,271.8
2010/5/12,270.63
2010/5/11,265.2
2010/5/10,263.09
2010/5/7,263.63
2010/5/6,257.64
2010/5/5,256.88
2010/5/4,258.13
2010/4/30,257.26
2010/4/29,256.24
2010/4/28,255.15
2010/4/27,253.49
2010/4/26,254.3
2010/4/23,251
2010/4/22,252.42
2010/4/21,251.45
2010/4/20,250.59
2010/4/19,248.85
2010/4/16,253.39
2010/4/15,253.5
2010/4/14,253.65
2010/4/13,253.39
2010/4/12,255.69
2010/4/9,253.87
2010/4/8,251.4
2010/4/7,249.8
2010/4/6,247.53
2010/4/2,246.87
2010/4/1,245.48
2010/3/31,244.57
2010/3/30,244.97
2010/3/29,244.77
2010/3/26,243.2
2010/3/25,242.02
2010/3/24,243.5
2010/3/23,243.37
2010/3/22,244.2
2010/3/19,247.29
2010/3/18,246.87
2010/3/17,248.3
2010/3/16,245.15
2010/3/15,243.64
2010/3/12,244.94
2010/3/11,243.72
2010/3/10,246.94
2010/3/9,245.58
2010/3/8,249.7
2010/3/5,248.78
2010/3/4,248.9
2010/3/3,249
2010/3/2,245.09
2010/3/1,245.35
2010/2/26,243.54
2010/2/25,240.55
2010/2/24,242.5
2010/2/23,245.29
2010/2/22,246.59
2010/2/12,239.73
2010/2/11,237.49
2010/2/10,237.47
2010/2/9,236.55
2010/2/8,235.6
2010/2/5,235.31
2010/2/4,243.8
2010/2/3,246.78
2010/2/2,244.1
2010/2/1,239.61
2010/1/29,239.7
2010/1/28,241
2010/1/27,242.91
2010/1/26,243.84
2010/1/25,244.8
2010/1/22,244.27
2010/1/21,247.5
2010/1/20,251
2010/1/19,252.35
2010/1/18,251.58
2010/1/15,251.84
2010/1/14,252
2010/1/13,249.84
2010/1/12,255.16
2010/1/11,254.31
2010/1/8,248.08
2010/1/7,250.34
2010/1/6,246.87
2010/1/5,249.35
2010/1/4,243.89
2009/12/31,244.5
2009/12/30,241.36
2009/12/29,243.28
2009/12/28,244.5
2009/12/25,245.03
2009/12/24,243.54
2009/12/23,239.74
2009/12/22,241.5
2009/12/21,246
2009/12/18,244.73
2009/12/17,248.95
2009/12/16,248
2009/12/15,247.5
2009/12/14,248.21
2009/12/11,251
2009/12/10,248.59
2009/12/9,249.08
2009/12/8,255.9
2009/12/7,254.5
2009/12/4,265.89
2009/12/3,267.7
2009/12/2,265.77
2009/12/1,259.98
2009/11/30,258.25
2009/11/27,255.59
2009/11/26,260.6
2009/11/25,259.22
2009/11/24,255.5
2009/11/23,256.15
2009/11/20,251.95
2009/11/19,251.43
2009/11/18,250.28
2009/11/17,249.39
2009/11/16,248.08
2009/11/13,243
2009/11/12,246.34
2009/11/11,243.49
2009/11/10,241.54
2009/11/9,242.76
2009/11/6,239.4
2009/11/5,238.44
2009/11/4,237.8
2009/11/3,233.24
2009/11/2,229.9
2009/10/30,230.45
2009/10/29,227
2009/10/28,229.06
2009/10/27,229.29
2009/10/26,231.99
2009/10/23,233
2009/10/22,232.45
2009/10/21,233
2009/10/20,234.39
2009/10/19,232
2009/10/16,230.6
2009/10/15,231.97
2009/10/14,234.3
2009/10/13,231.3
2009/10/12,229.92
2009/10/9,229
2009/9/30,219.71
2009/9/29,218.33
2009/9/28,217.43
2009/9/25,218.86
2009/9/24,222.78
2009/9/23,222.87
2009/9/22,222.16
2009/9/21,220.16
2009/9/18,222.69
2009/9/17,224.01
2009/9/16,223.41
2009/9/15,220
2009/9/14,219.2
2009/9/11,219.7
2009/9/10,218.44
2009/9/9,219.53
2009/9/8,220.27
2009/9/7,218.4
2009/9/4,217.34
2009/9/3,215.44
2009/9/2,210.39
2009/9/1,210.22
2009/8/31,209.85
2009/8/28,209.17
2009/8/27,208.6
2009/8/26,208.75
2009/8/25,208.19
2009/8/24,210.03
2009/8/21,207.31
2009/8/20,208.29
2009/8/19,206.6
2009/8/18,207.39
2009/8/17,207.97
2009/8/14,210.15
2009/8/13,210.45
2009/8/12,207.91
2009/8/11,209
2009/8/10,210.01
2009/8/7,211.2
2009/8/6,211.95
2009/8/5,212.02
2009/8/4,209.89
2009/8/3,209.4
2009/7/31,206.26
2009/7/30,205.02
2009/7/29,205.81
2009/7/28,209.86
2009/7/27,210.06
2009/7/24,208.55
2009/7/23,209.41
2009/7/22,208.08
2009/7/21,208.2
2009/7/20,207.75
2009/7/17,205.91
2009/7/16,206.19
2009/7/15,204.14
2009/7/14,202.76
2009/7/13,200.68
2009/7/10,201
2009/7/9,201.3
2009/7/8,203.68
2009/7/7,203.36
2009/7/6,203.8
2009/7/3,205.75
2009/7/2,206.47
2009/7/1,205.16
2009/6/30,207.41
2009/6/29,206.25
2009/6/26,207.81
2009/6/25,205.9
2009/6/24,204.21
2009/6/23,203.03
2009/6/22,205.69
2009/6/19,205.8
2009/6/18,206.78
2009/6/17,206.48
2009/6/16,206.29
2009/6/15,205.89
2009/6/12,209.39
2009/6/11,209.93
2009/6/10,210.95
2009/6/9,209.69
2009/6/8,209.5
2009/6/5,215.5
2009/6/4,213
2009/6/3,216.4
2009/6/2,213
2009/6/1,215.68
2009/5/27,208.69
2009/5/26,209.23
2009/5/25,209.05
2009/5/22,208.61
2009/5/21,207
2009/5/20,203.74
2009/5/19,202.46
2009/5/18,204.62
2009/5/15,203.18
2009/5/14,202.19
2009/5/13,203.11
2009/5/12,200.67
2009/5/11,200.85
2009/5/8,200.53
2009/5/7,200.1
2009/5/6,198.4
2009/5/5,198.3
2009/5/4,196.7
2009/4/30,197.75
2009/4/29,197.12
2009/4/28,197.2
2009/4/27,200
2009/4/24,200.29
2009/4/23,196.37
2009/4/22,195.42
2009/4/21,196.03
2009/4/20,191.91
2009/4/17,192.66
2009/4/16,196.59
2009/4/15,196.2
2009/4/14,197.59
2009/4/13,196.05
2009/4/10,194.75
2009/4/9,194.58
2009/4/8,195.66
2009/4/7,193.99
2009/4/3,199.7
2009/4/2,202.88
2009/4/1,202.1
2009/3/31,202.56
2009/3/30,203.69
2009/3/27,204.91
2009/3/26,205.47
2009/3/25,204.09
2009/3/24,206.49
2009/3/23,210.32
2009/3/20,210
2009/3/19,204.85
2009/3/18,200.4
2009/3/17,202.5
2009/3/16,203.99
2009/3/13,203.37
2009/3/12,201.56
2009/3/11,198.04
2009/3/10,201.8
2009/3/9,205.59
2009/3/6,207.3
2009/3/5,201.43
2009/3/4,201.48
2009/3/3,203.42
2009/3/2,209.98
2009/2/27,207.51
2009/2/26,209.89
2009/2/25,210.4
2009/2/24,217.15
2009/2/23,216.62
2009/2/20,214.99
2009/2/19,214.22
2009/2/18,213.65
2009/2/17,211.1
2009/2/16,206.49
2009/2/13,206.8
2009/2/12,206.58
2009/2/11,200.72
2009/2/10,196.96
2009/2/9,198.87
2009/2/6,201.2
2009/2/5,199
2009/2/4,197.53
2009/2/3,198.09
2009/2/2,199.75
2009/1/23,188.49
2009/1/22,187.8
2009/1/21,187.57
2009/1/20,182.95
2009/1/19,185.2
2009/1/16,182.47
2009/1/15,180.33
2009/1/14,182.99
2009/1/13,181.81
2009/1/12,188.59
2009/1/9,189.69
2009/1/8,187.5
2009/1/7,189.77
2009/1/6,187.67
2009/1/5,192.02
2008/12/31,190.65
2008/12/30,192.69
2008/12/29,194.8
2008/12/26,187.2
2008/12/25,186.6
2008/12/24,185.3
2008/12/23,187.17
2008/12/22,186.01
2008/12/19,187.15
2008/12/18,188.83
2008/12/17,186
2008/12/16,183.8
2008/12/15,182.01
2008/12/12,178.49
2008/12/11,180.53
2008/12/10,175
2008/12/9,173.61
2008/12/8,172.3
2008/12/5,173.12
2008/12/4,171.56
2008/12/3,173.54
2008/12/2,170.76
2008/12/1,178.39
2008/11/28,179.01
2008/11/27,178.8
2008/11/26,178.8
2008/11/25,178.49
2008/11/24,173.5
2008/11/21,167.66
2008/11/20,166
2008/11/19,165.6
2008/11/18,165.43
2008/11/17,166
2008/11/14,164.44
2008/11/13,161.79
2008/11/12,165.64
2008/11/11,167.18
2008/11/10,167.9
2008/11/7,165.52
2008/11/6,165.51
2008/11/5,167.5
2008/11/4,164.82
2008/11/3,165.8
2008/10/31,164
2008/10/30,171.06
2008/10/29,167.56
2008/10/28,167.03
2008/10/27,162.87
2008/10/24,160.81
2008/10/23,162.9
2008/10/22,169
2008/10/21,175
2008/10/20,178.49
2008/10/17,179.04
2008/10/16,184.25
2008/10/15,186.97
2008/10/14,186.79
2008/10/13,189.67
2008/10/10,202.39
2008/10/9,194.31
2008/10/8,196.28
2008/10/7,191.3
2008/10/6,183.18
2008/9/26,192.75
2008/9/25,195.7
2008/9/24,194.4
2008/9/23,193.98
2008/9/22,191.29
2008/9/19,185.07
2008/9/18,191.19
2008/9/17,173.99
2008/9/16,171.45
2008/9/12,167.87
2008/9/11,167.36
2008/9/10,171.68
2008/9/9,176.59
2008/9/8,179.89
2008/9/5,176.9
2008/9/4,178.71
2008/9/3,176.3
2008/9/2,178.28
2008/9/1,183.8
2008/8/29,183.98
2008/8/28,183.78
2008/8/27,182.58
2008/8/26,180.88
2008/8/25,181.19
2008/8/22,184.04
2008/8/21,180.94
2008/8/20,179.99
2008/8/19,174
2008/8/18,178.06
2008/8/15,175.5
2008/8/14,184.26
2008/8/13,182.84
2008/8/12,180
2008/8/11,189.88
2008/8/8,191.5
2008/8/7,195.58
2008/8/6,195.8
2008/8/5,196.4
2008/8/4,201.6
2008/8/1,200.7
2008/7/31,201
2008/7/30,201.61
2008/7/29,204.87
2008/7/28,204.43
2008/7/25,204.9
2008/7/24,203.9
2008/7/23,206.79
2008/7/22,213.01
2008/7/21,211.1
2008/7/18,211.49
2008/7/17,211.27
2008/7/16,213.03
2008/7/15,213.09
2008/7/14,211.29
2008/7/11,207.42
2008/7/10,204.29
2008/7/9,203.32
2008/7/8,205.13
2008/7/7,203.3
2008/7/4,206.22
2008/7/3,207.98
2008/7/2,207.59
2008/7/1,204.19
2008/6/30,204.59
2008/6/27,201.5
2008/6/26,196.29
2008/6/25,196.15
2008/6/24,195.95
2008/6/23,199.93
2008/6/20,199.3
2008/6/19,197.26
2008/6/18,196.39
2008/6/17,196.34
2008/6/16,193.62
2008/6/13,193.8
2008/6/12,193.8
2008/6/11,195.26
2008/6/10,197.49
2008/6/6,196.65
2008/6/5,196.79
2008/6/4,196.1
2008/6/3,199.6
2008/6/2,197.64
2008/5/30,195.79
2008/5/29,200.3
2008/5/28,203.07
2008/5/27,206.69
2008/5/26,206.79
2008/5/23,205.59
2008/5/22,208.06
2008/5/21,205.64
2008/5/20,203.71
2008/5/19,203.4
2008/5/16,198.3
2008/5/15,195.7
2008/5/14,195.3
2008/5/13,197.34
2008/5/12,198
2008/5/9,199
2008/5/8,194.91
2008/5/7,196.46
2008/5/6,196.8
2008/5/5,194.98
2008/4/30,198.13
2008/4/29,200
2008/4/28,202.02
2008/4/25,200.32
2008/4/24,203.71
2008/4/23,206.75
2008/4/22,206.02
2008/4/21,207.29
2008/4/18,212.34
2008/4/17,212.47
2008/4/16,209
2008/4/15,210.19
2008/4/14,207.3
2008/4/11,208.09
2008/4/10,208.99
2008/4/9,204.86
2008/4/8,207.15
2008/4/7,205.75
2008/4/3,203.39
2008/4/2,200.99
2008/4/1,205
2008/3/31,212
2008/3/28,213.31
2008/3/27,214.64
2008/3/26,212.21
2008/3/25,210.34
2008/3/24,206.9
2008/3/21,209.95
2008/3/20,213.65
2008/3/19,226
2008/3/18,228.78
2008/3/17,233.59
2008/3/14,226.9
2008/3/13,225.2
2008/3/12,223
2008/3/11,222.38
2008/3/10,224.01
2008/3/7,225
2008/3/6,225.73
2008/3/5,220.9
2008/3/4,224.51
2008/3/3,224.89
2008/2/29,221.35
2008/2/28,218.49
2008/2/27,219.8
2008/2/26,214.8
2008/2/25,217.89
2008/2/22,217.18
2008/2/21,216.49
2008/2/20,213.35
2008/2/19,210.16
2008/2/18,209.33
2008/2/15,210.45
2008/2/14,210.87
2008/2/13,208.2
2008/2/5,208.97
2008/2/4,210.11
2008/2/1,213.98
2008/1/31,213.98
2008/1/30,214
2008/1/29,214.3
2008/1/28,213.09
2008/1/25,211.85
2008/1/24,207.25
2008/1/23,207.33
2008/1/22,200.4
2008/1/21,205.76
2008/1/18,205.25
2008/1/17,206.98
2008/1/16,206.72
2008/1/15,212.34
2008/1/14,211.18
2008/1/11,208.4
2008/1/10,205.6
2008/1/9,208.83
2008/1/8,203.9
2008/1/7,200.26
2008/1/4,202.5
2008/1/3,200.8
2008/1/2,196.46
2007/12/28,195.03
2007/12/27,193.8
2007/12/26,193.04
2007/12/25,192.27
2007/12/24,192.16
2007/12/21,190.5
2007/12/20,190
2007/12/19,191.11
2007/12/18,189.42
2007/12/17,189.1
2007/12/14,190.5
2007/12/13,192
2007/12/12,191.25
2007/12/11,192.31
2007/12/10,190.24
2007/12/7,190.64
2007/12/6,189.89
2007/12/5,191.93
2007/12/4,189.7
2007/12/3,188.81
2007/11/30,190.23
2007/11/29,192
2007/11/28,193.2
2007/11/27,196.44
2007/11/26,196.75
2007/11/23,193.62
2007/11/22,192.5
2007/11/21,193.6
2007/11/20,189.4
2007/11/19,189.69
2007/11/16,190.69
2007/11/15,195.27
2007/11/14,193.13
2007/11/13,193.93
2007/11/12,195.6
2007/11/9,199.95
2007/11/8,199.43
2007/11/7,199.96
2007/11/6,195.29
2007/11/5,193.14
2007/11/2,189.97
2007/11/1,190.82
2007/10/31,188.68
2007/10/30,188.78
2007/10/29,190.02
2007/10/26,186.99
2007/10/25,183.98
2007/10/24,182.61
2007/10/23,183.54
2007/10/22,183.91
2007/10/19,185.85
2007/10/18,184
2007/10/17,183
2007/10/16,185.32
2007/10/15,182.8
2007/10/12,180.5
2007/10/11,179.7
2007/10/10,178.8
2007/10/9,177.64
2007/10/8,178.42
2007/9/28,178.2
2007/9/27,176.71
2007/9/26,177.8
2007/9/25,176.28
2007/9/24,177.94
2007/9/21,178.12
2007/9/20,175.48
2007/9/19,175.31
2007/9/18,173.42
2007/9/17,172.18
2007/9/14,170.89
2007/9/13,171.26
2007/9/12,172.16
2007/9/11,170.18
2007/9/10,170.03
2007/9/7,167.82
2007/9/6,165.8
2007/9/5,164.98
2007/9/4,163.5
2007/9/3,163.25
2007/8/31,162.03
2007/8/30,161.68
2007/8/29,161.8
2007/8/28,162.27
2007/8/27,162.42
2007/8/24,161.1
2007/8/23,161.95
2007/8/22,161.1
2007/8/21,161.01
2007/8/20,160.96
2007/8/17,159.59
2007/8/16,162.72
2007/8/15,162.74
2007/8/14,163.33
2007/8/13,163.29
2007/8/10,162.1
2007/8/9,163.9
2007/8/8,163.3
2007/8/7,163.05
2007/8/6,163.65
2007/8/3,162.27
2007/8/2,161.94
2007/8/1,160.97
2007/7/31,162.21
2007/7/30,161.79
2007/7/27,161.63
2007/7/26,164.56
2007/7/25,164.92
2007/7/24,165.86
2007/7/23,165.79
2007/7/20,164.58
2007/7/19,163.58
2007/7/18,162.75
2007/7/17,162.24
2007/7/16,162.32
2007/7/13,162.09
2007/7/12,161.36
2007/7/11,162.19
2007/7/10,161.07
2007/7/9,160.32
2007/7/6,158.83
2007/7/5,160.33
2007/7/4,160.29
2007/7/3,161.03
2007/7/2,159.3
2007/6/29,158.8
2007/6/28,158.46
2007/6/27,157.27
2007/6/26,159.76
2007/6/25,160.13
2007/6/22,160.46
2007/6/21,161.13
2007/6/20,162
2007/6/19,161.35
2007/6/18,161.9
2007/6/15,160.18
2007/6/14,160.2
2007/6/13,159
2007/6/12,160.82
2007/6/11,161.13
2007/6/8,162.39
2007/6/7,165.03
2007/6/6,165.03
2007/6/5,165.4
2007/6/4,164.87
2007/6/1,163.25
2007/5/31,162.16
2007/5/30,161.55
2007/5/29,161.82
2007/5/28,161.79
2007/5/25,161.41
2007/5/24,163.14
2007/5/23,162.87
2007/5/22,163.74
2007/5/21,163.58
2007/5/18,162.66
2007/5/17,164.45
2007/5/16,166.6
2007/5/15,166
2007/5/14,166.4
2007/5/11,165.79
2007/5/10,168.51
2007/5/9,170.09
2007/5/8,170.03
2007/4/30,168.23
2007/4/27,167.63
2007/4/26,170.63
2007/4/25,170.61
2007/4/24,171.85
2007/4/23,171.72
2007/4/20,170.57
2007/4/19,170.08
2007/4/18,171.79
2007/4/17,170.82
2007/4/16,170.32
2007/4/13,168.29
2007/4/12,168.84
2007/4/11,168.38
2007/4/10,168.12
2007/4/9,166.98
2007/4/6,167.5
2007/4/5,167.19
2007/4/4,166.45
2007/4/3,165.39
2007/4/2,165.27
2007/3/30,165.36
2007/3/29,165.27
2007/3/28,165.5
2007/3/27,165.22
2007/3/26,164.15
2007/3/23,164.5
2007/3/22,165.15
2007/3/21,164.09
2007/3/20,163.02
2007/3/19,163.44
2007/3/16,161.72
2007/3/15,161.09
2007/3/14,160.28
2007/3/13,162.28
2007/3/12,162.77
2007/3/9,163
2007/3/8,163.1
2007/3/7,160.8
2007/3/6,161.19
2007/3/5,159.6
2007/3/2,164.81
2007/3/1,167.9
2007/2/28,167.25
2007/2/27,170.3
2007/2/26,170.7
2007/2/16,166.21
2007/2/15,166.59
2007/2/14,166.14
2007/2/13,165.17
2007/2/12,165.56
2007/2/9,164.03
2007/2/8,162.58
2007/2/7,163.48
2007/2/6,162.19
2007/2/5,161.65
2007/2/2,163.31
2007/2/1,162.65
2007/1/31,161.22
2007/1/30,160.69
2007/1/29,161.51
2007/1/26,161.31
2007/1/25,161.28
2007/1/24,160.41
2007/1/23,158.82
2007/1/22,158.66
2007/1/19,157.48
2007/1/18,157.8
2007/1/17,156.48
2007/1/16,156.8
2007/1/15,156.92
2007/1/12,154.23
2007/1/11,153.86
2007/1/10,154.34
2007/1/9,154.45
2007/1/8,153.72
2007/1/5,156.94
2007/1/4,158.58
2006/12/29,159.34
2006/12/28,157.72
2006/12/27,157.38
2006/12/26,157.9
2006/12/25,156.59
2006/12/22,156.42
2006/12/21,155
2006/12/20,156.79
2006/12/19,155.73
2006/12/18,156.04
2006/12/15,160.11
2006/12/14,158.57
2006/12/13,158.69
2006/12/12,159.29
2006/12/11,158.36
2006/12/8,159.68
2006/12/7,158.97
2006/12/6,161.1
2006/12/5,162.5
2006/12/4,163.11
2006/12/1,162.76
2006/11/30,160.9
2006/11/29,161.4
2006/11/28,161.5
2006/11/27,161
2006/11/24,159.45
2006/11/23,158.99
2006/11/22,159
2006/11/21,158
2006/11/20,157.87
2006/11/17,156.88
2006/11/16,158.3
2006/11/15,158.1
2006/11/14,157.97
2006/11/13,159.44
2006/11/10,159.87
2006/11/9,156.75
2006/11/8,158.54
2006/11/7,158.25
2006/11/6,158.68
2006/11/3,157.42
2006/11/2,155.29
2006/11/1,153.47
2006/10/31,152.1
2006/10/30,152.18
2006/10/27,150.27
2006/10/26,150.74
2006/10/25,148.45
2006/10/24,148
2006/10/23,150.34
2006/10/20,152.75
2006/10/19,150.09
2006/10/18,150.41
2006/10/17,151.3
2006/10/16,150.38
2006/10/13,147.54
2006/10/12,147.07
2006/10/11,146.09
2006/10/10,148.03
2006/10/9,148.06
2006/9/29,153.51
2006/9/28,152.85
2006/9/27,151.4
2006/9/26,150.5
2006/9/25,150.38
2006/9/22,149.79
2006/9/21,148.57
2006/9/20,148.4
2006/9/19,150.1
2006/9/18,149.36
2006/9/15,148.88
2006/9/14,151.99
2006/9/13,150
2006/9/12,153.01
2006/9/11,152.69
2006/9/8,158.71
2006/9/7,162.7
2006/9/5,161.17
2006/9/4,160.57
2006/9/1,160.48
2006/8/31,159.15
2006/8/30,157.79
2006/8/29,158.26
2006/8/28,159.78
2006/8/25,160.35
2006/8/24,159.97
2006/8/23,160.15
2006/8/22,161.04
2006/8/21,160
2006/8/18,158.08
2006/8/17,162.4
2006/8/16,161.32
2006/8/15,161.53
2006/8/14,162.04
2006/8/11,164.88
2006/8/10,167.3
2006/8/9,164.61
2006/8/8,165.82
2006/8/7,166.8
2006/8/4,165.45
2006/8/3,166.45
2006/8/2,166.09
2006/8/1,162.77
2006/7/31,163.1
2006/7/28,162.51
2006/7/27,161.85
2006/7/26,159.73
2006/7/25,160.57
2006/7/24,158.96
2006/7/21,161.26
2006/7/20,164.53
2006/7/19,161.37
2006/7/18,167.61
2006/7/17,173.55
2006/7/14,169.05
2006/7/13,166.85
2006/7/12,164.39
2006/7/11,160.9
2006/7/10,161.69
2006/7/7,162.3
2006/7/6,160.72
2006/7/5,160.5
2006/7/4,159.72
2006/7/3,159.19
2006/6/30,154.02
2006/6/29,149.69
2006/6/28,150
2006/6/27,151.69
2006/6/26,151.35
2006/6/23,150.3
2006/6/22,153.15
2006/6/21,149.25
2006/6/20,146.1
2006/6/19,147.69
2006/6/16,150.69
2006/6/15,147.7
2006/6/14,144.94
2006/6/13,152.9
2006/6/12,155.67
2006/6/9,157.41
2006/6/8,160.32
2006/6/7,161.5
2006/6/6,164.2
2006/6/5,165.39
2006/6/2,162.03
2006/6/1,163.67
2006/5/31,168.83
2006/5/30,168.83
2006/5/29,167.81
2006/5/26,168.49
2006/5/25,167.69
2006/5/24,172.27
2006/5/23,170
2006/5/22,166.67
2006/5/19,177.37
2006/5/18,177.4
2006/5/17,181.8
2006/5/16,175.15
2006/5/15,184.45
2006/5/12,185.53
2006/5/11,183.24
2006/5/10,181.15
2006/5/9,174.19
2006/5/8,175.67
2006/4/28,164.39
2006/4/27,164.4
2006/4/26,163
2006/4/25,162
2006/4/24,162.74
2006/4/21,159.36
2006/4/20,165.69
2006/4/19,160.69
2006/4/18,158.77
2006/4/17,156.32
2006/4/14,154.74
2006/4/13,153.55
2006/4/12,154.15
2006/4/11,155.05
2006/4/10,153.3
2006/4/7,153.13
2006/4/6,152.59
2006/4/5,150.4
2006/4/4,151.1
2006/4/3,150.39
2006/3/31,150.4
2006/3/30,147.79
2006/3/29,144.98
2006/3/28,145.7
2006/3/27,144.77
2006/3/24,142.05
2006/3/23,141.87
2006/3/22,142.8
2006/3/21,142.95
2006/3/20,144
2006/3/17,143.45
2006/3/16,142.52
2006/3/15,142.62
2006/3/14,141.65
2006/3/13,141.45
2006/3/10,141.75
2006/3/9,141.85
2006/3/8,143.22
2006/3/7,144.85
2006/3/6,146.8
2006/3/3,146.69
2006/3/2,145.55
2006/3/1,144.77
2006/2/28,143.44
2006/2/27,143.76
2006/2/24,143.28
2006/2/23,143.15
2006/2/22,143.61
2006/2/21,143.5
2006/2/20,143.68
2006/2/17,141.44
2006/2/16,142
2006/2/15,141.85
2006/2/14,139.62
2006/2/13,141.91
2006/2/10,145.19
2006/2/9,144.59
2006/2/8,142.55
2006/2/7,147.82
2006/2/6,147.8
2006/1/27,144
2006/1/26,144.8
2006/1/25,143.95
2006/1/24,144
2006/1/23,144.05
2006/1/20,143.86
2006/1/19,143.16
2006/1/18,141.99
2006/1/17,144.34
2006/1/16,143.65
2006/1/13,141.6
2006/1/12,141.85
2006/1/11,141.07
2006/1/10,140.94
2006/1/9,140.44
2006/1/6,136.81
2006/1/5,137.89
2006/1/4,138.21
2005/12/30,133.55
2005/12/29,134.17
2005/12/28,132.81
2005/12/27,132.21
2005/12/26,131.73
2005/12/23,131.23
2005/12/22,129.34
2005/12/21,128.61
2005/12/20,132
2005/12/19,132.38
2005/12/16,129.63
2005/12/15,131.65
2005/12/14,133.88
2005/12/13,136.19
2005/12/12,139.45
2005/12/9,136.3
2005/12/8,134.79
2005/12/7,133.39
2005/12/6,131.9
2005/12/5,131.99
2005/12/2,130.38
2005/12/1,128.85
2005/11/30,129
2005/11/29,129.5
2005/11/28,129
2005/11/25,128.46
2005/11/24,127.87
2005/11/23,127.28
2005/11/22,127.08
2005/11/21,125.82
2005/11/18,125.34
2005/11/17,123.25
2005/11/16,122.15
2005/11/15,121.51
2005/11/14,122.15
2005/11/11,121
2005/11/10,121.29
2005/11/9,120.6
2005/11/8,119.25
2005/11/7,119.6
2005/11/4,120.33
2005/11/3,121.24
2005/11/2,120.55
2005/11/1,121.38
2005/10/31,122.41
2005/10/28,122.71
2005/10/27,122.98
2005/10/26,122.82
2005/10/25,121.04
2005/10/24,120.6
2005/10/21,120.6
2005/10/20,121.11
2005/10/19,122.2
2005/10/18,123.06
2005/10/17,122.65
2005/10/14,122.69
2005/10/13,123.08
2005/10/12,123.68
2005/10/11,123.09
2005/10/10,123
2005/9/30,121.84
2005/9/29,122
2005/9/28,120.26
2005/9/27,120.75
2005/9/26,119.9
2005/9/23,120.83
2005/9/22,122.33
2005/9/21,120.6
2005/9/20,120.07
2005/9/19,118.09
2005/9/16,117.69
2005/9/15,116.35
2005/9/14,115.9
2005/9/13,115.86
2005/9/12,116.1
2005/9/9,115.99
2005/9/8,115.4
2005/9/7,115.56
2005/9/6,115.01
2005/9/5,115.4
2005/9/2,114.7
2005/9/1,113.72
2005/8/31,113.4
2005/8/30,114
2005/8/29,114.74
2005/8/26,114.37
2005/8/25,114.39
2005/8/24,114.01
2005/8/23,114.47
2005/8/22,114.15
2005/8/19,114.32
2005/8/18,114
2005/8/17,114.8
2005/8/16,114.35
2005/8/15,114.54
2005/8/12,115.05
2005/8/11,113.78
2005/8/10,113.1
2005/8/9,112.95
2005/8/8,113.15
2005/8/5,113.11
2005/8/4,113.15
2005/8/3,112.3
2005/8/2,112.53
2005/8/1,112.37
2005/7/29,111.67
2005/7/28,111.18
2005/7/27,110.53
2005/7/26,111.21
2005/7/25,111.49
2005/7/22,111.83
2005/7/21,112.97
2005/7/20,112.37
2005/7/19,112.38
2005/7/18,112.76
2005/7/15,112.49
2005/7/14,113.74
2005/7/13,113.83
2005/7/12,114
2005/7/11,113.54
2005/7/8,113.34
2005/7/7,113.63
2005/7/6,113.4
2005/7/5,113.72
2005/7/4,113.91
2005/7/1,115.38
2005/6/30,115.45
2005/6/29,114.95
2005/6/28,115.86
2005/6/27,116.09
2005/6/24,116.31
2005/6/23,115.64
2005/6/22,115.77
2005/6/21,114.88
2005/6/20,115.8
2005/6/17,115.1
2005/6/16,113.67
2005/6/15,113.2
2005/6/14,113.19
2005/6/13,112.87
2005/6/10,112.74
2005/6/9,112.75
2005/6/8,113
2005/6/7,113.29
2005/6/6,112.77
2005/6/3,112.35
2005/6/2,111.27
2005/6/1,111.25
2005/5/31,111.26
2005/5/30,111.61
2005/5/27,111.85
2005/5/26,111.85
2005/5/25,111.84
2005/5/24,111.66
2005/5/23,111.52
2005/5/20,112.48
2005/5/19,112.75
2005/5/18,112.39
2005/5/17,112.23
2005/5/16,112.18
2005/5/13,113.05
2005/5/12,113.86
2005/5/11,114.29
2005/5/10,114
2005/5/9,113.86
2005/4/29,115.2
2005/4/28,115.09
2005/4/27,115.6
2005/4/26,115.73
2005/4/25,115.54
2005/4/22,115.62
2005/4/21,115.49
2005/4/20,115.37
2005/4/19,114.47
2005/4/18,114
2005/4/15,113.79
2005/4/14,114.66
2005/4/13,114.8
2005/4/12,115.03
2005/4/11,114.59
2005/4/8,114.26
2005/4/7,114.66
2005/4/6,114.2
2005/4/5,113.61
2005/4/4,114.32
2005/4/1,114.8
2005/3/31,114.08
2005/3/30,114.45
2005/3/29,115.04
2005/3/28,115.12
2005/3/25,115.45
2005/3/24,116.54
2005/3/23,116.5
2005/3/22,116.55
2005/3/21,117.46
2005/3/18,117.73
2005/3/17,118.3
2005/3/16,117.78
2005/3/15,117.99
2005/3/14,117.94
2005/3/11,117.64
2005/3/10,117.79
2005/3/9,117.3
2005/3/8,116.68
2005/3/7,116.29
2005/3/4,115.88
2005/3/3,116.22
2005/3/2,115.64
2005/3/1,116.19
2005/2/28,116.45
2005/2/25,115.6
2005/2/24,115.94
2005/2/23,115.84
2005/2/22,114.76
2005/2/21,113.9
2005/2/18,113.8
2005/2/17,113.23
2005/2/16,113.04
2005/2/4,111.84
2005/2/3,112.82
2005/2/2,112.86
2005/2/1,113.13
2005/1/31,113.32
2005/1/28,113.56
2005/1/27,113.67
2005/1/26,113.16
2005/1/25,114
2005/1/24,114.2
2005/1/21,113.2
2005/1/20,113.25
2005/1/19,113.38
2005/1/18,113.42
2005/1/17,113.3
2005/1/14,113.67
2005/1/13,114.17
2005/1/12,113.29
2005/1/11,113
2005/1/10,112.7
2005/1/7,113.19
2005/1/6,114.39
2005/1/5,114.64
2005/1/4,114.87
2004/12/31,118.08
2004/12/30,116.81
2004/12/29,118.42
2004/12/28,118.36
2004/12/27,118.11
2004/12/24,118.05
2004/12/23,118.09
2004/12/22,117.9
2004/12/21,117.97
2004/12/20,117.5
2004/12/17,117.44
2004/12/16,118.9
2004/12/15,117.17
2004/12/14,117.55
2004/12/13,116.42
2004/12/10,116.41
2004/12/9,117.58
2004/12/8,119.5
2004/12/7,120.78
2004/12/6,120.82
2004/12/3,120.14
2004/12/2,121.4
2004/12/1,120.6
2004/11/30,120.5
2004/11/29,120
2004/11/26,120.78
2004/11/25,119.9
2004/11/24,119.4
2004/11/23,118.76
2004/11/22,118.63
2004/11/19,117.95
2004/11/18,118.31
2004/11/17,117
2004/11/16,116.09
2004/11/15,116.65
2004/11/12,115.57
2004/11/11,115.5
2004/11/10,115.6
2004/11/9,114.84
2004/11/8,114.85
2004/11/5,113.76
2004/11/4,113.95
2004/11/3,112.25
2004/11/2,113.27
2004/11/1,113.5
2004/10/29,113.2
2004/10/28,112.75
2004/10/27,113
2004/10/26,113
2004/10/25,113
2004/10/22,112.35
2004/10/21,112.55
2004/10/20,111.45
2004/10/19,110.57
2004/10/18,111
2004/10/15,110.94
2004/10/14,110.25
2004/10/13,110.23
2004/10/12,111.3
2004/10/11,111.36
2004/10/8,110.4
2004/9/30,108.68
2004/9/29,109.14
2004/9/28,108.84
2004/9/27,108.5
2004/9/24,108.74
2004/9/23,108.37
2004/9/22,108.49
2004/9/21,107.79
2004/9/20,107.81
2004/9/17,107.62
2004/9/16,107.71
2004/9/15,107.61
2004/9/14,107.7
2004/9/13,107.1
2004/9/10,107.14
2004/9/9,107.18
2004/9/8,106.58
2004/9/7,107.33
2004/9/6,107.55
2004/9/3,108.26
2004/9/2,108.59
2004/9/1,108.68
2004/8/31,108.23
2004/8/30,107.65
2004/8/27,108.15
2004/8/26,107.9
2004/8/25,107.44
2004/8/24,107.87
2004/8/23,108.55
2004/8/20,107.8
2004/8/19,107.3
2004/8/18,107.01
2004/8/17,106.95
2004/8/16,106.44
2004/8/13,105.13
2004/8/12,105.45
2004/8/11,105.8
2004/8/10,106
2004/8/9,105.95
2004/8/6,104.86
2004/8/5,105.18
2004/8/4,104.86
2004/8/3,104.5
2004/8/2,104.98
2004/7/30,104.16
2004/7/29,104.64
2004/7/28,104.03
2004/7/27,104.92
2004/7/26,104.85
2004/7/23,105.7
2004/7/22,106.67
2004/7/21,107.27
2004/7/20,108.08
2004/7/19,108.09
2004/7/16,107.41
2004/7/15,107.43
2004/7/14,107.49
2004/7/13,107.25
2004/7/12,108.01
2004/7/9,107.47
2004/7/8,106.15
2004/7/7,105.87
2004/7/6,106.18
2004/7/5,106
2004/7/2,105.2
2004/7/1,104.96
2004/6/30,104.71
2004/6/29,105.79
2004/6/28,106.29
2004/6/25,106.38
2004/6/24,104.82
2004/6/23,105.09
2004/6/22,104.49
2004/6/21,104.6
2004/6/18,103
2004/6/17,102.87
2004/6/16,103.62
2004/6/15,102.39
2004/6/14,102.33
2004/6/11,103.08
2004/6/10,103.67
2004/6/9,103.89
2004/6/8,105.18
2004/6/7,105.29
2004/6/4,103.87
2004/6/3,104.23
2004/6/2,105.18
2004/6/1,105.5
2004/5/31,105.13
2004/5/28,105.58
2004/5/27,104.52
2004/5/26,103.97
2004/5/25,103.18
2004/5/24,102.59
2004/5/21,102.42
2004/5/20,102.15
2004/5/19,102.1
2004/5/18,102.05
2004/5/17,102.29
2004/5/14,100.99
2004/5/13,101.52
2004/5/12,102.28
2004/5/11,102.34
2004/5/10,101.87
2004/5/9,103.25
2004/5/8,103.25
2004/4/30,104.54
2004/4/29,103.42
2004/4/28,107
2004/4/27,106.98
2004/4/26,106.03
2004/4/23,106.24
2004/4/22,105.96
2004/4/21,106.44
2004/4/20,107.97
2004/4/19,109.21
2004/4/16,108.37
2004/4/15,107.9
2004/4/14,109.46
2004/4/13,112
2004/4/12,112.63
2004/4/9,112.63
2004/4/8,112.78
2004/4/7,112.09
2004/4/6,111.05
2004/4/5,112
2004/4/2,113.15
2004/4/1,112.88
2004/3/31,112.21
2004/3/30,111.26
2004/3/29,111.38
2004/3/26,110.6
2004/3/25,110.59
2004/3/24,111
2004/3/23,110.9
2004/3/22,109.47
2004/3/19,109
2004/3/18,108.11
2004/3/17,107.18
2004/3/16,106.8
2004/3/15,106.49
2004/3/12,107.05
2004/3/11,106.81
2004/3/10,106.92
2004/3/9,107.47
2004/3/8,106.9
2004/3/5,106
2004/3/4,105.6
2004/3/3,105
2004/3/2,106.95
2004/3/1,106.89
2004/2/27,106.94
2004/2/26,107.33
2004/2/25,108.34
2004/2/24,107.8
2004/2/23,107.53
2004/2/20,109.39
2004/2/19,109.65
2004/2/18,110.7
2004/2/17,110.05
2004/2/16,109.48
2004/2/13,109.88
2004/2/12,109.61
2004/2/11,108.96
2004/2/10,109.21
2004/2/9,108.4
2004/2/6,107.06
2004/2/5,107.28
2004/2/4,107.1
2004/2/3,107.02
2004/2/2,107.91
2004/1/30,108.09
2004/1/29,109.65
2004/1/21,109.73
2004/1/20,108.82
2004/1/19,109.7
2004/1/18,109.37
2004/1/17,109.35
2004/1/16,108.87
2004/1/15,111.83
2004/1/14,113.1
2004/1/13,113.63
2004/1/12,114.15
2004/1/9,113.19
2004/1/8,114.14
2004/1/7,114.24
2004/1/6,114.99
2004/1/5,111.88
2004/1/2,111.18
2003/12/31,111
2003/12/30,110.5
2003/12/29,110.16
2003/12/26,110.23
2003/12/25,110
2003/12/24,109.53
2003/12/23,109.32
2003/12/22,109.17
2003/12/19,109.2
2003/12/18,109.3
2003/12/17,108.75
2003/12/16,109.15
2003/12/15,107.93
2003/12/12,108.28
2003/12/11,108.02
2003/12/10,109
2003/12/9,109.15
2003/12/8,108.44
2003/12/5,107.46
2003/12/4,107.27
2003/12/3,107.39
2003/12/2,106.84
2003/12/1,106.38
2003/11/28,105.51
2003/11/27,106
2003/11/26,105.6
2003/11/25,106
2003/11/24,106.22
2003/11/21,106.25
2003/11/20,105.74
2003/11/19,106.1
2003/11/18,104.68
2003/11/17,105.54
2003/11/14,105.29
2003/11/13,104.65
2003/11/12,103.29
2003/11/11,102.96
2003/11/10,102.38
2003/11/7,102.05
2003/11/6,102.36
2003/11/5,102.08
2003/11/4,101.22
2003/11/3,102.33
2003/10/31,102.31
2003/10/30,102.79
2003/10/29,101.86
2003/10/28,102.58
2003/10/27,102.85
2003/10/24,102.46
2003/10/23,102.97
2003/10/22,101.48
2003/10/21,100
2003/10/20,100.01
2003/10/17,100.58
2003/10/16,99.99
2003/10/15,99.98
2003/10/14,99.52
2003/10/13,99.38
2003/10/10,98.9
2003/10/9,100.32
2003/10/8,100.47
2003/9/30,101.99
2003/9/29,101.42
2003/9/26,102.71
2003/9/25,103.3
2003/9/24,102.39
2003/9/23,102.55
2003/9/22,102.45
2003/9/19,100.35
2003/9/18,100.53
2003/9/17,99.6
2003/9/16,100.13
2003/9/15,99.91
2003/9/12,100.83
2003/9/11,101.27
2003/9/10,101.36
2003/9/9,100.36
2003/9/8,99.7
2003/9/5,98.98
2003/9/4,99.29
2003/9/3,98.88
2003/9/2,99.65
2003/9/1,99.34
2003/8/29,97.78
2003/8/28,97.58
2003/8/27,96.43
2003/8/26,96.45
2003/8/25,96.49
2003/8/22,96.07
2003/8/21,96.37
2003/8/20,96.1
2003/8/19,95.48
2003/8/18,95.94
2003/8/15,96.12
2003/8/14,95.94
2003/8/13,94.88
2003/8/12,95.5
2003/8/11,94.85
2003/8/8,94.3
2003/8/7,93.51
2003/8/6,94.22
2003/8/5,93.66
2003/8/4,93.46
2003/8/1,94.52
2003/7/31,94.7
2003/7/30,95.5
2003/7/29,96.7
2003/7/28,95.79
2003/7/25,95.44
2003/7/24,95.39
2003/7/23,93.66
2003/7/22,93.63
2003/7/21,92.6
2003/7/18,92.27
2003/7/17,92.19
2003/7/16,91.9
2003/7/15,93.13
2003/7/14,92.36
2003/7/11,92.47
2003/7/10,92.28
2003/7/9,92.44
2003/7/8,92.8
2003/7/7,93.66
2003/7/4,93.48
2003/7/3,93.53
2003/7/2,93.9
2003/7/1,93.38
2003/6/30,92.45
2003/6/27,92.39
2003/6/26,93.73
2003/6/25,93.51
2003/6/24,94.99
2003/6/23,95.46
2003/6/20,95.92
2003/6/19,95.41
2003/6/18,96.43
2003/6/17,96.03
2003/6/16,95.89
2003/6/13,94.94
2003/6/12,94.75
2003/6/11,94.71
2003/6/10,96.58
2003/6/9,96.98
2003/6/6,97.14
2003/6/5,96.38
2003/6/4,97.02
2003/6/3,97.35
2003/6/2,96.64
2003/5/30,97.92
2003/5/29,96.64
2003/5/28,97.33
2003/5/27,98
2003/5/26,97.6
2003/5/23,96.59
2003/5/22,97.79
2003/5/21,97.14
2003/5/20,96.5
2003/5/19,94.85
2003/5/16,93.5
2003/5/15,93.3
2003/5/14,92.55
2003/5/13,92.52
2003/5/12,92.44
2003/5/9,91.58
2003/5/8,90.54
2003/5/7,91.19
2003/5/6,90.99
2003/4/30,89.15
2003/4/29,88.77
2003/4/28,88.97
2003/4/25,89.02
2003/4/24,88.72
2003/4/23,88.75
2003/4/22,88.45
2003/4/21,87.31
2003/4/18,87.2
2003/4/17,87.01
2003/4/16,86.79
2003/4/15,86.65
2003/4/14,87.3
2003/4/11,87.2
2003/4/10,87.41
2003/4/9,86.86
2003/4/8,86.01
2003/4/7,86.01
2003/4/4,86.81
2003/4/3,88.22
2003/4/2,89.01
2003/4/1,89.7
2003/3/31,89.35
2003/3/28,88.4
2003/3/27,89.09
2003/3/26,88.75
2003/3/25,89.85
2003/3/24,89.28
2003/3/21,90.15
2003/3/20,89.65
2003/3/19,91.15
2003/3/18,91.1
2003/3/17,92.15
2003/3/14,90.24
2003/3/13,92.76
2003/3/12,93.73
2003/3/11,94.26
2003/3/10,94.56
2003/3/7,94.89
2003/3/6,94.61
2003/3/5,94.93
2003/3/4,93.95
2003/3/3,93.02
2003/2/28,93.59
2003/2/27,94.93
2003/2/26,94.65
2003/2/25,95.74
2003/2/24,94.74
2003/2/21,95.19
2003/2/20,94.88
2003/2/19,93.43
2003/2/18,94.07
2003/2/17,93.22
2003/2/14,96.46
2003/2/13,94.36
2003/2/12,97.2
2003/2/11,97.41
2003/2/10,99.07
2003/1/29,97.7
2003/1/28,97.24
2003/1/27,98.1
2003/1/24,97.98
2003/1/23,97.7
2003/1/22,97.42
2003/1/21,96.27
2003/1/20,95.89
2003/1/17,95.58
2003/1/16,94.94
2003/1/15,94.88
2003/1/14,94.8
2003/1/13,94.4
2003/1/10,94.2
2003/1/9,94.22
2003/1/8,93.37
2003/1/7,93.67
2003/1/6,93.95
2003/1/3,92.81
2003/1/2,92.87
2002/12/31,92.79
2002/12/30,93.86
2002/12/27,93.61
2002/12/26,93.01
2002/12/25,93.05
2002/12/24,93.1
2002/12/23,93.44
2002/12/20,94.4
2002/12/19,93.66
2002/12/18,90.15
2002/12/17,90.11
2002/12/16,89.53
2002/12/13,87.9
2002/12/12,86.45
2002/12/11,86.32
2002/12/10,86.6
2002/12/9,86.55
2002/12/6,86.23
2002/12/5,85.95
2002/12/4,85.95
2002/12/3,85.55
2002/12/2,85.55
2002/11/29,85.6
2002/11/28,85.53
2002/11/27,85.52
2002/11/26,85.37
2002/11/25,85.39
2002/11/22,85.18
2002/11/21,85.04
2002/11/20,85
2002/11/19,85.22
2002/11/18,85.28
2002/11/15,85
2002/11/14,84.97
2002/11/13,85.99
2002/11/12,85.29
2002/11/11,85.19
2002/11/8,85.16
2002/11/7,85.14
2002/11/6,84.9
2002/11/5,85.13
2002/11/4,84.99
2002/11/1,84.51
2002/10/31,83.91
2002/10/30,83.52
