,close:Au9999,m2_yoy
2016-04-13,259.8,13.4
2016-04-12,261.3,13.4
2016-04-11,260.97,13.4
2016-04-08,257.3,13.4
2016-04-07,255.64,13.4
2016-04-06,255.99,13.4
2016-04-05,255.45,13.4
2016-04-01,257.0,13.4
2016-03-31,255.7,13.4
2016-03-30,258.68,13.4
2016-03-29,255.02,13.4
2016-03-28,255.78,13.4
2016-03-25,256.05,13.4
2016-03-24,255.0,13.4
2016-03-23,258.25,13.4
2016-03-22,262.1,13.4
2016-03-21,259.71,13.4
2016-03-18,262.46,13.4
2016-03-17,263.86,13.4
2016-03-16,259.09,13.4
2016-03-15,257.69,13.4
2016-03-14,262.08,13.4
2016-03-11,264.97,13.4
2016-03-10,261.43,13.4
2016-03-09,263.75,13.4
2016-03-08,266.29,13.4
2016-03-07,265.0,13.4
2016-03-04,264.74,13.4
2016-03-03,261.47,13.4
2016-03-02,258.66,13.4
2016-03-01,261.12,13.4
2016-02-29,258.86,13.3
2016-02-26,260.41,13.3
2016-02-25,260.32,13.3
2016-02-24,256.98,13.3
2016-02-23,256.15,13.3
2016-02-22,254.86,13.3
2016-02-19,256.65,13.3
2016-02-18,253.05,13.3
2016-02-17,254.0,13.3
2016-02-16,251.39,13.3
2016-02-15,253.7,13.3
2016-02-05,243.94,13.3
2016-02-04,241.8,13.3
2016-02-03,238.5,13.3
2016-02-02,238.5,13.3
2016-02-01,238.09,13.3
2016-01-29,236.48,14.0
2016-01-28,236.79,14.0
2016-01-27,237.09,14.0
2016-01-26,237.0,14.0
2016-01-25,233.69,14.0
2016-01-22,232.5,14.0
2016-01-21,234.17,14.0
2016-01-20,232.3,14.0
2016-01-19,231.3,14.0
2016-01-18,231.7,14.0
2016-01-15,230.5,14.0
2016-01-14,231.41,14.0
2016-01-13,229.27,14.0
2016-01-12,232.51,14.0
2016-01-11,234.89,14.0
2016-01-08,233.54,14.0
2016-01-07,233.24,14.0
2016-01-06,228.09,14.0
2016-01-05,226.65,14.0
2016-01-04,224.77,14.0
2015-12-31,222.86,13.3
2015-12-30,224.45,13.3
2015-12-29,224.72,13.3
2015-12-28,224.94,13.3
2015-12-25,225.14,13.3
2015-12-24,224.73,13.3
2015-12-23,224.6,13.3
2015-12-22,225.19,13.3
2015-12-21,223.94,13.3
2015-12-18,221.4,13.3
2015-12-17,223.13,13.3
2015-12-16,222.3,13.3
2015-12-15,221.65,13.3
2015-12-14,224.06,13.3
2015-12-11,223.02,13.3
2015-12-10,222.8,13.3
2015-12-09,223.28,13.3
2015-12-08,224.89,13.3
2015-12-07,224.99,13.3
2015-12-04,219.96,13.3
2015-12-03,218.18,13.3
2015-12-02,220.54,13.3
2015-12-01,221.54,13.3
2015-11-30,218.02,13.7
2015-11-27,220.78,13.7
2015-11-26,221.85,13.7
2015-11-25,222.84,13.7
2015-11-24,221.44,13.7
2015-11-23,220.83,13.7
2015-11-20,223.1,13.7
2015-11-19,221.59,13.7
2015-11-18,220.92,13.7
2015-11-17,222.16,13.7
2015-11-16,225.5,13.7
2015-11-13,223.35,13.7
2015-11-12,223.4,13.7
2015-11-11,224.47,13.7
2015-11-10,224.24,13.7
2015-11-09,224.39,13.7
2015-11-06,227.31,13.7
2015-11-05,227.01,13.7
2015-11-04,228.74,13.7
2015-11-03,232.13,13.7
2015-11-02,233.3,13.7
2015-10-30,233.91,13.5
2015-10-29,237.3,13.5
2015-10-28,240.0,13.5
2015-10-27,238.45,13.5
2015-10-26,238.3,13.5
2015-10-23,240.49,13.5
2015-10-22,239.03,13.5
2015-10-21,240.31,13.5
2015-10-20,240.1,13.5
2015-10-19,239.5,13.5
2015-10-16,240.56,13.5
2015-10-15,241.4,13.5
2015-10-14,239.84,13.5
2015-10-13,236.3,13.5
2015-10-12,237.2,13.5
2015-10-09,234.77,13.5
2015-10-08,235.0,13.5
2015-09-30,230.5,13.1
2015-09-29,230.56,13.1
2015-09-28,233.7,13.1
2015-09-25,235.24,13.1
2015-09-24,233.84,13.1
2015-09-23,232.51,13.1
2015-09-22,233.4,13.1
2015-09-21,234.0,13.1
2015-09-18,231.96,13.1
2015-09-17,230.44,13.1
2015-09-16,228.02,13.1
2015-09-15,227.94,13.1
2015-09-14,227.99,13.1
2015-09-11,228.35,13.1
2015-09-10,228.09,13.1
2015-09-09,231.1,13.1
2015-09-08,230.58,13.1
2015-09-07,231.0,13.1
2015-09-02,234.9,13.1
2015-09-01,234.6,13.1
2015-08-31,233.75,13.3
2015-08-28,233.2,13.3
2015-08-27,233.17,13.3
2015-08-26,235.78,13.3
2015-08-25,237.86,13.3
2015-08-24,239.58,13.3
2015-08-21,238.02,13.3
2015-08-20,234.7,13.3
2015-08-19,231.79,13.3
2015-08-18,231.04,13.3
2015-08-17,230.7,13.3
2015-08-14,230.6,13.3
2015-08-13,231.0,13.3
2015-08-12,232.24,13.3
2015-08-11,224.99,13.3
2015-08-10,219.95,13.3
2015-08-07,218.7,13.3
2015-08-06,217.59,13.3
2015-08-05,217.61,13.3
2015-08-04,218.14,13.3
2015-08-03,219.3,13.3
2015-07-31,216.87,13.3
2015-07-30,217.51,13.3
2015-07-29,219.56,13.3
2015-07-28,219.53,13.3
2015-07-27,221.38,13.3
2015-07-24,217.19,13.3
2015-07-23,219.55,13.3
2015-07-22,218.9,13.3
2015-07-21,221.7,13.3
2015-07-20,223.52,13.3
2015-07-17,229.19,13.3
2015-07-16,229.6,13.3
2015-07-15,231.29,13.3
2015-07-14,230.8,13.3
2015-07-13,231.4,13.3
2015-07-10,232.77,13.3
2015-07-09,232.64,13.3
2015-07-08,229.13,13.3
2015-07-07,233.89,13.3
2015-07-06,233.69,13.3
2015-07-03,233.77,13.3
2015-07-02,232.73,13.3
2015-07-01,234.38,13.3
2015-06-30,234.94,11.8
2015-06-29,235.56,11.8
2015-06-26,234.98,11.8
2015-06-25,235.1,11.8
2015-06-24,235.0,11.8
2015-06-23,237.32,11.8
2015-06-19,239.4,11.8
2015-06-18,237.5,11.8
2015-06-17,235.6,11.8
2015-06-16,237.3,11.8
2015-06-15,236.7,11.8
2015-06-12,236.41,11.8
2015-06-11,236.49,11.8
2015-06-10,236.85,11.8
2015-06-09,235.18,11.8
2015-06-08,234.7,11.8
2015-06-05,235.0,11.8
2015-06-04,235.94,11.8
2015-06-03,237.52,11.8
2015-06-02,237.4,11.8
2015-06-01,236.79,11.8
2015-05-29,237.59,10.8
2015-05-28,237.25,10.8
2015-05-27,237.65,10.8
2015-05-26,239.16,10.8
2015-05-25,240.5,10.8
2015-05-22,241.74,10.8
2015-05-21,241.79,10.8
2015-05-20,241.17,10.8
2015-05-19,243.55,10.8
2015-05-18,245.37,10.8
2015-05-15,243.56,10.8
2015-05-14,242.83,10.8
2015-05-13,238.98,10.8
2015-05-12,236.9,10.8
2015-05-11,237.17,10.8
2015-05-08,237.65,10.8
2015-05-07,236.89,10.8
2015-05-06,238.78,10.8
2015-05-05,237.73,10.8
2015-05-04,236.97,10.8
2015-04-30,239.93,10.1
2015-04-29,241.49,10.1
2015-04-28,240.5,10.1
2015-04-27,236.8,10.1
2015-04-24,238.8,10.1
2015-04-23,236.99,10.1
2015-04-22,240.0,10.1
2015-04-21,238.57,10.1
2015-04-20,241.79,10.1
2015-04-17,240.0,10.1
2015-04-16,240.3,10.1
2015-04-15,238.33,10.1
2015-04-14,239.09,10.1
2015-04-13,241.34,10.1
2015-04-10,238.89,10.1
2015-04-09,238.5,10.1
2015-04-08,241.9,10.1
2015-04-07,241.41,10.1
2015-04-03,239.4,10.1
2015-04-02,240.3,10.1
2015-04-01,236.69,10.1
2015-03-31,235.55,11.6
2015-03-30,238.74,11.6
2015-03-27,240.5,11.6
2015-03-26,241.04,11.6
2015-03-25,238.19,11.6
2015-03-24,237.73,11.6
2015-03-23,236.68,11.6
2015-03-20,234.5,11.6
2015-03-19,234.49,11.6
2015-03-18,231.0,11.6
2015-03-17,233.0,11.6
2015-03-16,234.85,11.6
2015-03-13,234.64,11.6
2015-03-12,235.79,11.6
2015-03-11,235.3,11.6
2015-03-10,235.45,11.6
2015-03-09,237.4,11.6
2015-03-06,242.31,11.6
2015-03-05,243.0,11.6
2015-03-04,244.18,11.6
2015-03-03,245.0,11.6
2015-03-02,247.39,11.6
2015-02-27,244.83,12.5
2015-02-26,244.59,12.5
2015-02-25,244.52,12.5
2015-02-17,247.23,12.5
2015-02-16,248.6,12.5
2015-02-13,247.6,12.5
2015-02-12,245.9,12.5
2015-02-11,248.88,12.5
2015-02-10,250.28,12.5
2015-02-09,249.74,12.5
2015-02-06,254.93,12.5
2015-02-05,255.26,12.5
2015-02-04,254.7,12.5
2015-02-03,258.26,12.5
2015-02-02,257.94,12.5
2015-01-30,253.19,10.8
2015-01-29,257.5,10.8
2015-01-28,259.16,10.8
2015-01-27,258.39,10.8
2015-01-26,260.8,10.8
2015-01-23,259.8,10.8
2015-01-22,257.28,10.8
2015-01-21,260.29,10.8
2015-01-20,255.99,10.8
2015-01-19,255.8,10.8
2015-01-16,252.0,10.8
2015-01-15,245.01,10.8
2015-01-14,247.7,10.8
2015-01-13,247.38,10.8
2015-01-12,245.8,10.8
2015-01-09,242.92,10.8
2015-01-08,242.75,10.8
2015-01-07,243.14,10.8
2015-01-06,242.5,10.8
2015-01-05,240.6,10.8
2014-12-31,240.59,12.2
2014-12-30,237.42,12.2
2014-12-29,239.96,12.2
2014-12-26,238.2,12.2
2014-12-25,236.69,12.2
2014-12-24,236.57,12.2
2014-12-23,236.95,12.2
2014-12-22,240.25,12.2
2014-12-19,240.93,12.2
2014-12-18,240.35,12.2
2014-12-17,239.3,12.2
2014-12-16,239.09,12.2
2014-12-15,243.1,12.2
2014-12-12,242.9,12.2
2014-12-11,243.17,12.2
2014-12-10,246.15,12.2
2014-12-09,240.38,12.2
2014-12-08,236.99,12.2
2014-12-05,239.0,12.2
2014-12-04,238.0,12.2
2014-12-03,237.65,12.2
2014-12-02,238.86,12.2
2014-12-01,228.84,12.2
2014-11-28,235.5,12.3
2014-11-27,236.42,12.3
2014-11-26,237.39,12.3
2014-11-25,237.0,12.3
2014-11-24,237.15,12.3
2014-11-21,235.41,12.3
2014-11-20,233.8,12.3
2014-11-19,235.2,12.3
2014-11-18,234.4,12.3
2014-11-17,234.57,12.3
2014-11-14,227.2,12.3
2014-11-13,228.89,12.3
2014-11-12,230.39,12.3
2014-11-11,227.79,12.3
2014-11-10,230.71,12.3
2014-11-07,225.3,12.3
2014-11-06,225.38,12.3
2014-11-05,225.9,12.3
2014-11-04,229.5,12.3
2014-11-03,230.93,12.3
2014-10-31,230.44,12.6
2014-10-30,237.41,12.6
2014-10-29,241.83,12.6
2014-10-28,241.82,12.6
2014-10-27,242.22,12.6
2014-10-24,242.42,12.6
2014-10-23,244.85,12.6
2014-10-22,245.39,12.6
2014-10-21,246.99,12.6
2014-10-20,244.79,12.6
2014-10-17,244.89,12.6
2014-10-16,244.41,12.6
2014-10-15,242.12,12.6
2014-10-14,243.58,12.6
2014-10-13,243.64,12.6
2014-10-10,241.75,12.6
2014-10-09,242.59,12.6
2014-10-08,241.26,12.6
2014-09-30,241.24,12.9
2014-09-29,240.97,12.9
2014-09-26,242.76,12.9
2014-09-25,239.27,12.9
2014-09-24,242.5,12.9
2014-09-23,240.9,12.9
2014-09-22,239.03,12.9
2014-09-19,242.01,12.9
2014-09-18,242.33,12.9
2014-09-17,245.32,12.9
2014-09-16,245.4,12.9
2014-09-15,244.8,12.9
2014-09-12,245.21,12.9
2014-09-11,247.19,12.9
2014-09-10,248.46,12.9
2014-09-09,248.18,12.9
2014-09-05,250.25,12.9
2014-09-04,250.91,12.9
2014-09-03,251.25,12.9
2014-09-02,252.84,12.9
2014-09-01,255.14,12.9
2014-08-29,255.04,12.8
2014-08-28,255.15,12.8
2014-08-27,254.95,12.8
2014-08-26,255.77,12.8
2014-08-25,253.3,12.8
2014-08-22,253.91,12.8
2014-08-21,253.85,12.8
2014-08-20,256.4,12.8
2014-08-19,257.0,12.8
2014-08-18,257.5,12.8
2014-08-15,260.14,12.8
2014-08-14,260.39,12.8
2014-08-13,259.61,12.8
2014-08-12,260.0,12.8
2014-08-11,259.37,12.8
2014-08-08,261.1,12.8
2014-08-07,258.71,12.8
2014-08-06,256.45,12.8
2014-08-05,256.81,12.8
2014-08-04,257.63,12.8
2014-08-01,255.65,12.8
2014-07-31,257.79,13.5
2014-07-30,258.4,13.5
2014-07-29,259.85,13.5
2014-07-28,259.75,13.5
2014-07-25,257.85,13.5
2014-07-24,258.85,13.5
2014-07-23,261.17,13.5
2014-07-22,261.09,13.5
2014-07-21,262.6,13.5
2014-07-18,261.69,13.5
2014-07-17,260.45,13.5
2014-07-16,259.19,13.5
2014-07-15,261.73,13.5
2014-07-14,263.26,13.5
2014-07-11,266.89,13.5
2014-07-10,264.79,13.5
2014-07-09,263.76,13.5
2014-07-08,263.0,13.5
2014-07-07,261.7,13.5
2014-07-04,263.93,13.5
2014-07-03,263.71,13.5
2014-07-02,264.52,13.5
2014-07-01,263.99,13.5
2014-06-30,261.86,14.7
2014-06-27,263.09,14.7
2014-06-26,262.78,14.7
2014-06-25,262.9,14.7
2014-06-24,263.61,14.7
2014-06-23,263.68,14.7
2014-06-20,262.5,14.7
2014-06-19,255.98,14.7
2014-06-18,254.38,14.7
2014-06-17,253.75,14.7
2014-06-16,256.79,14.7
2014-06-13,254.35,14.7
2014-06-12,252.0,14.7
2014-06-11,252.46,14.7
2014-06-10,251.6,14.7
2014-06-09,252.23,14.7
2014-06-06,252.75,14.7
2014-06-05,250.4,14.7
2014-06-04,251.0,14.7
2014-06-03,250.9,14.7
2014-05-30,252.8,13.4
2014-05-29,252.07,13.4
2014-05-28,254.9,13.4
2014-05-27,258.29,13.4
2014-05-26,259.56,13.4
2014-05-23,260.01,13.4
2014-05-22,260.1,13.4
2014-05-21,259.85,13.4
2014-05-20,259.8,13.4
2014-05-19,260.71,13.4
2014-05-16,259.69,13.4
2014-05-15,261.0,13.4
2014-05-14,260.29,13.4
2014-05-13,259.49,13.4
2014-05-12,259.1,13.4
2014-05-09,259.16,13.4
2014-05-08,259.05,13.4
2014-05-07,262.8,13.4
2014-05-06,262.98,13.4
2014-05-05,262.84,13.4
2014-04-30,260.26,13.2
2014-04-29,260.09,13.2
2014-04-28,261.89,13.2
2014-04-25,259.76,13.2
2014-04-24,257.7,13.2
2014-04-23,257.88,13.2
2014-04-22,258.55,13.2
2014-04-21,257.66,13.2
2014-04-18,259.33,13.2
2014-04-17,259.3,13.2
2014-04-16,260.08,13.2
2014-04-15,262.18,13.2
2014-04-14,264.85,13.2
2014-04-11,262.64,13.2
2014-04-10,263.0,13.2
2014-04-09,261.12,13.2
2014-04-08,261.0,13.2
2014-04-04,257.64,13.2
2014-04-03,257.06,13.2
2014-04-02,256.25,13.2
2014-04-01,256.39,13.2
2014-03-31,257.8,12.1
2014-03-28,258.5,12.1
2014-03-27,259.51,12.1
2014-03-26,262.0,12.1
2014-03-25,261.2,12.1
2014-03-24,263.89,12.1
2014-03-21,265.26,12.1
2014-03-20,265.45,12.1
2014-03-19,268.2,12.1
2014-03-18,269.1,12.1
2014-03-17,273.29,12.1
2014-03-14,269.63,12.1
2014-03-13,269.76,12.1
2014-03-12,267.43,12.1
2014-03-11,264.51,12.1
2014-03-10,262.53,12.1
2014-03-07,265.27,12.1
2014-03-06,262.99,12.1
2014-03-05,263.08,12.1
2014-03-04,264.0,12.1
2014-03-03,266.2,12.1
2014-02-28,262.73,13.3
2014-02-27,261.48,13.3
2014-02-26,265.22,13.3
2014-02-25,262.39,13.3
2014-02-24,260.5,13.3
2014-02-21,259.29,13.3
2014-02-20,257.49,13.3
2014-02-19,258.24,13.3
2014-02-18,258.01,13.3
2014-02-17,259.85,13.3
2014-02-14,256.69,13.3
2014-02-13,252.1,13.3
2014-02-12,252.06,13.3
2014-02-11,251.49,13.3
2014-02-10,250.39,13.3
2014-02-07,248.29,13.3
2014-01-30,246.37,13.2
2014-01-29,245.94,13.2
2014-01-28,245.9,13.2
2014-01-27,247.78,13.2
2014-01-24,246.89,13.2
2014-01-23,243.27,13.2
2014-01-22,243.87,13.2
2014-01-21,245.8,13.2
2014-01-20,246.82,13.2
2014-01-17,245.4,13.2
2014-01-16,244.49,13.2
2014-01-15,244.16,13.2
2014-01-14,246.34,13.2
2014-01-13,246.5,13.2
2014-01-10,243.0,13.2
2014-01-09,241.82,13.2
2014-01-08,241.95,13.2
2014-01-07,245.79,13.2
2014-01-06,245.39,13.2
2014-01-03,243.8,13.2
2014-01-02,242.3,13.2
2013-12-31,236.46,13.6
2013-12-30,238.77,13.6
2013-12-27,240.5,13.6
2013-12-26,239.29,13.6
2013-12-25,238.99,13.6
2013-12-24,237.62,13.6
2013-12-23,238.77,13.6
2013-12-20,236.37,13.6
2013-12-19,241.0,13.6
2013-12-18,243.06,13.6
2013-12-17,245.55,13.6
2013-12-16,242.75,13.6
2013-12-13,242.08,13.6
2013-12-12,246.0,13.6
2013-12-11,246.71,13.6
2013-12-10,244.96,13.6
2013-12-09,243.99,13.6
2013-12-06,243.5,13.6
2013-12-05,243.51,13.6
2013-12-04,240.89,13.6
2013-12-03,242.18,13.6
2013-12-02,245.8,13.6
2013-11-29,244.71,14.2
2013-11-28,244.6,14.2
2013-11-27,245.93,14.2
2013-11-26,247.32,14.2
2013-11-25,243.32,14.2
2013-11-22,245.67,14.2
2013-11-21,246.17,14.2
2013-11-20,251.21,14.2
2013-11-19,250.9,14.2
2013-11-18,253.06,14.2
2013-11-15,253.0,14.2
2013-11-14,253.0,14.2
2013-11-13,250.98,14.2
2013-11-12,251.96,14.2
2013-11-11,253.29,14.2
2013-11-08,257.52,14.2
2013-11-07,259.01,14.2
2013-11-06,258.11,14.2
2013-11-05,258.75,14.2
2013-11-04,258.41,14.2
2013-11-01,260.69,14.2
2013-10-31,262.25,14.3
2013-10-30,263.92,14.3
2013-10-29,264.2,14.3
2013-10-28,264.13,14.3
2013-10-25,262.86,14.3
2013-10-24,262.67,14.3
2013-10-23,262.49,14.3
2013-10-22,259.5,14.3
2013-10-21,260.76,14.3
2013-10-18,260.13,14.3
2013-10-17,254.02,14.3
2013-10-16,255.01,14.3
2013-10-15,253.36,14.3
2013-10-14,255.25,14.3
2013-10-11,257.77,14.3
2013-10-10,259.8,14.3
2013-10-09,262.1,14.3
2013-10-08,263.2,14.3
2013-09-30,265.65,14.2
2013-09-27,263.58,14.2
2013-09-26,264.57,14.2
2013-09-25,262.2,14.2
2013-09-24,262.45,14.2
2013-09-23,263.39,14.2
2013-09-18,259.02,14.2
2013-09-17,262.0,14.2
2013-09-16,263.76,14.2
2013-09-13,262.78,14.2
2013-09-12,268.09,14.2
2013-09-11,272.38,14.2
2013-09-10,273.8,14.2
2013-09-09,276.16,14.2
2013-09-06,273.28,14.2
2013-09-05,275.66,14.2
2013-09-04,279.18,14.2
2013-09-03,276.39,14.2
2013-09-02,277.0,14.2
2013-08-30,277.6,14.7
2013-08-29,280.0,14.7
2013-08-28,282.27,14.7
2013-08-27,278.32,14.7
2013-08-26,277.69,14.7
2013-08-23,273.19,14.7
2013-08-22,271.79,14.7
2013-08-21,272.23,14.7
2013-08-20,270.66,14.7
2013-08-19,273.59,14.7
2013-08-16,271.89,14.7
2013-08-15,267.23,14.7
2013-08-14,264.75,14.7
2013-08-13,267.96,14.7
2013-08-12,266.76,14.7
2013-08-09,262.2,14.7
2013-08-08,259.02,14.7
2013-08-07,257.11,14.7
2013-08-06,259.89,14.7
2013-08-05,263.5,14.7
2013-08-02,258.27,14.7
2013-08-01,264.39,14.7
2013-07-31,265.76,14.5
2013-07-30,264.1,14.5
2013-07-29,264.31,14.5
2013-07-26,266.5,14.5
2013-07-25,264.9,14.5
2013-07-24,268.73,14.5
2013-07-23,267.17,14.5
2013-07-22,264.59,14.5
2013-07-19,259.39,14.5
2013-07-18,256.42,14.5
2013-07-17,259.2,14.5
2013-07-16,259.1,14.5
2013-07-15,259.7,14.5
2013-07-12,257.59,14.5
2013-07-11,259.37,14.5
2013-07-10,252.69,14.5
2013-07-09,253.8,14.5
2013-07-08,251.15,14.5
2013-07-05,252.99,14.5
2013-07-04,255.25,14.5
2013-07-03,252.0,14.5
2013-07-02,256.6,14.5
2013-07-01,254.1,14.5
2013-06-28,243.5,14.0
2013-06-27,250.07,14.0
2013-06-26,251.59,14.0
2013-06-25,258.91,14.0
2013-06-24,260.16,14.0
2013-06-21,262.47,14.0
2013-06-20,266.48,14.0
2013-06-19,274.25,14.0
2013-06-18,275.64,14.0
2013-06-17,277.13,14.0
2013-06-14,277.35,14.0
2013-06-13,277.99,14.0
2013-06-07,281.09,14.0
2013-06-06,277.5,14.0
2013-06-05,278.5,14.0
2013-06-04,279.55,14.0
2013-06-03,277.64,14.0
2013-05-31,281.5,15.8
2013-05-30,280.85,15.8
2013-05-29,277.96,15.8
2013-05-28,279.14,15.8
2013-05-27,280.85,15.8
2013-05-24,279.2,15.8
2013-05-23,278.0,15.8
2013-05-22,281.56,15.8
2013-05-21,282.64,15.8
2013-05-20,276.44,15.8
2013-05-17,277.96,15.8
2013-05-16,280.94,15.8
2013-05-15,285.6,15.8
2013-05-14,291.84,15.8
2013-05-13,293.64,15.8
2013-05-10,296.17,15.8
2013-05-09,296.79,15.8
2013-05-08,294.52,15.8
2013-05-07,294.0,15.8
2013-05-06,299.6,15.8
2013-05-03,296.8,15.8
2013-05-02,294.58,15.8
2013-04-26,296.5,16.1
2013-04-25,293.2,16.1
2013-04-24,290.79,16.1
2013-04-23,283.91,16.1
2013-04-22,288.49,16.1
2013-04-19,285.5,16.1
2013-04-18,275.91,16.1
2013-04-17,276.5,16.1
2013-04-16,274.76,16.1
2013-04-15,289.9,16.1
2013-04-12,311.82,16.1
2013-04-11,311.87,16.1
2013-04-10,316.99,16.1
2013-04-09,315.4,16.1
2013-04-08,316.69,16.1
2013-04-03,314.15,16.1
2013-04-02,320.18,16.1
2013-04-01,319.87,16.1
2013-03-29,320.23,15.7
2013-03-28,321.11,15.7
2013-03-27,319.25,15.7
2013-03-26,321.05,15.7
2013-03-25,322.15,15.7
2013-03-22,322.7,15.7
2013-03-21,322.23,15.7
2013-03-20,322.93,15.7
2013-03-19,321.82,15.7
2013-03-18,321.19,15.7
2013-03-15,320.08,15.7
2013-03-14,319.41,15.7
2013-03-13,320.9,15.7
2013-03-12,319.49,15.7
2013-03-11,319.5,15.7
2013-03-08,318.35,15.7
2013-03-07,319.0,15.7
2013-03-06,319.03,15.7
2013-03-05,320.56,15.7
2013-03-04,320.2,15.7
2013-03-01,320.7,15.7
2013-02-28,323.99,15.2
2013-02-27,326.71,15.2
2013-02-26,323.99,15.2
2013-02-25,323.55,15.2
2013-02-22,323.48,15.2
2013-02-21,319.04,15.2
2013-02-20,326.0,15.2
2013-02-19,326.79,15.2
2013-02-18,327.25,15.2
2013-02-08,336.75,15.2
2013-02-07,337.3,15.2
2013-02-06,337.16,15.2
2013-02-05,337.1,15.2
2013-02-04,336.74,15.2
2013-02-01,335.04,15.2
2013-01-31,336.8,15.9
2013-01-30,336.0,15.9
2013-01-29,335.33,15.9
2013-01-28,334.62,15.9
2013-01-25,336.18,15.9
2013-01-24,337.39,15.9
2013-01-23,339.8,15.9
2013-01-22,339.83,15.9
2013-01-21,339.35,15.9
2013-01-18,339.21,15.9
2013-01-17,337.4,15.9
2013-01-16,337.7,15.9
2013-01-15,337.49,15.9
2013-01-14,335.92,15.9
2013-01-11,335.93,15.9
2013-01-10,333.7,15.9
2013-01-09,333.98,15.9
2013-01-08,331.58,15.9
2013-01-07,333.5,15.9
2013-01-04,331.47,15.9
2012-12-31,334.5,13.8
2012-12-28,332.84,13.8
2012-12-27,333.08,13.8
2012-12-26,333.27,13.8
2012-12-25,333.4,13.8
2012-12-24,334.01,13.8
2012-12-21,330.62,13.8
2012-12-20,335.64,13.8
2012-12-19,336.96,13.8
2012-12-18,342.0,13.8
2012-12-17,339.5,13.8
2012-12-14,341.74,13.8
2012-12-13,341.48,13.8
2012-12-12,344.45,13.8
2012-12-11,343.82,13.8
2012-12-10,342.62,13.8
2012-12-07,341.4,13.8
2012-12-06,338.99,13.8
2012-12-05,341.5,13.8
2012-12-04,341.27,13.8
2012-12-03,344.24,13.8
2012-11-30,346.02,13.9
2012-11-29,344.37,13.9
2012-11-28,347.72,13.9
2012-11-27,349.98,13.9
2012-11-26,350.14,13.9
2012-11-23,346.77,13.9
2012-11-22,346.8,13.9
2012-11-21,345.6,13.9
2012-11-20,347.67,13.9
2012-11-19,346.19,13.9
2012-11-16,344.11,13.9
2012-11-15,345.76,13.9
2012-11-14,346.29,13.9
2012-11-13,346.01,13.9
2012-11-12,348.24,13.9
2012-11-09,348.32,13.9
2012-11-08,345.49,13.9
2012-11-07,347.18,13.9
2012-11-06,339.42,13.9
2012-11-05,338.16,13.9
2012-11-02,343.79,13.9
2012-11-01,345.69,13.9
2012-10-31,343.94,14.1
2012-10-30,344.29,14.1
2012-10-29,344.43,14.1
2012-10-26,342.49,14.1
2012-10-25,345.0,14.1
2012-10-24,344.69,14.1
2012-10-23,346.43,14.1
2012-10-22,347.51,14.1
2012-10-19,349.86,14.1
2012-10-18,352.0,14.1
2012-10-17,352.5,14.1
2012-10-16,351.64,14.1
2012-10-15,352.6,14.1
2012-10-12,357.29,14.1
2012-10-11,357.54,14.1
2012-10-10,357.79,14.1
2012-10-09,359.28,14.1
2012-10-08,358.3,14.1
2012-09-28,360.03,14.8
2012-09-27,356.19,14.8
2012-09-26,358.25,14.8
2012-09-25,358.57,14.8
2012-09-24,357.5,14.8
2012-09-21,359.53,14.8
2012-09-20,357.32,14.8
2012-09-19,361.0,14.8
2012-09-18,357.5,14.8
2012-09-17,360.0,14.8
2012-09-14,360.31,14.8
2012-09-13,352.99,14.8
2012-09-12,354.0,14.8
2012-09-11,352.94,14.8
2012-09-10,353.5,14.8
2012-09-07,346.1,14.8
2012-09-06,348.58,14.8
2012-09-05,345.85,14.8
2012-09-04,346.35,14.8
2012-09-03,345.1,14.8
2012-08-31,339.69,13.5
2012-08-30,339.5,13.5
2012-08-29,341.13,13.5
2012-08-28,340.2,13.5
2012-08-27,342.33,13.5
2012-08-24,340.27,13.5
2012-08-23,340.65,13.5
2012-08-22,335.74,13.5
2012-08-21,332.4,13.5
2012-08-20,331.93,13.5
2012-08-17,331.87,13.5
2012-08-16,329.25,13.5
2012-08-15,328.13,13.5
2012-08-14,331.25,13.5
2012-08-13,332.86,13.5
2012-08-10,329.87,13.5
2012-08-09,331.07,13.5
2012-08-08,329.22,13.5
2012-08-07,331.25,13.5
2012-08-06,329.8,13.5
2012-08-03,326.99,13.5
2012-08-02,329.4,13.5
2012-08-01,331.51,13.5
2012-07-31,332.35,13.9
2012-07-30,331.75,13.9
2012-07-27,331.93,13.9
2012-07-26,329.47,13.9
2012-07-25,326.57,13.9
2012-07-24,324.52,13.9
2012-07-23,324.0,13.9
2012-07-20,325.84,13.9
2012-07-19,325.25,13.9
2012-07-18,325.04,13.9
2012-07-17,327.19,13.9
2012-07-16,326.51,13.9
2012-07-13,323.91,13.9
2012-07-12,322.88,13.9
2012-07-11,324.54,13.9
2012-07-10,325.49,13.9
2012-07-09,325.88,13.9
2012-07-06,328.3,13.9
2012-07-05,330.9,13.9
2012-07-04,330.12,13.9
2012-07-03,329.12,13.9
2012-07-02,326.2,13.9
2012-06-29,322.49,13.6
2012-06-28,322.71,13.6
2012-06-27,322.3,13.6
2012-06-26,324.6,13.6
2012-06-25,323.14,13.6
2012-06-21,328.53,13.6
2012-06-20,331.19,13.6
2012-06-19,333.72,13.6
2012-06-18,331.28,13.6
2012-06-15,333.48,13.6
2012-06-14,332.3,13.6
2012-06-13,330.6,13.6
2012-06-12,326.35,13.6
2012-06-11,328.0,13.6
2012-06-08,322.91,13.6
2012-06-07,332.46,13.6
2012-06-06,333.5,13.6
2012-06-05,331.01,13.6
2012-06-04,332.48,13.6
2012-06-01,320.24,13.6
2012-05-31,321.75,13.2
2012-05-30,318.39,13.2
2012-05-29,323.55,13.2
2012-05-28,323.99,13.2
2012-05-25,321.0,13.2
2012-05-24,319.29,13.2
2012-05-23,318.95,13.2
2012-05-22,324.49,13.2
2012-05-21,326.49,13.2
2012-05-18,322.77,13.2
2012-05-17,316.98,13.2
2012-05-16,313.98,13.2
2012-05-15,318.51,13.2
2012-05-14,322.0,13.2
2012-05-11,322.34,13.2
2012-05-10,325.57,13.2
2012-05-09,324.64,13.2
2012-05-08,332.55,13.2
2012-05-07,333.51,13.2
2012-05-04,332.84,13.2
2012-05-03,334.52,13.2
2012-05-02,336.46,13.2
2012-04-27,336.09,12.8
2012-04-26,335.45,12.8
2012-04-25,334.58,12.8
2012-04-24,333.65,12.8
2012-04-23,333.3,12.8
2012-04-20,334.96,12.8
2012-04-19,334.81,12.8
2012-04-18,336.39,12.8
2012-04-17,335.55,12.8
2012-04-16,335.43,12.8
2012-04-13,340.99,12.8
2012-04-12,337.97,12.8
2012-04-11,338.04,12.8
2012-04-10,336.49,12.8
2012-04-09,335.4,12.8
2012-04-06,334.28,12.8
2012-04-05,331.78,12.8
2012-03-30,339.04,13.4
2012-03-29,338.29,13.4
2012-03-28,341.22,13.4
2012-03-27,343.8,13.4
2012-03-26,339.29,13.4
2012-03-23,336.6,13.4
2012-03-22,336.77,13.4
2012-03-21,337.87,13.4
2012-03-20,337.62,13.4
2012-03-19,339.0,13.4
2012-03-16,339.4,13.4
2012-03-15,337.25,13.4
2012-03-14,341.35,13.4
2012-03-13,347.1,13.4
2012-03-12,347.26,13.4
2012-03-09,347.2,13.4
2012-03-08,343.45,13.4
2012-03-07,340.99,13.4
2012-03-06,346.01,13.4
2012-03-05,348.09,13.4
2012-03-02,348.7,13.4
2012-03-01,348.0,13.4
2012-02-29,361.96,13.0
2012-02-28,359.99,13.0
2012-02-27,359.68,13.0
2012-02-24,359.79,13.0
2012-02-23,359.92,13.0
2012-02-22,356.72,13.0
2012-02-21,353.65,13.0
2012-02-20,351.89,13.0
2012-02-17,352.16,13.0
2012-02-16,349.98,13.0
2012-02-15,351.2,13.0
2012-02-14,348.43,13.0
2012-02-13,351.59,13.0
2012-02-10,351.74,13.0
2012-02-09,353.3,13.0
2012-02-08,355.3,13.0
2012-02-07,351.74,13.0
2012-02-06,351.95,13.0
2012-02-03,356.99,13.0
2012-02-02,355.1,13.0
2012-02-01,352.58,13.0
2012-01-31,354.16,12.4
2012-01-30,351.01,12.4
2012-01-20,338.87,12.4
2012-01-19,339.38,12.4
2012-01-18,338.33,12.4
2012-01-17,339.18,12.4
2012-01-16,336.39,12.4
2012-01-13,337.51,12.4
2012-01-12,337.37,12.4
2012-01-11,335.5,12.4
2012-01-10,332.05,12.4
2012-01-09,331.04,12.4
2012-01-06,332.58,12.4
2012-01-05,331.98,12.4
2012-01-04,328.72,12.4
2011-12-30,319.8,13.6
2011-12-29,315.5,13.6
2011-12-28,323.64,13.6
2011-12-27,326.37,13.6
2011-12-26,328.78,13.6
2011-12-23,330.29,13.6
2011-12-22,329.91,13.6
2011-12-21,333.2,13.6
2011-12-20,328.65,13.6
2011-12-19,327.72,13.6
2011-12-16,329.42,13.6
2011-12-15,322.28,13.6
2011-12-14,337.95,13.6
2011-12-13,339.31,13.6
2011-12-12,346.34,13.6
2011-12-09,350.8,13.6
2011-12-08,356.29,13.6
2011-12-07,354.6,13.6
2011-12-06,351.48,13.6
2011-12-05,357.5,13.6
2011-12-02,357.59,13.6
2011-12-01,357.68,13.6
2011-11-30,351.77,12.7
2011-11-29,352.04,12.7
2011-11-28,350.99,12.7
2011-11-25,345.52,12.7
2011-11-24,348.47,12.7
2011-11-23,350.25,12.7
2011-11-22,346.37,12.7
2011-11-21,352.87,12.7
2011-11-18,353.7,12.7
2011-11-17,361.1,12.7
2011-11-16,362.17,12.7
2011-11-15,362.63,12.7
2011-11-14,365.7,12.7
2011-11-11,361.19,12.7
2011-11-10,358.89,12.7
2011-11-09,364.91,12.7
2011-11-08,365.2,12.7
2011-11-07,361.65,12.7
2011-11-04,359.49,12.7
2011-11-03,353.4,12.7
2011-11-02,353.52,12.7
2011-11-01,351.27,12.7
2011-10-31,350.49,12.9
2011-10-28,356.34,12.9
2011-10-27,352.97,12.9
2011-10-26,352.5,12.9
2011-10-25,341.5,12.9
2011-10-24,341.46,12.9
2011-10-21,336.74,12.9
2011-10-20,334.98,12.9
2011-10-19,340.8,12.9
2011-10-18,343.62,12.9
2011-10-17,348.29,12.9
2011-10-14,345.61,12.9
2011-10-13,347.0,12.9
2011-10-12,346.22,12.9
2011-10-11,346.79,12.9
2011-10-10,342.91,12.9
2011-09-30,338.49,13.0
2011-09-29,336.0,13.0
2011-09-28,343.25,13.0
2011-09-27,342.37,13.0
2011-09-26,327.56,13.0
2011-09-23,360.0,13.0
2011-09-22,368.0,13.0
2011-09-21,374.61,13.0
2011-09-20,370.63,13.0
2011-09-19,377.2,13.0
2011-09-16,366.93,13.0
2011-09-15,374.98,13.0
2011-09-14,378.0,13.0
2011-09-13,377.5,13.0
2011-09-09,386.93,13.0
2011-09-08,380.9,13.0
2011-09-07,379.49,13.0
2011-09-06,393.48,13.0
2011-09-05,387.59,13.0
2011-09-02,380.19,13.0
2011-09-01,375.11,13.0
2011-08-31,377.69,13.5
2011-08-30,371.05,13.5
2011-08-29,375.5,13.5
2011-08-26,368.84,13.5
2011-08-25,361.01,13.5
2011-08-24,380.45,13.5
2011-08-23,387.86,13.5
2011-08-22,389.8,13.5
2011-08-19,381.48,13.5
2011-08-18,369.37,13.5
2011-08-17,368.0,13.5
2011-08-16,364.76,13.5
2011-08-15,359.51,13.5
2011-08-12,362.79,13.5
2011-08-11,368.2,13.5
2011-08-10,361.75,13.5
2011-08-09,360.87,13.5
2011-08-08,352.64,13.5
2011-08-05,344.95,13.5
2011-08-04,344.8,13.5
2011-08-03,345.88,13.5
2011-08-02,336.4,13.5
2011-08-01,333.98,13.5
2011-07-29,334.0,14.7
2011-07-28,334.84,14.7
2011-07-27,336.1,14.7
2011-07-26,334.5,14.7
2011-07-25,335.5,14.7
2011-07-22,329.7,14.7
2011-07-21,333.17,14.7
2011-07-20,330.39,14.7
2011-07-19,333.94,14.7
2011-07-18,331.55,14.7
2011-07-15,327.2,14.7
2011-07-14,329.08,14.7
2011-07-13,326.81,14.7
2011-07-12,322.27,14.7
2011-07-11,321.89,14.7
2011-07-08,318.98,14.7
2011-07-07,319.2,14.7
2011-07-06,316.51,14.7
2011-07-05,312.13,14.7
2011-07-04,312.27,14.7
2011-07-01,313.33,14.7
2011-06-30,314.7,15.9
2011-06-29,314.61,15.9
2011-06-28,313.62,15.9
2011-06-27,313.95,15.9
2011-06-24,317.88,15.9
2011-06-23,321.5,15.9
2011-06-22,321.78,15.9
2011-06-21,321.33,15.9
2011-06-20,320.67,15.9
2011-06-17,318.7,15.9
2011-06-16,319.34,15.9
2011-06-15,318.5,15.9
2011-06-14,317.96,15.9
2011-06-13,320.0,15.9
2011-06-10,321.73,15.9
2011-06-09,320.71,15.9
2011-06-08,321.0,15.9
2011-06-07,322.03,15.9
2011-06-03,319.77,15.9
2011-06-02,321.38,15.9
2011-06-01,319.48,15.9
2011-05-31,320.64,15.1
2011-05-30,320.29,15.1
2011-05-27,319.39,15.1
2011-05-26,319.59,15.1
2011-05-25,318.89,15.1
2011-05-24,318.05,15.1
2011-05-23,315.5,15.1
2011-05-20,314.12,15.1
2011-05-19,313.7,15.1
2011-05-18,313.35,15.1
2011-05-17,314.0,15.1
2011-05-16,314.02,15.1
2011-05-13,317.0,15.1
2011-05-12,312.53,15.1
2011-05-11,318.29,15.1
2011-05-10,316.0,15.1
2011-05-09,314.92,15.1
2011-05-06,311.39,15.1
2011-05-05,318.12,15.1
2011-05-04,321.67,15.1
2011-05-03,322.0,15.1
2011-04-29,320.17,15.3
2011-04-28,320.17,15.3
2011-04-27,315.74,15.3
2011-04-26,316.07,15.3
2011-04-25,318.9,15.3
2011-04-22,317.48,15.3
2011-04-21,315.8,15.3
2011-04-20,315.39,15.3
2011-04-19,313.6,15.3
2011-04-18,312.0,15.3
2011-04-15,310.22,15.3
2011-04-14,308.54,15.3
2011-04-13,307.95,15.3
2011-04-12,307.5,15.3
2011-04-11,310.55,15.3
2011-04-08,309.2,15.3
2011-04-07,306.54,15.3
2011-04-06,306.47,15.3
2011-04-01,303.04,15.3
2011-03-31,302.16,16.6
2011-03-30,301.74,16.6
2011-03-29,300.83,16.6
2011-03-28,300.39,16.6
2011-03-25,303.98,16.6
2011-03-24,304.3,16.6
2011-03-23,302.8,16.6
2011-03-22,302.8,16.6
2011-03-21,303.15,16.6
2011-03-18,300.84,16.6
2011-03-17,297.6,16.6
2011-03-16,298.5,16.6
2011-03-15,300.44,16.6
2011-03-14,302.68,16.6
2011-03-11,300.95,16.6
2011-03-10,303.3,16.6
2011-03-09,302.05,16.6
2011-03-08,302.02,16.6
2011-03-07,304.05,16.6
2011-03-04,299.72,16.6
2011-03-03,301.7,16.6
2011-03-02,302.27,16.6
2011-03-01,299.79,16.6
2011-02-28,299.6,15.7
2011-02-25,298.32,15.7
2011-02-24,299.05,15.7
2011-02-23,297.3,15.7
2011-02-22,296.86,15.7
2011-02-21,296.49,15.7
2011-02-18,294.1,15.7
2011-02-17,293.4,15.7
2011-02-16,292.83,15.7
2011-02-15,290.95,15.7
2011-02-14,290.29,15.7
2011-02-11,290.28,15.7
2011-02-10,289.71,15.7
2011-02-09,290.0,15.7
2011-02-01,285.95,15.7
2011-01-31,285.7,17.2
2011-01-28,282.58,17.2
2011-01-27,287.35,17.2
2011-01-26,288.2,17.2
2011-01-25,287.3,17.2
2011-01-24,291.22,17.2
2011-01-21,291.01,17.2
2011-01-20,293.91,17.2
2011-01-19,295.99,17.2
2011-01-18,296.46,17.2
2011-01-17,293.39,17.2
2011-01-14,295.79,17.2
2011-01-13,297.8,17.2
2011-01-12,299.22,17.2
2011-01-11,299.79,17.2
2011-01-10,298.53,17.2
2011-01-07,296.89,17.2
2011-01-06,298.57,17.2
2011-01-05,297.68,17.2
2011-01-04,302.5,17.2
2010-12-31,301.8,19.72
2010-12-30,301.5,19.72
2010-12-29,301.07,19.72
2010-12-28,299.0,19.72
2010-12-27,298.49,19.72
2010-12-24,298.39,19.72
2010-12-23,298.07,19.72
2010-12-22,298.89,19.72
2010-12-21,298.8,19.72
2010-12-20,299.55,19.72
2010-12-17,296.81,19.72
2010-12-16,298.19,19.72
2010-12-15,298.83,19.72
2010-12-14,301.0,19.72
2010-12-13,299.5,19.72
2010-12-10,299.37,19.72
2010-12-09,298.52,19.72
2010-12-08,298.69,19.72
2010-12-07,304.33,19.72
2010-12-06,303.09,19.72
2010-12-03,298.99,19.72
2010-12-02,299.99,19.72
2010-12-01,299.6,19.72
2010-11-30,295.08,19.5
2010-11-29,294.7,19.5
2010-11-26,294.85,19.5
2010-11-25,295.58,19.5
2010-11-24,296.5,19.5
2010-11-23,294.57,19.5
2010-11-22,293.53,19.5
2010-11-19,292.4,19.5
2010-11-18,292.09,19.5
2010-11-17,289.0,19.5
2010-11-16,293.76,19.5
2010-11-15,295.2,19.5
2010-11-12,298.99,19.5
2010-11-11,302.16,19.5
2010-11-10,300.78,19.5
2010-11-09,303.62,19.5
2010-11-08,298.89,19.5
2010-11-05,297.39,19.5
2010-11-04,292.59,19.5
2010-11-03,291.99,19.5
2010-11-02,292.38,19.5
2010-11-01,293.07,19.5
2010-10-29,289.2,19.3
2010-10-28,286.43,19.3
2010-10-27,287.13,19.3
2010-10-26,287.9,19.3
2010-10-25,289.13,19.3
2010-10-22,283.95,19.3
2010-10-21,287.65,19.3
2010-10-20,287.59,19.3
2010-10-19,292.62,19.3
2010-10-18,290.99,19.3
2010-10-15,295.06,19.3
2010-10-14,295.99,19.3
2010-10-13,291.7,19.3
2010-10-12,289.86,19.3
2010-10-11,289.99,19.3
2010-10-08,285.8,19.3
2010-09-30,282.1,18.96
2010-09-29,281.95,18.96
2010-09-28,278.22,18.96
2010-09-27,280.39,18.96
2010-09-21,276.42,18.96
2010-09-20,277.51,18.96
2010-09-17,277.55,18.96
2010-09-16,275.2,18.96
2010-09-15,276.0,18.96
2010-09-14,273.0,18.96
2010-09-13,272.39,18.96
2010-09-10,272.3,18.96
2010-09-09,274.14,18.96
2010-09-08,275.57,18.96
2010-09-07,273.44,18.96
2010-09-06,273.7,18.96
2010-09-03,273.9,18.96
2010-09-02,273.28,18.96
2010-09-01,273.97,18.96
2010-08-31,270.63,19.2
2010-08-30,270.96,19.2
2010-08-27,270.01,19.2
2010-08-26,271.82,19.2
2010-08-25,269.67,19.2
2010-08-24,267.52,19.2
2010-08-23,269.25,19.2
2010-08-20,268.82,19.2
2010-08-19,268.79,19.2
2010-08-18,266.8,19.2
2010-08-17,268.0,19.2
2010-08-16,266.86,19.2
2010-08-13,265.9,19.2
2010-08-12,262.62,19.2
2010-08-11,261.82,19.2
2010-08-10,261.78,19.2
2010-08-09,263.5,19.2
2010-08-06,261.31,19.2
2010-08-05,260.78,19.2
2010-08-04,260.63,19.2
2010-08-03,258.59,19.2
2010-08-02,258.39,19.2
2010-07-30,255.8,17.6
2010-07-29,255.8,17.6
2010-07-28,255.8,17.6
2010-07-27,259.5,17.6
2010-07-26,261.2,17.6
2010-07-23,261.73,17.6
2010-07-22,259.02,17.6
2010-07-21,260.0,17.6
2010-07-20,259.0,17.6
2010-07-19,260.65,17.6
2010-07-16,263.6,17.6
2010-07-15,264.03,17.6
2010-07-14,264.54,17.6
2010-07-13,261.88,17.6
2010-07-12,263.3,17.6
2010-07-09,261.83,17.6
2010-07-08,263.18,17.6
2010-07-07,260.13,17.6
2010-07-06,263.86,17.6
2010-07-05,264.71,17.6
2010-07-02,263.82,17.6
2010-07-01,270.52,17.6
2010-06-30,271.44,18.46
2010-06-29,270.0,18.46
2010-06-28,273.93,18.46
2010-06-25,272.19,18.46
2010-06-24,270.14,18.46
2010-06-23,272.3,18.46
2010-06-22,271.54,18.46
2010-06-21,276.09,18.46
2010-06-18,272.97,18.46
2010-06-17,271.3,18.46
2010-06-11,268.92,18.46
2010-06-10,269.62,18.46
2010-06-09,271.35,18.46
2010-06-08,272.28,18.46
2010-06-07,267.21,18.46
2010-06-04,264.66,18.46
2010-06-03,268.87,18.46
2010-06-02,268.5,18.46
2010-06-01,267.69,18.46
2010-05-31,266.01,21.0
2010-05-28,266.64,21.0
2010-05-27,266.06,21.0
2010-05-26,265.2,21.0
2010-05-25,261.29,21.0
2010-05-24,261.89,21.0
2010-05-21,259.8,21.0
2010-05-20,261.24,21.0
2010-05-19,266.7,21.0
2010-05-18,266.79,21.0
2010-05-17,271.83,21.0
2010-05-14,271.54,21.0
2010-05-13,271.8,21.0
2010-05-12,270.63,21.0
2010-05-11,265.2,21.0
2010-05-10,263.09,21.0
2010-05-07,263.63,21.0
2010-05-06,257.64,21.0
2010-05-05,256.88,21.0
2010-05-04,258.13,21.0
2010-04-30,257.26,21.48
2010-04-29,256.24,21.48
2010-04-28,255.15,21.48
2010-04-27,253.49,21.48
2010-04-26,254.3,21.48
2010-04-23,251.0,21.48
2010-04-22,252.42,21.48
2010-04-21,251.45,21.48
2010-04-20,250.59,21.48
2010-04-19,248.85,21.48
2010-04-16,253.39,21.48
2010-04-15,253.5,21.48
2010-04-14,253.65,21.48
2010-04-13,253.39,21.48
2010-04-12,255.69,21.48
2010-04-09,253.87,21.48
2010-04-08,251.4,21.48
2010-04-07,249.8,21.48
2010-04-06,247.53,21.48
2010-04-02,246.87,21.48
2010-04-01,245.48,21.48
2010-03-31,244.57,22.5
2010-03-30,244.97,22.5
2010-03-29,244.77,22.5
2010-03-26,243.2,22.5
2010-03-25,242.02,22.5
2010-03-24,243.5,22.5
2010-03-23,243.37,22.5
2010-03-22,244.2,22.5
2010-03-19,247.29,22.5
2010-03-18,246.87,22.5
2010-03-17,248.3,22.5
2010-03-16,245.15,22.5
2010-03-15,243.64,22.5
2010-03-12,244.94,22.5
2010-03-11,243.72,22.5
2010-03-10,246.94,22.5
2010-03-09,245.58,22.5
2010-03-08,249.7,22.5
2010-03-05,248.78,22.5
2010-03-04,248.9,22.5
2010-03-03,249.0,22.5
2010-03-02,245.09,22.5
2010-03-01,245.35,22.5
2010-02-26,243.54,25.52
2010-02-25,240.55,25.52
2010-02-24,242.5,25.52
2010-02-23,245.29,25.52
2010-02-22,246.59,25.52
2010-02-12,239.73,25.52
2010-02-11,237.49,25.52
2010-02-10,237.47,25.52
2010-02-09,236.55,25.52
2010-02-08,235.6,25.52
2010-02-05,235.31,25.52
2010-02-04,243.8,25.52
2010-02-03,246.78,25.52
2010-02-02,244.1,25.52
2010-02-01,239.61,25.52
2010-01-29,239.7,25.98
2010-01-28,241.0,25.98
2010-01-27,242.91,25.98
2010-01-26,243.84,25.98
2010-01-25,244.8,25.98
2010-01-22,244.27,25.98
2010-01-21,247.5,25.98
2010-01-20,251.0,25.98
2010-01-19,252.35,25.98
2010-01-18,251.58,25.98
2010-01-15,251.84,25.98
2010-01-14,252.0,25.98
2010-01-13,249.84,25.98
2010-01-12,255.16,25.98
2010-01-11,254.31,25.98
2010-01-08,248.08,25.98
2010-01-07,250.34,25.98
2010-01-06,246.87,25.98
2010-01-05,249.35,25.98
2010-01-04,243.89,25.98
2009-12-31,244.5,27.68
2009-12-30,241.36,27.68
2009-12-29,243.28,27.68
2009-12-28,244.5,27.68
2009-12-25,245.03,27.68
2009-12-24,243.54,27.68
2009-12-23,239.74,27.68
2009-12-22,241.5,27.68
2009-12-21,246.0,27.68
2009-12-18,244.73,27.68
2009-12-17,248.95,27.68
2009-12-16,248.0,27.68
2009-12-15,247.5,27.68
2009-12-14,248.21,27.68
2009-12-11,251.0,27.68
2009-12-10,248.59,27.68
2009-12-09,249.08,27.68
2009-12-08,255.9,27.68
2009-12-07,254.5,27.68
2009-12-04,265.89,27.68
2009-12-03,267.7,27.68
2009-12-02,265.77,27.68
2009-12-01,259.98,27.68
2009-11-30,258.25,29.74
2009-11-27,255.59,29.74
2009-11-26,260.6,29.74
2009-11-25,259.22,29.74
2009-11-24,255.5,29.74
2009-11-23,256.15,29.74
2009-11-20,251.95,29.74
2009-11-19,251.43,29.74
2009-11-18,250.28,29.74
2009-11-17,249.39,29.74
2009-11-16,248.08,29.74
2009-11-13,243.0,29.74
2009-11-12,246.34,29.74
2009-11-11,243.49,29.74
2009-11-10,241.54,29.74
2009-11-09,242.76,29.74
2009-11-06,239.4,29.74
2009-11-05,238.44,29.74
2009-11-04,237.8,29.74
2009-11-03,233.24,29.74
2009-11-02,229.9,29.74
2009-10-30,230.45,29.42
2009-10-29,227.0,29.42
2009-10-28,229.06,29.42
2009-10-27,229.29,29.42
2009-10-26,231.99,29.42
2009-10-23,233.0,29.42
2009-10-22,232.45,29.42
2009-10-21,233.0,29.42
2009-10-20,234.39,29.42
2009-10-19,232.0,29.42
2009-10-16,230.6,29.42
2009-10-15,231.97,29.42
2009-10-14,234.3,29.42
2009-10-13,231.3,29.42
2009-10-12,229.92,29.42
2009-10-09,229.0,29.42
2009-09-30,219.71,29.31
2009-09-29,218.33,29.31
2009-09-28,217.43,29.31
2009-09-25,218.86,29.31
2009-09-24,222.78,29.31
2009-09-23,222.87,29.31
2009-09-22,222.16,29.31
2009-09-21,220.16,29.31
2009-09-18,222.69,29.31
2009-09-17,224.01,29.31
2009-09-16,223.41,29.31
2009-09-15,220.0,29.31
2009-09-14,219.2,29.31
2009-09-11,219.7,29.31
2009-09-10,218.44,29.31
2009-09-09,219.53,29.31
2009-09-08,220.27,29.31
2009-09-07,218.4,29.31
2009-09-04,217.34,29.31
2009-09-03,215.44,29.31
2009-09-02,210.39,29.31
2009-09-01,210.22,29.31
2009-08-31,209.85,28.53
2009-08-28,209.17,28.53
2009-08-27,208.6,28.53
2009-08-26,208.75,28.53
2009-08-25,208.19,28.53
2009-08-24,210.03,28.53
2009-08-21,207.31,28.53
2009-08-20,208.29,28.53
2009-08-19,206.6,28.53
2009-08-18,207.39,28.53
2009-08-17,207.97,28.53
2009-08-14,210.15,28.53
2009-08-13,210.45,28.53
2009-08-12,207.91,28.53
2009-08-11,209.0,28.53
2009-08-10,210.01,28.53
2009-08-07,211.2,28.53
2009-08-06,211.95,28.53
2009-08-05,212.02,28.53
2009-08-04,209.89,28.53
2009-08-03,209.4,28.53
2009-07-31,206.26,28.42
2009-07-30,205.02,28.42
2009-07-29,205.81,28.42
2009-07-28,209.86,28.42
2009-07-27,210.06,28.42
2009-07-24,208.55,28.42
2009-07-23,209.41,28.42
2009-07-22,208.08,28.42
2009-07-21,208.2,28.42
2009-07-20,207.75,28.42
2009-07-17,205.91,28.42
2009-07-16,206.19,28.42
2009-07-15,204.14,28.42
2009-07-14,202.76,28.42
2009-07-13,200.68,28.42
2009-07-10,201.0,28.42
2009-07-09,201.3,28.42
2009-07-08,203.68,28.42
2009-07-07,203.36,28.42
2009-07-06,203.8,28.42
2009-07-03,205.75,28.42
2009-07-02,206.47,28.42
2009-07-01,205.16,28.42
2009-06-30,207.41,28.46
2009-06-29,206.25,28.46
2009-06-26,207.81,28.46
2009-06-25,205.9,28.46
2009-06-24,204.21,28.46
2009-06-23,203.03,28.46
2009-06-22,205.69,28.46
2009-06-19,205.8,28.46
2009-06-18,206.78,28.46
2009-06-17,206.48,28.46
2009-06-16,206.29,28.46
2009-06-15,205.89,28.46
2009-06-12,209.39,28.46
2009-06-11,209.93,28.46
2009-06-10,210.95,28.46
2009-06-09,209.69,28.46
2009-06-08,209.5,28.46
2009-06-05,215.5,28.46
2009-06-04,213.0,28.46
2009-06-03,216.4,28.46
2009-06-02,213.0,28.46
2009-06-01,215.68,28.46
2009-05-27,208.69,25.74
2009-05-26,209.23,25.74
2009-05-25,209.05,25.74
2009-05-22,208.61,25.74
2009-05-21,207.0,25.74
2009-05-20,203.74,25.74
2009-05-19,202.46,25.74
2009-05-18,204.62,25.74
2009-05-15,203.18,25.74
2009-05-14,202.19,25.74
2009-05-13,203.11,25.74
2009-05-12,200.67,25.74
2009-05-11,200.85,25.74
2009-05-08,200.53,25.74
2009-05-07,200.1,25.74
2009-05-06,198.4,25.74
2009-05-05,198.3,25.74
2009-05-04,196.7,25.74
2009-04-30,197.75,25.89
2009-04-29,197.12,25.89
2009-04-28,197.2,25.89
2009-04-27,200.0,25.89
2009-04-24,200.29,25.89
2009-04-23,196.37,25.89
2009-04-22,195.42,25.89
2009-04-21,196.03,25.89
2009-04-20,191.91,25.89
2009-04-17,192.66,25.89
2009-04-16,196.59,25.89
2009-04-15,196.2,25.89
2009-04-14,197.59,25.89
2009-04-13,196.05,25.89
2009-04-10,194.75,25.89
2009-04-09,194.58,25.89
2009-04-08,195.66,25.89
2009-04-07,193.99,25.89
2009-04-03,199.7,25.89
2009-04-02,202.88,25.89
2009-04-01,202.1,25.89
2009-03-31,202.56,25.51
2009-03-30,203.69,25.51
2009-03-27,204.91,25.51
2009-03-26,205.47,25.51
2009-03-25,204.09,25.51
2009-03-24,206.49,25.51
2009-03-23,210.32,25.51
2009-03-20,210.0,25.51
2009-03-19,204.85,25.51
2009-03-18,200.4,25.51
2009-03-17,202.5,25.51
2009-03-16,203.99,25.51
2009-03-13,203.37,25.51
2009-03-12,201.56,25.51
2009-03-11,198.04,25.51
2009-03-10,201.8,25.51
2009-03-09,205.59,25.51
2009-03-06,207.3,25.51
2009-03-05,201.43,25.51
2009-03-04,201.48,25.51
2009-03-03,203.42,25.51
2009-03-02,209.98,25.51
2009-02-27,207.51,20.48
2009-02-26,209.89,20.48
2009-02-25,210.4,20.48
2009-02-24,217.15,20.48
2009-02-23,216.62,20.48
2009-02-20,214.99,20.48
2009-02-19,214.22,20.48
2009-02-18,213.65,20.48
2009-02-17,211.1,20.48
2009-02-16,206.49,20.48
2009-02-13,206.8,20.48
2009-02-12,206.58,20.48
2009-02-11,200.72,20.48
2009-02-10,196.96,20.48
2009-02-09,198.87,20.48
2009-02-06,201.2,20.48
2009-02-05,199.0,20.48
2009-02-04,197.53,20.48
2009-02-03,198.09,20.48
2009-02-02,199.75,20.48
2009-01-23,188.49,18.79
2009-01-22,187.8,18.79
2009-01-21,187.57,18.79
2009-01-20,182.95,18.79
2009-01-19,185.2,18.79
2009-01-16,182.47,18.79
2009-01-15,180.33,18.79
2009-01-14,182.99,18.79
2009-01-13,181.81,18.79
2009-01-12,188.59,18.79
2009-01-09,189.69,18.79
2009-01-08,187.5,18.79
2009-01-07,189.77,18.79
2009-01-06,187.67,18.79
2009-01-05,192.02,18.79
2008-12-31,190.65,17.82
2008-12-30,192.69,17.82
2008-12-29,194.8,17.82
2008-12-26,187.2,17.82
2008-12-25,186.6,17.82
2008-12-24,185.3,17.82
2008-12-23,187.17,17.82
2008-12-22,186.01,17.82
2008-12-19,187.15,17.82
2008-12-18,188.83,17.82
2008-12-17,186.0,17.82
2008-12-16,183.8,17.82
2008-12-15,182.01,17.82
2008-12-12,178.49,17.82
2008-12-11,180.53,17.82
2008-12-10,175.0,17.82
2008-12-09,173.61,17.82
2008-12-08,172.3,17.82
2008-12-05,173.12,17.82
2008-12-04,171.56,17.82
2008-12-03,173.54,17.82
2008-12-02,170.76,17.82
2008-12-01,178.39,17.82
2008-11-28,179.01,14.8
2008-11-27,178.8,14.8
2008-11-26,178.8,14.8
2008-11-25,178.49,14.8
2008-11-24,173.5,14.8
2008-11-21,167.66,14.8
2008-11-20,166.0,14.8
2008-11-19,165.6,14.8
2008-11-18,165.43,14.8
2008-11-17,166.0,14.8
2008-11-14,164.44,14.8
2008-11-13,161.79,14.8
2008-11-12,165.64,14.8
2008-11-11,167.18,14.8
2008-11-10,167.9,14.8
2008-11-07,165.52,14.8
2008-11-06,165.51,14.8
2008-11-05,167.5,14.8
2008-11-04,164.82,14.8
2008-11-03,165.8,14.8
2008-10-31,164.0,15.02
2008-10-30,171.06,15.02
2008-10-29,167.56,15.02
2008-10-28,167.03,15.02
2008-10-27,162.87,15.02
2008-10-24,160.81,15.02
2008-10-23,162.9,15.02
2008-10-22,169.0,15.02
2008-10-21,175.0,15.02
2008-10-20,178.49,15.02
2008-10-17,179.04,15.02
2008-10-16,184.25,15.02
2008-10-15,186.97,15.02
2008-10-14,186.79,15.02
2008-10-13,189.67,15.02
2008-10-10,202.39,15.02
2008-10-09,194.31,15.02
2008-10-08,196.28,15.02
2008-10-07,191.3,15.02
2008-10-06,183.18,15.02
2008-09-26,192.75,15.29
2008-09-25,195.7,15.29
2008-09-24,194.4,15.29
2008-09-23,193.98,15.29
2008-09-22,191.29,15.29
2008-09-19,185.07,15.29
2008-09-18,191.19,15.29
2008-09-17,173.99,15.29
2008-09-16,171.45,15.29
2008-09-12,167.87,15.29
2008-09-11,167.36,15.29
2008-09-10,171.68,15.29
2008-09-09,176.59,15.29
2008-09-08,179.89,15.29
2008-09-05,176.9,15.29
2008-09-04,178.71,15.29
2008-09-03,176.3,15.29
2008-09-02,178.28,15.29
2008-09-01,183.8,15.29
2008-08-29,183.98,16.0
2008-08-28,183.78,16.0
2008-08-27,182.58,16.0
2008-08-26,180.88,16.0
2008-08-25,181.19,16.0
2008-08-22,184.04,16.0
2008-08-21,180.94,16.0
2008-08-20,179.99,16.0
2008-08-19,174.0,16.0
2008-08-18,178.06,16.0
2008-08-15,175.5,16.0
2008-08-14,184.26,16.0
2008-08-13,182.84,16.0
2008-08-12,180.0,16.0
2008-08-11,189.88,16.0
2008-08-08,191.5,16.0
2008-08-07,195.58,16.0
2008-08-06,195.8,16.0
2008-08-05,196.4,16.0
2008-08-04,201.6,16.0
2008-08-01,200.7,16.0
2008-07-31,201.0,16.35
2008-07-30,201.61,16.35
2008-07-29,204.87,16.35
2008-07-28,204.43,16.35
2008-07-25,204.9,16.35
2008-07-24,203.9,16.35
2008-07-23,206.79,16.35
2008-07-22,213.01,16.35
2008-07-21,211.1,16.35
2008-07-18,211.49,16.35
2008-07-17,211.27,16.35
2008-07-16,213.03,16.35
2008-07-15,213.09,16.35
2008-07-14,211.29,16.35
2008-07-11,207.42,16.35
2008-07-10,204.29,16.35
2008-07-09,203.32,16.35
2008-07-08,205.13,16.35
2008-07-07,203.3,16.35
2008-07-04,206.22,16.35
2008-07-03,207.98,16.35
2008-07-02,207.59,16.35
2008-07-01,204.19,16.35
2008-06-30,204.59,17.37
2008-06-27,201.5,17.37
2008-06-26,196.29,17.37
2008-06-25,196.15,17.37
2008-06-24,195.95,17.37
2008-06-23,199.93,17.37
2008-06-20,199.3,17.37
2008-06-19,197.26,17.37
2008-06-18,196.39,17.37
2008-06-17,196.34,17.37
2008-06-16,193.62,17.37
2008-06-13,193.8,17.37
2008-06-12,193.8,17.37
2008-06-11,195.26,17.37
2008-06-10,197.49,17.37
2008-06-06,196.65,17.37
2008-06-05,196.79,17.37
2008-06-04,196.1,17.37
2008-06-03,199.6,17.37
2008-06-02,197.64,17.37
2008-05-30,195.79,18.07
2008-05-29,200.3,18.07
2008-05-28,203.07,18.07
2008-05-27,206.69,18.07
2008-05-26,206.79,18.07
2008-05-23,205.59,18.07
2008-05-22,208.06,18.07
2008-05-21,205.64,18.07
2008-05-20,203.71,18.07
2008-05-19,203.4,18.07
2008-05-16,198.3,18.07
2008-05-15,195.7,18.07
2008-05-14,195.3,18.07
2008-05-13,197.34,18.07
2008-05-12,198.0,18.07
2008-05-09,199.0,18.07
2008-05-08,194.91,18.07
2008-05-07,196.46,18.07
2008-05-06,196.8,18.07
2008-05-05,194.98,18.07
2008-04-30,198.13,16.94
2008-04-29,200.0,16.94
2008-04-28,202.02,16.94
2008-04-25,200.32,16.94
2008-04-24,203.71,16.94
2008-04-23,206.75,16.94
2008-04-22,206.02,16.94
2008-04-21,207.29,16.94
2008-04-18,212.34,16.94
2008-04-17,212.47,16.94
2008-04-16,209.0,16.94
2008-04-15,210.19,16.94
2008-04-14,207.3,16.94
2008-04-11,208.09,16.94
2008-04-10,208.99,16.94
2008-04-09,204.86,16.94
2008-04-08,207.15,16.94
2008-04-07,205.75,16.94
2008-04-03,203.39,16.94
2008-04-02,200.99,16.94
2008-04-01,205.0,16.94
2008-03-31,212.0,16.29
2008-03-28,213.31,16.29
2008-03-27,214.64,16.29
2008-03-26,212.21,16.29
2008-03-25,210.34,16.29
2008-03-24,206.9,16.29
2008-03-21,209.95,16.29
2008-03-20,213.65,16.29
2008-03-19,226.0,16.29
2008-03-18,228.78,16.29
2008-03-17,233.59,16.29
2008-03-14,226.9,16.29
2008-03-13,225.2,16.29
2008-03-12,223.0,16.29
2008-03-11,222.38,16.29
2008-03-10,224.01,16.29
2008-03-07,225.0,16.29
2008-03-06,225.73,16.29
2008-03-05,220.9,16.29
2008-03-04,224.51,16.29
2008-03-03,224.89,16.29
2008-02-29,221.35,17.48
2008-02-28,218.49,17.48
2008-02-27,219.8,17.48
2008-02-26,214.8,17.48
2008-02-25,217.89,17.48
2008-02-22,217.18,17.48
2008-02-21,216.49,17.48
2008-02-20,213.35,17.48
2008-02-19,210.16,17.48
2008-02-18,209.33,17.48
2008-02-15,210.45,17.48
2008-02-14,210.87,17.48
2008-02-13,208.2,17.48
2008-02-05,208.97,17.48
2008-02-04,210.11,17.48
2008-02-01,213.98,17.48
2008-01-31,213.98,18.94
2008-01-30,214.0,18.94
2008-01-29,214.3,18.94
2008-01-28,213.09,18.94
2008-01-25,211.85,18.94
2008-01-24,207.25,18.94
2008-01-23,207.33,18.94
2008-01-22,200.4,18.94
2008-01-21,205.76,18.94
2008-01-18,205.25,18.94
2008-01-17,206.98,18.94
2008-01-16,206.72,18.94
2008-01-15,212.34,18.94
2008-01-14,211.18,18.94
2008-01-11,208.4,18.94
2008-01-10,205.6,18.94
2008-01-09,208.83,18.94
2008-01-08,203.9,18.94
2008-01-07,200.26,18.94
2008-01-04,202.5,18.94
2008-01-03,200.8,18.94
2008-01-02,196.46,18.94
2007-12-28,195.03,16.72
2007-12-27,193.8,16.72
2007-12-26,193.04,16.72
2007-12-25,192.27,16.72
2007-12-24,192.16,16.72
2007-12-21,190.5,16.72
2007-12-20,190.0,16.72
2007-12-19,191.11,16.72
2007-12-18,189.42,16.72
2007-12-17,189.1,16.72
2007-12-14,190.5,16.72
2007-12-13,192.0,16.72
2007-12-12,191.25,16.72
2007-12-11,192.31,16.72
2007-12-10,190.24,16.72
2007-12-07,190.64,16.72
2007-12-06,189.89,16.72
2007-12-05,191.93,16.72
2007-12-04,189.7,16.72
2007-12-03,188.81,16.72
2007-11-30,190.23,18.45
2007-11-29,192.0,18.45
2007-11-28,193.2,18.45
2007-11-27,196.44,18.45
2007-11-26,196.75,18.45
2007-11-23,193.62,18.45
2007-11-22,192.5,18.45
2007-11-21,193.6,18.45
2007-11-20,189.4,18.45
2007-11-19,189.69,18.45
2007-11-16,190.69,18.45
2007-11-15,195.27,18.45
2007-11-14,193.13,18.45
2007-11-13,193.93,18.45
2007-11-12,195.6,18.45
2007-11-09,199.95,18.45
2007-11-08,199.43,18.45
2007-11-07,199.96,18.45
2007-11-06,195.29,18.45
2007-11-05,193.14,18.45
2007-11-02,189.97,18.45
2007-11-01,190.82,18.45
2007-10-31,188.68,18.47
2007-10-30,188.78,18.47
2007-10-29,190.02,18.47
2007-10-26,186.99,18.47
2007-10-25,183.98,18.47
2007-10-24,182.61,18.47
2007-10-23,183.54,18.47
2007-10-22,183.91,18.47
2007-10-19,185.85,18.47
2007-10-18,184.0,18.47
2007-10-17,183.0,18.47
2007-10-16,185.32,18.47
2007-10-15,182.8,18.47
2007-10-12,180.5,18.47
2007-10-11,179.7,18.47
2007-10-10,178.8,18.47
2007-10-09,177.64,18.47
2007-10-08,178.42,18.47
2007-09-28,178.2,18.45
2007-09-27,176.71,18.45
2007-09-26,177.8,18.45
2007-09-25,176.28,18.45
2007-09-24,177.94,18.45
2007-09-21,178.12,18.45
2007-09-20,175.48,18.45
2007-09-19,175.31,18.45
2007-09-18,173.42,18.45
2007-09-17,172.18,18.45
2007-09-14,170.89,18.45
2007-09-13,171.26,18.45
2007-09-12,172.16,18.45
2007-09-11,170.18,18.45
2007-09-10,170.03,18.45
2007-09-07,167.82,18.45
2007-09-06,165.8,18.45
2007-09-05,164.98,18.45
2007-09-04,163.5,18.45
2007-09-03,163.25,18.45
2007-08-31,162.03,18.1
2007-08-30,161.68,18.1
2007-08-29,161.8,18.1
2007-08-28,162.27,18.1
2007-08-27,162.42,18.1
2007-08-24,161.1,18.1
2007-08-23,161.95,18.1
2007-08-22,161.1,18.1
2007-08-21,161.01,18.1
2007-08-20,160.96,18.1
2007-08-17,159.59,18.1
2007-08-16,162.72,18.1
2007-08-15,162.74,18.1
2007-08-14,163.33,18.1
2007-08-13,163.29,18.1
2007-08-10,162.1,18.1
2007-08-09,163.9,18.1
2007-08-08,163.3,18.1
2007-08-07,163.05,18.1
2007-08-06,163.65,18.1
2007-08-03,162.27,18.1
2007-08-02,161.94,18.1
2007-08-01,160.97,18.1
2007-07-31,162.21,18.5
2007-07-30,161.79,18.5
2007-07-27,161.63,18.5
2007-07-26,164.56,18.5
2007-07-25,164.92,18.5
2007-07-24,165.86,18.5
2007-07-23,165.79,18.5
2007-07-20,164.58,18.5
2007-07-19,163.58,18.5
2007-07-18,162.75,18.5
2007-07-17,162.24,18.5
2007-07-16,162.32,18.5
2007-07-13,162.09,18.5
2007-07-12,161.36,18.5
2007-07-11,162.19,18.5
2007-07-10,161.07,18.5
2007-07-09,160.32,18.5
2007-07-06,158.83,18.5
2007-07-05,160.33,18.5
2007-07-04,160.29,18.5
2007-07-03,161.03,18.5
2007-07-02,159.3,18.5
2007-06-29,158.8,17.06
2007-06-28,158.46,17.06
2007-06-27,157.27,17.06
2007-06-26,159.76,17.06
2007-06-25,160.13,17.06
2007-06-22,160.46,17.06
2007-06-21,161.13,17.06
2007-06-20,162.0,17.06
2007-06-19,161.35,17.06
2007-06-18,161.9,17.06
2007-06-15,160.18,17.06
2007-06-14,160.2,17.06
2007-06-13,159.0,17.06
2007-06-12,160.82,17.06
2007-06-11,161.13,17.06
2007-06-08,162.39,17.06
2007-06-07,165.03,17.06
2007-06-06,165.03,17.06
2007-06-05,165.4,17.06
2007-06-04,164.87,17.06
2007-06-01,163.25,17.06
2007-05-31,162.16,16.74
2007-05-30,161.55,16.74
2007-05-29,161.82,16.74
2007-05-28,161.79,16.74
2007-05-25,161.41,16.74
2007-05-24,163.14,16.74
2007-05-23,162.87,16.74
2007-05-22,163.74,16.74
2007-05-21,163.58,16.74
2007-05-18,162.66,16.74
2007-05-17,164.45,16.74
2007-05-16,166.6,16.74
2007-05-15,166.0,16.74
2007-05-14,166.4,16.74
2007-05-11,165.79,16.74
2007-05-10,168.51,16.74
2007-05-09,170.09,16.74
2007-05-08,170.03,16.74
2007-04-30,168.23,17.1
2007-04-27,167.63,17.1
2007-04-26,170.63,17.1
2007-04-25,170.61,17.1
2007-04-24,171.85,17.1
2007-04-23,171.72,17.1
2007-04-20,170.57,17.1
2007-04-19,170.08,17.1
2007-04-18,171.79,17.1
2007-04-17,170.82,17.1
2007-04-16,170.32,17.1
2007-04-13,168.29,17.1
2007-04-12,168.84,17.1
2007-04-11,168.38,17.1
2007-04-10,168.12,17.1
2007-04-09,166.98,17.1
2007-04-06,167.5,17.1
2007-04-05,167.19,17.1
2007-04-04,166.45,17.1
2007-04-03,165.39,17.1
2007-04-02,165.27,17.1
2007-03-30,165.36,17.3
2007-03-29,165.27,17.3
2007-03-28,165.5,17.3
2007-03-27,165.22,17.3
2007-03-26,164.15,17.3
2007-03-23,164.5,17.3
2007-03-22,165.15,17.3
2007-03-21,164.09,17.3
2007-03-20,163.02,17.3
2007-03-19,163.44,17.3
2007-03-16,161.72,17.3
2007-03-15,161.09,17.3
2007-03-14,160.28,17.3
2007-03-13,162.28,17.3
2007-03-12,162.77,17.3
2007-03-09,163.0,17.3
2007-03-08,163.1,17.3
2007-03-07,160.8,17.3
2007-03-06,161.19,17.3
2007-03-05,159.6,17.3
2007-03-02,164.81,17.3
2007-03-01,167.9,17.3
2007-02-28,167.25,17.8
2007-02-27,170.3,17.8
2007-02-26,170.7,17.8
2007-02-16,166.21,17.8
2007-02-15,166.59,17.8
2007-02-14,166.14,17.8
2007-02-13,165.17,17.8
2007-02-12,165.56,17.8
2007-02-09,164.03,17.8
2007-02-08,162.58,17.8
2007-02-07,163.48,17.8
2007-02-06,162.19,17.8
2007-02-05,161.65,17.8
2007-02-02,163.31,17.8
2007-02-01,162.65,17.8
2007-01-31,161.22,15.93
2007-01-30,160.69,15.93
2007-01-29,161.51,15.93
2007-01-26,161.31,15.93
2007-01-25,161.28,15.93
2007-01-24,160.41,15.93
2007-01-23,158.82,15.93
2007-01-22,158.66,15.93
2007-01-19,157.48,15.93
2007-01-18,157.8,15.93
2007-01-17,156.48,15.93
2007-01-16,156.8,15.93
2007-01-15,156.92,15.93
2007-01-12,154.23,15.93
2007-01-11,153.86,15.93
2007-01-10,154.34,15.93
2007-01-09,154.45,15.93
2007-01-08,153.72,15.93
2007-01-05,156.94,15.93
2007-01-04,158.58,15.93
2006-12-29,159.34,16.94
2006-12-28,157.72,16.94
2006-12-27,157.38,16.94
2006-12-26,157.9,16.94
2006-12-25,156.59,16.94
2006-12-22,156.42,16.94
2006-12-21,155.0,16.94
2006-12-20,156.79,16.94
2006-12-19,155.73,16.94
2006-12-18,156.04,16.94
2006-12-15,160.11,16.94
2006-12-14,158.57,16.94
2006-12-13,158.69,16.94
2006-12-12,159.29,16.94
2006-12-11,158.36,16.94
2006-12-08,159.68,16.94
2006-12-07,158.97,16.94
2006-12-06,161.1,16.94
2006-12-05,162.5,16.94
2006-12-04,163.11,16.94
2006-12-01,162.76,16.94
2006-11-30,160.9,16.8
2006-11-29,161.4,16.8
2006-11-28,161.5,16.8
2006-11-27,161.0,16.8
2006-11-24,159.45,16.8
2006-11-23,158.99,16.8
2006-11-22,159.0,16.8
2006-11-21,158.0,16.8
2006-11-20,157.87,16.8
2006-11-17,156.88,16.8
2006-11-16,158.3,16.8
2006-11-15,158.1,16.8
2006-11-14,157.97,16.8
2006-11-13,159.44,16.8
2006-11-10,159.87,16.8
2006-11-09,156.75,16.8
2006-11-08,158.54,16.8
2006-11-07,158.25,16.8
2006-11-06,158.68,16.8
2006-11-03,157.42,16.8
2006-11-02,155.29,16.8
2006-11-01,153.47,16.8
2006-10-31,152.1,17.1
2006-10-30,152.18,17.1
2006-10-27,150.27,17.1
2006-10-26,150.74,17.1
2006-10-25,148.45,17.1
2006-10-24,148.0,17.1
2006-10-23,150.34,17.1
2006-10-20,152.75,17.1
2006-10-19,150.09,17.1
2006-10-18,150.41,17.1
2006-10-17,151.3,17.1
2006-10-16,150.38,17.1
2006-10-13,147.54,17.1
2006-10-12,147.07,17.1
2006-10-11,146.09,17.1
2006-10-10,148.03,17.1
2006-10-09,148.06,17.1
2006-09-29,153.51,16.83
2006-09-28,152.85,16.83
2006-09-27,151.4,16.83
2006-09-26,150.5,16.83
2006-09-25,150.38,16.83
2006-09-22,149.79,16.83
2006-09-21,148.57,16.83
2006-09-20,148.4,16.83
2006-09-19,150.1,16.83
2006-09-18,149.36,16.83
2006-09-15,148.88,16.83
2006-09-14,151.99,16.83
2006-09-13,150.0,16.83
2006-09-12,153.01,16.83
2006-09-11,152.69,16.83
2006-09-08,158.71,16.83
2006-09-07,162.7,16.83
2006-09-05,161.17,16.83
2006-09-04,160.57,16.83
2006-09-01,160.48,16.83
2006-08-31,159.15,17.9
2006-08-30,157.79,17.9
2006-08-29,158.26,17.9
2006-08-28,159.78,17.9
2006-08-25,160.35,17.9
2006-08-24,159.97,17.9
2006-08-23,160.15,17.9
2006-08-22,161.04,17.9
2006-08-21,160.0,17.9
2006-08-18,158.08,17.9
2006-08-17,162.4,17.9
2006-08-16,161.32,17.9
2006-08-15,161.53,17.9
2006-08-14,162.04,17.9
2006-08-11,164.88,17.9
2006-08-10,167.3,17.9
2006-08-09,164.61,17.9
2006-08-08,165.82,17.9
2006-08-07,166.8,17.9
2006-08-04,165.45,17.9
2006-08-03,166.45,17.9
2006-08-02,166.09,17.9
2006-08-01,162.77,17.9
2006-07-31,163.1,18.4
2006-07-28,162.51,18.4
2006-07-27,161.85,18.4
2006-07-26,159.73,18.4
2006-07-25,160.57,18.4
2006-07-24,158.96,18.4
2006-07-21,161.26,18.4
2006-07-20,164.53,18.4
2006-07-19,161.37,18.4
2006-07-18,167.61,18.4
2006-07-17,173.55,18.4
2006-07-14,169.05,18.4
2006-07-13,166.85,18.4
2006-07-12,164.39,18.4
2006-07-11,160.9,18.4
2006-07-10,161.69,18.4
2006-07-07,162.3,18.4
2006-07-06,160.72,18.4
2006-07-05,160.5,18.4
2006-07-04,159.72,18.4
2006-07-03,159.19,18.4
2006-06-30,154.02,18.43
2006-06-29,149.69,18.43
2006-06-28,150.0,18.43
2006-06-27,151.69,18.43
2006-06-26,151.35,18.43
2006-06-23,150.3,18.43
2006-06-22,153.15,18.43
2006-06-21,149.25,18.43
2006-06-20,146.1,18.43
2006-06-19,147.69,18.43
2006-06-16,150.69,18.43
2006-06-15,147.7,18.43
2006-06-14,144.94,18.43
2006-06-13,152.9,18.43
2006-06-12,155.67,18.43
2006-06-09,157.41,18.43
2006-06-08,160.32,18.43
2006-06-07,161.5,18.43
2006-06-06,164.2,18.43
2006-06-05,165.39,18.43
2006-06-02,162.03,18.43
2006-06-01,163.67,18.43
2006-05-31,168.83,19.1
2006-05-30,168.83,19.1
2006-05-29,167.81,19.1
2006-05-26,168.49,19.1
2006-05-25,167.69,19.1
2006-05-24,172.27,19.1
2006-05-23,170.0,19.1
2006-05-22,166.67,19.1
2006-05-19,177.37,19.1
2006-05-18,177.4,19.1
2006-05-17,181.8,19.1
2006-05-16,175.15,19.1
2006-05-15,184.45,19.1
2006-05-12,185.53,19.1
2006-05-11,183.24,19.1
2006-05-10,181.15,19.1
2006-05-09,174.19,19.1
2006-05-08,175.67,19.1
2006-04-28,164.39,18.9
2006-04-27,164.4,18.9
2006-04-26,163.0,18.9
2006-04-25,162.0,18.9
2006-04-24,162.74,18.9
2006-04-21,159.36,18.9
2006-04-20,165.69,18.9
2006-04-19,160.69,18.9
2006-04-18,158.77,18.9
2006-04-17,156.32,18.9
2006-04-14,154.74,18.9
2006-04-13,153.55,18.9
2006-04-12,154.15,18.9
2006-04-11,155.05,18.9
2006-04-10,153.3,18.9
2006-04-07,153.13,18.9
2006-04-06,152.59,18.9
2006-04-05,150.4,18.9
2006-04-04,151.1,18.9
2006-04-03,150.39,18.9
2006-03-31,150.4,18.8
2006-03-30,147.79,18.8
2006-03-29,144.98,18.8
2006-03-28,145.7,18.8
2006-03-27,144.77,18.8
2006-03-24,142.05,18.8
2006-03-23,141.87,18.8
2006-03-22,142.8,18.8
2006-03-21,142.95,18.8
2006-03-20,144.0,18.8
2006-03-17,143.45,18.8
2006-03-16,142.52,18.8
2006-03-15,142.62,18.8
2006-03-14,141.65,18.8
2006-03-13,141.45,18.8
2006-03-10,141.75,18.8
2006-03-09,141.85,18.8
2006-03-08,143.22,18.8
2006-03-07,144.85,18.8
2006-03-06,146.8,18.8
2006-03-03,146.69,18.8
2006-03-02,145.55,18.8
2006-03-01,144.77,18.8
2006-02-28,143.44,18.8
2006-02-27,143.76,18.8
2006-02-24,143.28,18.8
2006-02-23,143.15,18.8
2006-02-22,143.61,18.8
2006-02-21,143.5,18.8
2006-02-20,143.68,18.8
2006-02-17,141.44,18.8
2006-02-16,142.0,18.8
2006-02-15,141.85,18.8
2006-02-14,139.62,18.8
2006-02-13,141.91,18.8
2006-02-10,145.19,18.8
2006-02-09,144.59,18.8
2006-02-08,142.55,18.8
2006-02-07,147.82,18.8
2006-02-06,147.8,18.8
2006-01-27,144.0,19.21
2006-01-26,144.8,19.21
2006-01-25,143.95,19.21
2006-01-24,144.0,19.21
2006-01-23,144.05,19.21
2006-01-20,143.86,19.21
2006-01-19,143.16,19.21
2006-01-18,141.99,19.21
2006-01-17,144.34,19.21
2006-01-16,143.65,19.21
2006-01-13,141.6,19.21
2006-01-12,141.85,19.21
2006-01-11,141.07,19.21
2006-01-10,140.94,19.21
2006-01-09,140.44,19.21
2006-01-06,136.81,19.21
2006-01-05,137.89,19.21
2006-01-04,138.21,19.21
2005-12-30,133.55,17.57
2005-12-29,134.17,17.57
2005-12-28,132.81,17.57
2005-12-27,132.21,17.57
2005-12-26,131.73,17.57
2005-12-23,131.23,17.57
2005-12-22,129.34,17.57
2005-12-21,128.61,17.57
2005-12-20,132.0,17.57
2005-12-19,132.38,17.57
2005-12-16,129.63,17.57
2005-12-15,131.65,17.57
2005-12-14,133.88,17.57
2005-12-13,136.19,17.57
2005-12-12,139.45,17.57
2005-12-09,136.3,17.57
2005-12-08,134.79,17.57
2005-12-07,133.39,17.57
2005-12-06,131.9,17.57
2005-12-05,131.99,17.57
2005-12-02,130.38,17.57
2005-12-01,128.85,17.57
2005-11-30,129.0,18.3
2005-11-29,129.5,18.3
2005-11-28,129.0,18.3
2005-11-25,128.46,18.3
2005-11-24,127.87,18.3
2005-11-23,127.28,18.3
2005-11-22,127.08,18.3
2005-11-21,125.82,18.3
2005-11-18,125.34,18.3
2005-11-17,123.25,18.3
2005-11-16,122.15,18.3
2005-11-15,121.51,18.3
2005-11-14,122.15,18.3
2005-11-11,121.0,18.3
2005-11-10,121.29,18.3
2005-11-09,120.6,18.3
2005-11-08,119.25,18.3
2005-11-07,119.6,18.3
2005-11-04,120.33,18.3
2005-11-03,121.24,18.3
2005-11-02,120.55,18.3
2005-11-01,121.38,18.3
2005-10-31,122.41,17.99
2005-10-28,122.71,17.99
2005-10-27,122.98,17.99
2005-10-26,122.82,17.99
2005-10-25,121.04,17.99
2005-10-24,120.6,17.99
2005-10-21,120.6,17.99
2005-10-20,121.11,17.99
2005-10-19,122.2,17.99
2005-10-18,123.06,17.99
2005-10-17,122.65,17.99
2005-10-14,122.69,17.99
2005-10-13,123.08,17.99
2005-10-12,123.68,17.99
2005-10-11,123.09,17.99
2005-10-10,123.0,17.99
2005-09-30,121.84,17.92
2005-09-29,122.0,17.92
2005-09-28,120.26,17.92
2005-09-27,120.75,17.92
2005-09-26,119.9,17.92
2005-09-23,120.83,17.92
2005-09-22,122.33,17.92
2005-09-21,120.6,17.92
2005-09-20,120.07,17.92
2005-09-19,118.09,17.92
2005-09-16,117.69,17.92
2005-09-15,116.35,17.92
2005-09-14,115.9,17.92
2005-09-13,115.86,17.92
2005-09-12,116.1,17.92
2005-09-09,115.99,17.92
2005-09-08,115.4,17.92
2005-09-07,115.56,17.92
2005-09-06,115.01,17.92
2005-09-05,115.4,17.92
2005-09-02,114.7,17.92
2005-09-01,113.72,17.92
2005-08-31,113.4,17.34
2005-08-30,114.0,17.34
2005-08-29,114.74,17.34
2005-08-26,114.37,17.34
2005-08-25,114.39,17.34
2005-08-24,114.01,17.34
2005-08-23,114.47,17.34
2005-08-22,114.15,17.34
2005-08-19,114.32,17.34
2005-08-18,114.0,17.34
2005-08-17,114.8,17.34
2005-08-16,114.35,17.34
2005-08-15,114.54,17.34
2005-08-12,115.05,17.34
2005-08-11,113.78,17.34
2005-08-10,113.1,17.34
2005-08-09,112.95,17.34
2005-08-08,113.15,17.34
2005-08-05,113.11,17.34
2005-08-04,113.15,17.34
2005-08-03,112.3,17.34
2005-08-02,112.53,17.34
2005-08-01,112.37,17.34
2005-07-29,111.67,16.3
2005-07-28,111.18,16.3
2005-07-27,110.53,16.3
2005-07-26,111.21,16.3
2005-07-25,111.49,16.3
2005-07-22,111.83,16.3
2005-07-21,112.97,16.3
2005-07-20,112.37,16.3
2005-07-19,112.38,16.3
2005-07-18,112.76,16.3
2005-07-15,112.49,16.3
2005-07-14,113.74,16.3
2005-07-13,113.83,16.3
2005-07-12,114.0,16.3
2005-07-11,113.54,16.3
2005-07-08,113.34,16.3
2005-07-07,113.63,16.3
2005-07-06,113.4,16.3
2005-07-05,113.72,16.3
2005-07-04,113.91,16.3
2005-07-01,115.38,16.3
2005-06-30,115.45,15.67
2005-06-29,114.95,15.67
2005-06-28,115.86,15.67
2005-06-27,116.09,15.67
2005-06-24,116.31,15.67
2005-06-23,115.64,15.67
2005-06-22,115.77,15.67
2005-06-21,114.88,15.67
2005-06-20,115.8,15.67
2005-06-17,115.1,15.67
2005-06-16,113.67,15.67
2005-06-15,113.2,15.67
2005-06-14,113.19,15.67
2005-06-13,112.87,15.67
2005-06-10,112.74,15.67
2005-06-09,112.75,15.67
2005-06-08,113.0,15.67
2005-06-07,113.29,15.67
2005-06-06,112.77,15.67
2005-06-03,112.35,15.67
2005-06-02,111.27,15.67
2005-06-01,111.25,15.67
2005-05-31,111.26,14.6
2005-05-30,111.61,14.6
2005-05-27,111.85,14.6
2005-05-26,111.85,14.6
2005-05-25,111.84,14.6
2005-05-24,111.66,14.6
2005-05-23,111.52,14.6
2005-05-20,112.48,14.6
2005-05-19,112.75,14.6
2005-05-18,112.39,14.6
2005-05-17,112.23,14.6
2005-05-16,112.18,14.6
2005-05-13,113.05,14.6
2005-05-12,113.86,14.6
2005-05-11,114.29,14.6
2005-05-10,114.0,14.6
2005-05-09,113.86,14.6
2005-04-29,115.2,14.1
2005-04-28,115.09,14.1
2005-04-27,115.6,14.1
2005-04-26,115.73,14.1
2005-04-25,115.54,14.1
2005-04-22,115.62,14.1
2005-04-21,115.49,14.1
2005-04-20,115.37,14.1
2005-04-19,114.47,14.1
2005-04-18,114.0,14.1
2005-04-15,113.79,14.1
2005-04-14,114.66,14.1
2005-04-13,114.8,14.1
2005-04-12,115.03,14.1
2005-04-11,114.59,14.1
2005-04-08,114.26,14.1
2005-04-07,114.66,14.1
2005-04-06,114.2,14.1
2005-04-05,113.61,14.1
2005-04-04,114.32,14.1
2005-04-01,114.8,14.1
2005-03-31,114.08,14.0
2005-03-30,114.45,14.0
2005-03-29,115.04,14.0
2005-03-28,115.12,14.0
2005-03-25,115.45,14.0
2005-03-24,116.54,14.0
2005-03-23,116.5,14.0
2005-03-22,116.55,14.0
2005-03-21,117.46,14.0
2005-03-18,117.73,14.0
2005-03-17,118.3,14.0
2005-03-16,117.78,14.0
2005-03-15,117.99,14.0
2005-03-14,117.94,14.0
2005-03-11,117.64,14.0
2005-03-10,117.79,14.0
2005-03-09,117.3,14.0
2005-03-08,116.68,14.0
2005-03-07,116.29,14.0
2005-03-04,115.88,14.0
2005-03-03,116.22,14.0
2005-03-02,115.64,14.0
2005-03-01,116.19,14.0
2005-02-28,116.45,13.9
2005-02-25,115.6,13.9
2005-02-24,115.94,13.9
2005-02-23,115.84,13.9
2005-02-22,114.76,13.9
2005-02-21,113.9,13.9
2005-02-18,113.8,13.9
2005-02-17,113.23,13.9
2005-02-16,113.04,13.9
2005-02-04,111.84,13.9
2005-02-03,112.82,13.9
2005-02-02,112.86,13.9
2005-02-01,113.13,13.9
2005-01-31,113.32,14.13
2005-01-28,113.56,14.13
2005-01-27,113.67,14.13
2005-01-26,113.16,14.13
2005-01-25,114.0,14.13
2005-01-24,114.2,14.13
2005-01-21,113.2,14.13
2005-01-20,113.25,14.13
2005-01-19,113.38,14.13
2005-01-18,113.42,14.13
2005-01-17,113.3,14.13
2005-01-14,113.67,14.13
2005-01-13,114.17,14.13
2005-01-12,113.29,14.13
2005-01-11,113.0,14.13
2005-01-10,112.7,14.13
2005-01-07,113.19,14.13
2005-01-06,114.39,14.13
2005-01-05,114.64,14.13
2005-01-04,114.87,14.13
2004-12-31,118.08,14.6
2004-12-30,116.81,14.6
2004-12-29,118.42,14.6
2004-12-28,118.36,14.6
2004-12-27,118.11,14.6
2004-12-24,118.05,14.6
2004-12-23,118.09,14.6
2004-12-22,117.9,14.6
2004-12-21,117.97,14.6
2004-12-20,117.5,14.6
2004-12-17,117.44,14.6
2004-12-16,118.9,14.6
2004-12-15,117.17,14.6
2004-12-14,117.55,14.6
2004-12-13,116.42,14.6
2004-12-10,116.41,14.6
2004-12-09,117.58,14.6
2004-12-08,119.5,14.6
2004-12-07,120.78,14.6
2004-12-06,120.82,14.6
2004-12-03,120.14,14.6
2004-12-02,121.4,14.6
2004-12-01,120.6,14.6
2004-11-30,120.5,14.0
2004-11-29,120.0,14.0
2004-11-26,120.78,14.0
2004-11-25,119.9,14.0
2004-11-24,119.4,14.0
2004-11-23,118.76,14.0
2004-11-22,118.63,14.0
2004-11-19,117.95,14.0
2004-11-18,118.31,14.0
2004-11-17,117.0,14.0
2004-11-16,116.09,14.0
2004-11-15,116.65,14.0
2004-11-12,115.57,14.0
2004-11-11,115.5,14.0
2004-11-10,115.6,14.0
2004-11-09,114.84,14.0
2004-11-08,114.85,14.0
2004-11-05,113.76,14.0
2004-11-04,113.95,14.0
2004-11-03,112.25,14.0
2004-11-02,113.27,14.0
2004-11-01,113.5,14.0
2004-10-29,113.2,13.45
2004-10-28,112.75,13.45
2004-10-27,113.0,13.45
2004-10-26,113.0,13.45
2004-10-25,113.0,13.45
2004-10-22,112.35,13.45
2004-10-21,112.55,13.45
2004-10-20,111.45,13.45
2004-10-19,110.57,13.45
2004-10-18,111.0,13.45
2004-10-15,110.94,13.45
2004-10-14,110.25,13.45
2004-10-13,110.23,13.45
2004-10-12,111.3,13.45
2004-10-11,111.36,13.45
2004-10-08,110.4,13.45
2004-09-30,108.68,13.94
2004-09-29,109.14,13.94
2004-09-28,108.84,13.94
2004-09-27,108.5,13.94
2004-09-24,108.74,13.94
2004-09-23,108.37,13.94
2004-09-22,108.49,13.94
2004-09-21,107.79,13.94
2004-09-20,107.81,13.94
2004-09-17,107.62,13.94
2004-09-16,107.71,13.94
2004-09-15,107.61,13.94
2004-09-14,107.7,13.94
2004-09-13,107.1,13.94
2004-09-10,107.14,13.94
2004-09-09,107.18,13.94
2004-09-08,106.58,13.94
2004-09-07,107.33,13.94
2004-09-06,107.55,13.94
2004-09-03,108.26,13.94
2004-09-02,108.59,13.94
2004-09-01,108.68,13.94
2004-08-31,108.23,13.63
2004-08-30,107.65,13.63
2004-08-27,108.15,13.63
2004-08-26,107.9,13.63
2004-08-25,107.44,13.63
2004-08-24,107.87,13.63
2004-08-23,108.55,13.63
2004-08-20,107.8,13.63
2004-08-19,107.3,13.63
2004-08-18,107.01,13.63
2004-08-17,106.95,13.63
2004-08-16,106.44,13.63
2004-08-13,105.13,13.63
2004-08-12,105.45,13.63
2004-08-11,105.8,13.63
2004-08-10,106.0,13.63
2004-08-09,105.95,13.63
2004-08-06,104.86,13.63
2004-08-05,105.18,13.63
2004-08-04,104.86,13.63
2004-08-03,104.5,13.63
2004-08-02,104.98,13.63
2004-07-30,104.16,15.3
2004-07-29,104.64,15.3
2004-07-28,104.03,15.3
2004-07-27,104.92,15.3
2004-07-26,104.85,15.3
2004-07-23,105.7,15.3
2004-07-22,106.67,15.3
2004-07-21,107.27,15.3
2004-07-20,108.08,15.3
2004-07-19,108.09,15.3
2004-07-16,107.41,15.3
2004-07-15,107.43,15.3
2004-07-14,107.49,15.3
2004-07-13,107.25,15.3
2004-07-12,108.01,15.3
2004-07-09,107.47,15.3
2004-07-08,106.15,15.3
2004-07-07,105.87,15.3
2004-07-06,106.18,15.3
2004-07-05,106.0,15.3
2004-07-02,105.2,15.3
2004-07-01,104.96,15.3
2004-06-30,104.71,16.2
2004-06-29,105.79,16.2
2004-06-28,106.29,16.2
2004-06-25,106.38,16.2
2004-06-24,104.82,16.2
2004-06-23,105.09,16.2
2004-06-22,104.49,16.2
2004-06-21,104.6,16.2
2004-06-18,103.0,16.2
2004-06-17,102.87,16.2
2004-06-16,103.62,16.2
2004-06-15,102.39,16.2
2004-06-14,102.33,16.2
2004-06-11,103.08,16.2
2004-06-10,103.67,16.2
2004-06-09,103.89,16.2
2004-06-08,105.18,16.2
2004-06-07,105.29,16.2
2004-06-04,103.87,16.2
2004-06-03,104.23,16.2
2004-06-02,105.18,16.2
2004-06-01,105.5,16.2
2004-05-31,105.13,17.5
2004-05-28,105.58,17.5
2004-05-27,104.52,17.5
2004-05-26,103.97,17.5
2004-05-25,103.18,17.5
2004-05-24,102.59,17.5
2004-05-21,102.42,17.5
2004-05-20,102.15,17.5
2004-05-19,102.1,17.5
2004-05-18,102.05,17.5
2004-05-17,102.29,17.5
2004-05-14,100.99,17.5
2004-05-13,101.52,17.5
2004-05-12,102.28,17.5
2004-05-11,102.34,17.5
2004-05-10,101.87,17.5
2004-05-09,103.25,17.5
2004-05-08,103.25,17.5
2004-04-30,104.54,19.1
2004-04-29,103.42,19.1
2004-04-28,107.0,19.1
2004-04-27,106.98,19.1
2004-04-26,106.03,19.1
2004-04-23,106.24,19.1
2004-04-22,105.96,19.1
2004-04-21,106.44,19.1
2004-04-20,107.97,19.1
2004-04-19,109.21,19.1
2004-04-16,108.37,19.1
2004-04-15,107.9,19.1
2004-04-14,109.46,19.1
2004-04-13,112.0,19.1
2004-04-12,112.63,19.1
2004-04-09,112.63,19.1
2004-04-08,112.78,19.1
2004-04-07,112.09,19.1
2004-04-06,111.05,19.1
2004-04-05,112.0,19.1
2004-04-02,113.15,19.1
2004-04-01,112.88,19.1
2004-03-31,112.21,19.1
2004-03-30,111.26,19.1
2004-03-29,111.38,19.1
2004-03-26,110.6,19.1
2004-03-25,110.59,19.1
2004-03-24,111.0,19.1
2004-03-23,110.9,19.1
2004-03-22,109.47,19.1
2004-03-19,109.0,19.1
2004-03-18,108.11,19.1
2004-03-17,107.18,19.1
2004-03-16,106.8,19.1
2004-03-15,106.49,19.1
2004-03-12,107.05,19.1
2004-03-11,106.81,19.1
2004-03-10,106.92,19.1
2004-03-09,107.47,19.1
2004-03-08,106.9,19.1
2004-03-05,106.0,19.1
2004-03-04,105.6,19.1
2004-03-03,105.0,19.1
2004-03-02,106.95,19.1
2004-03-01,106.89,19.1
2004-02-27,106.94,19.4
2004-02-26,107.33,19.4
2004-02-25,108.34,19.4
2004-02-24,107.8,19.4
2004-02-23,107.53,19.4
2004-02-20,109.39,19.4
2004-02-19,109.65,19.4
2004-02-18,110.7,19.4
2004-02-17,110.05,19.4
2004-02-16,109.48,19.4
2004-02-13,109.88,19.4
2004-02-12,109.61,19.4
2004-02-11,108.96,19.4
2004-02-10,109.21,19.4
2004-02-09,108.4,19.4
2004-02-06,107.06,19.4
2004-02-05,107.28,19.4
2004-02-04,107.1,19.4
2004-02-03,107.02,19.4
2004-02-02,107.91,19.4
2004-01-30,108.09,18.1
2004-01-29,109.65,18.1
2004-01-21,109.73,18.1
2004-01-20,108.82,18.1
2004-01-19,109.7,18.1
2004-01-18,109.37,18.1
2004-01-17,109.35,18.1
2004-01-16,108.87,18.1
2004-01-15,111.83,18.1
2004-01-14,113.1,18.1
2004-01-13,113.63,18.1
2004-01-12,114.15,18.1
2004-01-09,113.19,18.1
2004-01-08,114.14,18.1
2004-01-07,114.24,18.1
2004-01-06,114.99,18.1
2004-01-05,111.88,18.1
2004-01-02,111.18,18.1
2003-12-31,111.0,19.6
2003-12-30,110.5,19.6
2003-12-29,110.16,19.6
2003-12-26,110.23,19.6
2003-12-25,110.0,19.6
2003-12-24,109.53,19.6
2003-12-23,109.32,19.6
2003-12-22,109.17,19.6
2003-12-19,109.2,19.6
2003-12-18,109.3,19.6
2003-12-17,108.75,19.6
2003-12-16,109.15,19.6
2003-12-15,107.93,19.6
2003-12-12,108.28,19.6
2003-12-11,108.02,19.6
2003-12-10,109.0,19.6
2003-12-09,109.15,19.6
2003-12-08,108.44,19.6
2003-12-05,107.46,19.6
2003-12-04,107.27,19.6
2003-12-03,107.39,19.6
2003-12-02,106.84,19.6
2003-12-01,106.38,19.6
2003-11-28,105.51,20.37
2003-11-27,106.0,20.37
2003-11-26,105.6,20.37
2003-11-25,106.0,20.37
2003-11-24,106.22,20.37
2003-11-21,106.25,20.37
2003-11-20,105.74,20.37
2003-11-19,106.1,20.37
2003-11-18,104.68,20.37
2003-11-17,105.54,20.37
2003-11-14,105.29,20.37
2003-11-13,104.65,20.37
2003-11-12,103.29,20.37
2003-11-11,102.96,20.37
2003-11-10,102.38,20.37
2003-11-07,102.05,20.37
2003-11-06,102.36,20.37
2003-11-05,102.08,20.37
2003-11-04,101.22,20.37
2003-11-03,102.33,20.37
2003-10-31,102.31,20.97
2003-10-30,102.79,20.97
2003-10-29,101.86,20.97
2003-10-28,102.58,20.97
2003-10-27,102.85,20.97
2003-10-24,102.46,20.97
2003-10-23,102.97,20.97
2003-10-22,101.48,20.97
2003-10-21,100.0,20.97
2003-10-20,100.01,20.97
2003-10-17,100.58,20.97
2003-10-16,99.99,20.97
2003-10-15,99.98,20.97
2003-10-14,99.52,20.97
2003-10-13,99.38,20.97
2003-10-10,98.9,20.97
2003-10-09,100.32,20.97
2003-10-08,100.47,20.97
2003-09-30,101.99,20.67
2003-09-29,101.42,20.67
2003-09-26,102.71,20.67
2003-09-25,103.3,20.67
2003-09-24,102.39,20.67
2003-09-23,102.55,20.67
2003-09-22,102.45,20.67
2003-09-19,100.35,20.67
2003-09-18,100.53,20.67
2003-09-17,99.6,20.67
2003-09-16,100.13,20.67
2003-09-15,99.91,20.67
2003-09-12,100.83,20.67
2003-09-11,101.27,20.67
2003-09-10,101.36,20.67
2003-09-09,100.36,20.67
2003-09-08,99.7,20.67
2003-09-05,98.98,20.67
2003-09-04,99.29,20.67
2003-09-03,98.88,20.67
2003-09-02,99.65,20.67
2003-09-01,99.34,20.67
2003-08-29,97.78,21.55
2003-08-28,97.58,21.55
2003-08-27,96.43,21.55
2003-08-26,96.45,21.55
2003-08-25,96.49,21.55
2003-08-22,96.07,21.55
2003-08-21,96.37,21.55
2003-08-20,96.1,21.55
2003-08-19,95.48,21.55
2003-08-18,95.94,21.55
2003-08-15,96.12,21.55
2003-08-14,95.94,21.55
2003-08-13,94.88,21.55
2003-08-12,95.5,21.55
2003-08-11,94.85,21.55
2003-08-08,94.3,21.55
2003-08-07,93.51,21.55
2003-08-06,94.22,21.55
2003-08-05,93.66,21.55
2003-08-04,93.46,21.55
2003-08-01,94.52,21.55
2003-07-31,94.7,20.7
2003-07-30,95.5,20.7
2003-07-29,96.7,20.7
2003-07-28,95.79,20.7
2003-07-25,95.44,20.7
2003-07-24,95.39,20.7
2003-07-23,93.66,20.7
2003-07-22,93.63,20.7
2003-07-21,92.6,20.7
2003-07-18,92.27,20.7
2003-07-17,92.19,20.7
2003-07-16,91.9,20.7
2003-07-15,93.13,20.7
2003-07-14,92.36,20.7
2003-07-11,92.47,20.7
2003-07-10,92.28,20.7
2003-07-09,92.44,20.7
2003-07-08,92.8,20.7
2003-07-07,93.66,20.7
2003-07-04,93.48,20.7
2003-07-03,93.53,20.7
2003-07-02,93.9,20.7
2003-07-01,93.38,20.7
2003-06-30,92.45,20.83
2003-06-27,92.39,20.83
2003-06-26,93.73,20.83
2003-06-25,93.51,20.83
2003-06-24,94.99,20.83
2003-06-23,95.46,20.83
2003-06-20,95.92,20.83
2003-06-19,95.41,20.83
2003-06-18,96.43,20.83
2003-06-17,96.03,20.83
2003-06-16,95.89,20.83
2003-06-13,94.94,20.83
2003-06-12,94.75,20.83
2003-06-11,94.71,20.83
2003-06-10,96.58,20.83
2003-06-09,96.98,20.83
2003-06-06,97.14,20.83
2003-06-05,96.38,20.83
2003-06-04,97.02,20.83
2003-06-03,97.35,20.83
2003-06-02,96.64,20.83
2003-05-30,97.92,20.2
2003-05-29,96.64,20.2
2003-05-28,97.33,20.2
2003-05-27,98.0,20.2
2003-05-26,97.6,20.2
2003-05-23,96.59,20.2
2003-05-22,97.79,20.2
2003-05-21,97.14,20.2
2003-05-20,96.5,20.2
2003-05-19,94.85,20.2
2003-05-16,93.5,20.2
2003-05-15,93.3,20.2
2003-05-14,92.55,20.2
2003-05-13,92.52,20.2
2003-05-12,92.44,20.2
2003-05-09,91.58,20.2
2003-05-08,90.54,20.2
2003-05-07,91.19,20.2
2003-05-06,90.99,20.2
2003-04-30,89.15,19.2
2003-04-29,88.77,19.2
2003-04-28,88.97,19.2
2003-04-25,89.02,19.2
2003-04-24,88.72,19.2
2003-04-23,88.75,19.2
2003-04-22,88.45,19.2
2003-04-21,87.31,19.2
2003-04-18,87.2,19.2
2003-04-17,87.01,19.2
2003-04-16,86.79,19.2
2003-04-15,86.65,19.2
2003-04-14,87.3,19.2
2003-04-11,87.2,19.2
2003-04-10,87.41,19.2
2003-04-09,86.86,19.2
2003-04-08,86.01,19.2
2003-04-07,86.01,19.2
2003-04-04,86.81,19.2
2003-04-03,88.22,19.2
2003-04-02,89.01,19.2
2003-04-01,89.7,19.2
2003-03-31,89.35,18.54
2003-03-28,88.4,18.54
2003-03-27,89.09,18.54
2003-03-26,88.75,18.54
2003-03-25,89.85,18.54
2003-03-24,89.28,18.54
2003-03-21,90.15,18.54
2003-03-20,89.65,18.54
2003-03-19,91.15,18.54
2003-03-18,91.1,18.54
2003-03-17,92.15,18.54
2003-03-14,90.24,18.54
2003-03-13,92.76,18.54
2003-03-12,93.73,18.54
2003-03-11,94.26,18.54
2003-03-10,94.56,18.54
2003-03-07,94.89,18.54
2003-03-06,94.61,18.54
2003-03-05,94.93,18.54
2003-03-04,93.95,18.54
2003-03-03,93.02,18.54
2003-02-28,93.59,18.1
2003-02-27,94.93,18.1
2003-02-26,94.65,18.1
2003-02-25,95.74,18.1
2003-02-24,94.74,18.1
2003-02-21,95.19,18.1
2003-02-20,94.88,18.1
2003-02-19,93.43,18.1
2003-02-18,94.07,18.1
2003-02-17,93.22,18.1
2003-02-14,96.46,18.1
2003-02-13,94.36,18.1
2003-02-12,97.2,18.1
2003-02-11,97.41,18.1
2003-02-10,99.07,18.1
2003-01-29,97.7,19.3
2003-01-28,97.24,19.3
2003-01-27,98.1,19.3
2003-01-24,97.98,19.3
2003-01-23,97.7,19.3
2003-01-22,97.42,19.3
2003-01-21,96.27,19.3
2003-01-20,95.89,19.3
2003-01-17,95.58,19.3
2003-01-16,94.94,19.3
2003-01-15,94.88,19.3
2003-01-14,94.8,19.3
2003-01-13,94.4,19.3
2003-01-10,94.2,19.3
2003-01-09,94.22,19.3
2003-01-08,93.37,19.3
2003-01-07,93.67,19.3
2003-01-06,93.95,19.3
2003-01-03,92.81,19.3
2003-01-02,92.87,19.3
2002-12-31,92.79,16.78
2002-12-30,93.86,16.78
2002-12-27,93.61,16.78
2002-12-26,93.01,16.78
2002-12-25,93.05,16.78
2002-12-24,93.1,16.78
2002-12-23,93.44,16.78
2002-12-20,94.4,16.78
2002-12-19,93.66,16.78
2002-12-18,90.15,16.78
2002-12-17,90.11,16.78
2002-12-16,89.53,16.78
2002-12-13,87.9,16.78
2002-12-12,86.45,16.78
2002-12-11,86.32,16.78
2002-12-10,86.6,16.78
2002-12-09,86.55,16.78
2002-12-06,86.23,16.78
2002-12-05,85.95,16.78
2002-12-04,85.95,16.78
2002-12-03,85.55,16.78
2002-12-02,85.55,16.78
2002-11-29,85.6,16.6
2002-11-28,85.53,16.6
2002-11-27,85.52,16.6
2002-11-26,85.37,16.6
2002-11-25,85.39,16.6
2002-11-22,85.18,16.6
2002-11-21,85.04,16.6
2002-11-20,85.0,16.6
2002-11-19,85.22,16.6
2002-11-18,85.28,16.6
2002-11-15,85.0,16.6
2002-11-14,84.97,16.6
2002-11-13,85.99,16.6
2002-11-12,85.29,16.6
2002-11-11,85.19,16.6
2002-11-08,85.16,16.6
2002-11-07,85.14,16.6
2002-11-06,84.9,16.6
2002-11-05,85.13,16.6
2002-11-04,84.99,16.6
2002-11-01,84.51,16.6
