,m2_yoy
2002-11-01,16.6
2002-11-02,16.6
2002-11-03,16.6
2002-11-04,16.6
2002-11-05,16.6
2002-11-06,16.6
2002-11-07,16.6
2002-11-08,16.6
2002-11-09,16.6
2002-11-10,16.6
2002-11-11,16.6
2002-11-12,16.6
2002-11-13,16.6
2002-11-14,16.6
2002-11-15,16.6
2002-11-16,16.6
2002-11-17,16.6
2002-11-18,16.6
2002-11-19,16.6
2002-11-20,16.6
2002-11-21,16.6
2002-11-22,16.6
2002-11-23,16.6
2002-11-24,16.6
2002-11-25,16.6
2002-11-26,16.6
2002-11-27,16.6
2002-11-28,16.6
2002-11-29,16.6
2002-11-30,16.6
2002-12-01,16.78
2002-12-02,16.78
2002-12-03,16.78
2002-12-04,16.78
2002-12-05,16.78
2002-12-06,16.78
2002-12-07,16.78
2002-12-08,16.78
2002-12-09,16.78
2002-12-10,16.78
2002-12-11,16.78
2002-12-12,16.78
2002-12-13,16.78
2002-12-14,16.78
2002-12-15,16.78
2002-12-16,16.78
2002-12-17,16.78
2002-12-18,16.78
2002-12-19,16.78
2002-12-20,16.78
2002-12-21,16.78
2002-12-22,16.78
2002-12-23,16.78
2002-12-24,16.78
2002-12-25,16.78
2002-12-26,16.78
2002-12-27,16.78
2002-12-28,16.78
2002-12-29,16.78
2002-12-30,16.78
2002-12-31,16.78
2003-01-01,19.3
2003-01-02,19.3
2003-01-03,19.3
2003-01-04,19.3
2003-01-05,19.3
2003-01-06,19.3
2003-01-07,19.3
2003-01-08,19.3
2003-01-09,19.3
2003-01-10,19.3
2003-01-11,19.3
2003-01-12,19.3
2003-01-13,19.3
2003-01-14,19.3
2003-01-15,19.3
2003-01-16,19.3
2003-01-17,19.3
2003-01-18,19.3
2003-01-19,19.3
2003-01-20,19.3
2003-01-21,19.3
2003-01-22,19.3
2003-01-23,19.3
2003-01-24,19.3
2003-01-25,19.3
2003-01-26,19.3
2003-01-27,19.3
2003-01-28,19.3
2003-01-29,19.3
2003-01-30,19.3
2003-01-31,19.3
2003-02-01,18.1
2003-02-02,18.1
2003-02-03,18.1
2003-02-04,18.1
2003-02-05,18.1
2003-02-06,18.1
2003-02-07,18.1
2003-02-08,18.1
2003-02-09,18.1
2003-02-10,18.1
2003-02-11,18.1
2003-02-12,18.1
2003-02-13,18.1
2003-02-14,18.1
2003-02-15,18.1
2003-02-16,18.1
2003-02-17,18.1
2003-02-18,18.1
2003-02-19,18.1
2003-02-20,18.1
2003-02-21,18.1
2003-02-22,18.1
2003-02-23,18.1
2003-02-24,18.1
2003-02-25,18.1
2003-02-26,18.1
2003-02-27,18.1
2003-02-28,18.1
2003-03-01,18.54
2003-03-02,18.54
2003-03-03,18.54
2003-03-04,18.54
2003-03-05,18.54
2003-03-06,18.54
2003-03-07,18.54
2003-03-08,18.54
2003-03-09,18.54
2003-03-10,18.54
2003-03-11,18.54
2003-03-12,18.54
2003-03-13,18.54
2003-03-14,18.54
2003-03-15,18.54
2003-03-16,18.54
2003-03-17,18.54
2003-03-18,18.54
2003-03-19,18.54
2003-03-20,18.54
2003-03-21,18.54
2003-03-22,18.54
2003-03-23,18.54
2003-03-24,18.54
2003-03-25,18.54
2003-03-26,18.54
2003-03-27,18.54
2003-03-28,18.54
2003-03-29,18.54
2003-03-30,18.54
2003-03-31,18.54
2003-04-01,19.2
2003-04-02,19.2
2003-04-03,19.2
2003-04-04,19.2
2003-04-05,19.2
2003-04-06,19.2
2003-04-07,19.2
2003-04-08,19.2
2003-04-09,19.2
2003-04-10,19.2
2003-04-11,19.2
2003-04-12,19.2
2003-04-13,19.2
2003-04-14,19.2
2003-04-15,19.2
2003-04-16,19.2
2003-04-17,19.2
2003-04-18,19.2
2003-04-19,19.2
2003-04-20,19.2
2003-04-21,19.2
2003-04-22,19.2
2003-04-23,19.2
2003-04-24,19.2
2003-04-25,19.2
2003-04-26,19.2
2003-04-27,19.2
2003-04-28,19.2
2003-04-29,19.2
2003-04-30,19.2
2003-05-01,20.2
2003-05-02,20.2
2003-05-03,20.2
2003-05-04,20.2
2003-05-05,20.2
2003-05-06,20.2
2003-05-07,20.2
2003-05-08,20.2
2003-05-09,20.2
2003-05-10,20.2
2003-05-11,20.2
2003-05-12,20.2
2003-05-13,20.2
2003-05-14,20.2
2003-05-15,20.2
2003-05-16,20.2
2003-05-17,20.2
2003-05-18,20.2
2003-05-19,20.2
2003-05-20,20.2
2003-05-21,20.2
2003-05-22,20.2
2003-05-23,20.2
2003-05-24,20.2
2003-05-25,20.2
2003-05-26,20.2
2003-05-27,20.2
2003-05-28,20.2
2003-05-29,20.2
2003-05-30,20.2
2003-05-31,20.2
2003-06-01,20.83
2003-06-02,20.83
2003-06-03,20.83
2003-06-04,20.83
2003-06-05,20.83
2003-06-06,20.83
2003-06-07,20.83
2003-06-08,20.83
2003-06-09,20.83
2003-06-10,20.83
2003-06-11,20.83
2003-06-12,20.83
2003-06-13,20.83
2003-06-14,20.83
2003-06-15,20.83
2003-06-16,20.83
2003-06-17,20.83
2003-06-18,20.83
2003-06-19,20.83
2003-06-20,20.83
2003-06-21,20.83
2003-06-22,20.83
2003-06-23,20.83
2003-06-24,20.83
2003-06-25,20.83
2003-06-26,20.83
2003-06-27,20.83
2003-06-28,20.83
2003-06-29,20.83
2003-06-30,20.83
2003-07-01,20.7
2003-07-02,20.7
2003-07-03,20.7
2003-07-04,20.7
2003-07-05,20.7
2003-07-06,20.7
2003-07-07,20.7
2003-07-08,20.7
2003-07-09,20.7
2003-07-10,20.7
2003-07-11,20.7
2003-07-12,20.7
2003-07-13,20.7
2003-07-14,20.7
2003-07-15,20.7
2003-07-16,20.7
2003-07-17,20.7
2003-07-18,20.7
2003-07-19,20.7
2003-07-20,20.7
2003-07-21,20.7
2003-07-22,20.7
2003-07-23,20.7
2003-07-24,20.7
2003-07-25,20.7
2003-07-26,20.7
2003-07-27,20.7
2003-07-28,20.7
2003-07-29,20.7
2003-07-30,20.7
2003-07-31,20.7
2003-08-01,21.55
2003-08-02,21.55
2003-08-03,21.55
2003-08-04,21.55
2003-08-05,21.55
2003-08-06,21.55
2003-08-07,21.55
2003-08-08,21.55
2003-08-09,21.55
2003-08-10,21.55
2003-08-11,21.55
2003-08-12,21.55
2003-08-13,21.55
2003-08-14,21.55
2003-08-15,21.55
2003-08-16,21.55
2003-08-17,21.55
2003-08-18,21.55
2003-08-19,21.55
2003-08-20,21.55
2003-08-21,21.55
2003-08-22,21.55
2003-08-23,21.55
2003-08-24,21.55
2003-08-25,21.55
2003-08-26,21.55
2003-08-27,21.55
2003-08-28,21.55
2003-08-29,21.55
2003-08-30,21.55
2003-08-31,21.55
2003-09-01,20.67
2003-09-02,20.67
2003-09-03,20.67
2003-09-04,20.67
2003-09-05,20.67
2003-09-06,20.67
2003-09-07,20.67
2003-09-08,20.67
2003-09-09,20.67
2003-09-10,20.67
2003-09-11,20.67
2003-09-12,20.67
2003-09-13,20.67
2003-09-14,20.67
2003-09-15,20.67
2003-09-16,20.67
2003-09-17,20.67
2003-09-18,20.67
2003-09-19,20.67
2003-09-20,20.67
2003-09-21,20.67
2003-09-22,20.67
2003-09-23,20.67
2003-09-24,20.67
2003-09-25,20.67
2003-09-26,20.67
2003-09-27,20.67
2003-09-28,20.67
2003-09-29,20.67
2003-09-30,20.67
2003-10-01,20.97
2003-10-02,20.97
2003-10-03,20.97
2003-10-04,20.97
2003-10-05,20.97
2003-10-06,20.97
2003-10-07,20.97
2003-10-08,20.97
2003-10-09,20.97
2003-10-10,20.97
2003-10-11,20.97
2003-10-12,20.97
2003-10-13,20.97
2003-10-14,20.97
2003-10-15,20.97
2003-10-16,20.97
2003-10-17,20.97
2003-10-18,20.97
2003-10-19,20.97
2003-10-20,20.97
2003-10-21,20.97
2003-10-22,20.97
2003-10-23,20.97
2003-10-24,20.97
2003-10-25,20.97
2003-10-26,20.97
2003-10-27,20.97
2003-10-28,20.97
2003-10-29,20.97
2003-10-30,20.97
2003-10-31,20.97
2003-11-01,20.37
2003-11-02,20.37
2003-11-03,20.37
2003-11-04,20.37
2003-11-05,20.37
2003-11-06,20.37
2003-11-07,20.37
2003-11-08,20.37
2003-11-09,20.37
2003-11-10,20.37
2003-11-11,20.37
2003-11-12,20.37
2003-11-13,20.37
2003-11-14,20.37
2003-11-15,20.37
2003-11-16,20.37
2003-11-17,20.37
2003-11-18,20.37
2003-11-19,20.37
2003-11-20,20.37
2003-11-21,20.37
2003-11-22,20.37
2003-11-23,20.37
2003-11-24,20.37
2003-11-25,20.37
2003-11-26,20.37
2003-11-27,20.37
2003-11-28,20.37
2003-11-29,20.37
2003-11-30,20.37
2003-12-01,19.6
2003-12-02,19.6
2003-12-03,19.6
2003-12-04,19.6
2003-12-05,19.6
2003-12-06,19.6
2003-12-07,19.6
2003-12-08,19.6
2003-12-09,19.6
2003-12-10,19.6
2003-12-11,19.6
2003-12-12,19.6
2003-12-13,19.6
2003-12-14,19.6
2003-12-15,19.6
2003-12-16,19.6
2003-12-17,19.6
2003-12-18,19.6
2003-12-19,19.6
2003-12-20,19.6
2003-12-21,19.6
2003-12-22,19.6
2003-12-23,19.6
2003-12-24,19.6
2003-12-25,19.6
2003-12-26,19.6
2003-12-27,19.6
2003-12-28,19.6
2003-12-29,19.6
2003-12-30,19.6
2003-12-31,19.6
2004-01-01,18.1
2004-01-02,18.1
2004-01-03,18.1
2004-01-04,18.1
2004-01-05,18.1
2004-01-06,18.1
2004-01-07,18.1
2004-01-08,18.1
2004-01-09,18.1
2004-01-10,18.1
2004-01-11,18.1
2004-01-12,18.1
2004-01-13,18.1
2004-01-14,18.1
2004-01-15,18.1
2004-01-16,18.1
2004-01-17,18.1
2004-01-18,18.1
2004-01-19,18.1
2004-01-20,18.1
2004-01-21,18.1
2004-01-22,18.1
2004-01-23,18.1
2004-01-24,18.1
2004-01-25,18.1
2004-01-26,18.1
2004-01-27,18.1
2004-01-28,18.1
2004-01-29,18.1
2004-01-30,18.1
2004-01-31,18.1
2004-02-01,19.4
2004-02-02,19.4
2004-02-03,19.4
2004-02-04,19.4
2004-02-05,19.4
2004-02-06,19.4
2004-02-07,19.4
2004-02-08,19.4
2004-02-09,19.4
2004-02-10,19.4
2004-02-11,19.4
2004-02-12,19.4
2004-02-13,19.4
2004-02-14,19.4
2004-02-15,19.4
2004-02-16,19.4
2004-02-17,19.4
2004-02-18,19.4
2004-02-19,19.4
2004-02-20,19.4
2004-02-21,19.4
2004-02-22,19.4
2004-02-23,19.4
2004-02-24,19.4
2004-02-25,19.4
2004-02-26,19.4
2004-02-27,19.4
2004-02-28,19.4
2004-02-29,19.4
2004-03-01,19.1
2004-03-02,19.1
2004-03-03,19.1
2004-03-04,19.1
2004-03-05,19.1
2004-03-06,19.1
2004-03-07,19.1
2004-03-08,19.1
2004-03-09,19.1
2004-03-10,19.1
2004-03-11,19.1
2004-03-12,19.1
2004-03-13,19.1
2004-03-14,19.1
2004-03-15,19.1
2004-03-16,19.1
2004-03-17,19.1
2004-03-18,19.1
2004-03-19,19.1
2004-03-20,19.1
2004-03-21,19.1
2004-03-22,19.1
2004-03-23,19.1
2004-03-24,19.1
2004-03-25,19.1
2004-03-26,19.1
2004-03-27,19.1
2004-03-28,19.1
2004-03-29,19.1
2004-03-30,19.1
2004-03-31,19.1
2004-04-01,19.1
2004-04-02,19.1
2004-04-03,19.1
2004-04-04,19.1
2004-04-05,19.1
2004-04-06,19.1
2004-04-07,19.1
2004-04-08,19.1
2004-04-09,19.1
2004-04-10,19.1
2004-04-11,19.1
2004-04-12,19.1
2004-04-13,19.1
2004-04-14,19.1
2004-04-15,19.1
2004-04-16,19.1
2004-04-17,19.1
2004-04-18,19.1
2004-04-19,19.1
2004-04-20,19.1
2004-04-21,19.1
2004-04-22,19.1
2004-04-23,19.1
2004-04-24,19.1
2004-04-25,19.1
2004-04-26,19.1
2004-04-27,19.1
2004-04-28,19.1
2004-04-29,19.1
2004-04-30,19.1
2004-05-01,17.5
2004-05-02,17.5
2004-05-03,17.5
2004-05-04,17.5
2004-05-05,17.5
2004-05-06,17.5
2004-05-07,17.5
2004-05-08,17.5
2004-05-09,17.5
2004-05-10,17.5
2004-05-11,17.5
2004-05-12,17.5
2004-05-13,17.5
2004-05-14,17.5
2004-05-15,17.5
2004-05-16,17.5
2004-05-17,17.5
2004-05-18,17.5
2004-05-19,17.5
2004-05-20,17.5
2004-05-21,17.5
2004-05-22,17.5
2004-05-23,17.5
2004-05-24,17.5
2004-05-25,17.5
2004-05-26,17.5
2004-05-27,17.5
2004-05-28,17.5
2004-05-29,17.5
2004-05-30,17.5
2004-05-31,17.5
2004-06-01,16.2
2004-06-02,16.2
2004-06-03,16.2
2004-06-04,16.2
2004-06-05,16.2
2004-06-06,16.2
2004-06-07,16.2
2004-06-08,16.2
2004-06-09,16.2
2004-06-10,16.2
2004-06-11,16.2
2004-06-12,16.2
2004-06-13,16.2
2004-06-14,16.2
2004-06-15,16.2
2004-06-16,16.2
2004-06-17,16.2
2004-06-18,16.2
2004-06-19,16.2
2004-06-20,16.2
2004-06-21,16.2
2004-06-22,16.2
2004-06-23,16.2
2004-06-24,16.2
2004-06-25,16.2
2004-06-26,16.2
2004-06-27,16.2
2004-06-28,16.2
2004-06-29,16.2
2004-06-30,16.2
2004-07-01,15.3
2004-07-02,15.3
2004-07-03,15.3
2004-07-04,15.3
2004-07-05,15.3
2004-07-06,15.3
2004-07-07,15.3
2004-07-08,15.3
2004-07-09,15.3
2004-07-10,15.3
2004-07-11,15.3
2004-07-12,15.3
2004-07-13,15.3
2004-07-14,15.3
2004-07-15,15.3
2004-07-16,15.3
2004-07-17,15.3
2004-07-18,15.3
2004-07-19,15.3
2004-07-20,15.3
2004-07-21,15.3
2004-07-22,15.3
2004-07-23,15.3
2004-07-24,15.3
2004-07-25,15.3
2004-07-26,15.3
2004-07-27,15.3
2004-07-28,15.3
2004-07-29,15.3
2004-07-30,15.3
2004-07-31,15.3
2004-08-01,13.63
2004-08-02,13.63
2004-08-03,13.63
2004-08-04,13.63
2004-08-05,13.63
2004-08-06,13.63
2004-08-07,13.63
2004-08-08,13.63
2004-08-09,13.63
2004-08-10,13.63
2004-08-11,13.63
2004-08-12,13.63
2004-08-13,13.63
2004-08-14,13.63
2004-08-15,13.63
2004-08-16,13.63
2004-08-17,13.63
2004-08-18,13.63
2004-08-19,13.63
2004-08-20,13.63
2004-08-21,13.63
2004-08-22,13.63
2004-08-23,13.63
2004-08-24,13.63
2004-08-25,13.63
2004-08-26,13.63
2004-08-27,13.63
2004-08-28,13.63
2004-08-29,13.63
2004-08-30,13.63
2004-08-31,13.63
2004-09-01,13.94
2004-09-02,13.94
2004-09-03,13.94
2004-09-04,13.94
2004-09-05,13.94
2004-09-06,13.94
2004-09-07,13.94
2004-09-08,13.94
2004-09-09,13.94
2004-09-10,13.94
2004-09-11,13.94
2004-09-12,13.94
2004-09-13,13.94
2004-09-14,13.94
2004-09-15,13.94
2004-09-16,13.94
2004-09-17,13.94
2004-09-18,13.94
2004-09-19,13.94
2004-09-20,13.94
2004-09-21,13.94
2004-09-22,13.94
2004-09-23,13.94
2004-09-24,13.94
2004-09-25,13.94
2004-09-26,13.94
2004-09-27,13.94
2004-09-28,13.94
2004-09-29,13.94
2004-09-30,13.94
2004-10-01,13.45
2004-10-02,13.45
2004-10-03,13.45
2004-10-04,13.45
2004-10-05,13.45
2004-10-06,13.45
2004-10-07,13.45
2004-10-08,13.45
2004-10-09,13.45
2004-10-10,13.45
2004-10-11,13.45
2004-10-12,13.45
2004-10-13,13.45
2004-10-14,13.45
2004-10-15,13.45
2004-10-16,13.45
2004-10-17,13.45
2004-10-18,13.45
2004-10-19,13.45
2004-10-20,13.45
2004-10-21,13.45
2004-10-22,13.45
2004-10-23,13.45
2004-10-24,13.45
2004-10-25,13.45
2004-10-26,13.45
2004-10-27,13.45
2004-10-28,13.45
2004-10-29,13.45
2004-10-30,13.45
2004-10-31,13.45
2004-11-01,14.0
2004-11-02,14.0
2004-11-03,14.0
2004-11-04,14.0
2004-11-05,14.0
2004-11-06,14.0
2004-11-07,14.0
2004-11-08,14.0
2004-11-09,14.0
2004-11-10,14.0
2004-11-11,14.0
2004-11-12,14.0
2004-11-13,14.0
2004-11-14,14.0
2004-11-15,14.0
2004-11-16,14.0
2004-11-17,14.0
2004-11-18,14.0
2004-11-19,14.0
2004-11-20,14.0
2004-11-21,14.0
2004-11-22,14.0
2004-11-23,14.0
2004-11-24,14.0
2004-11-25,14.0
2004-11-26,14.0
2004-11-27,14.0
2004-11-28,14.0
2004-11-29,14.0
2004-11-30,14.0
2004-12-01,14.6
2004-12-02,14.6
2004-12-03,14.6
2004-12-04,14.6
2004-12-05,14.6
2004-12-06,14.6
2004-12-07,14.6
2004-12-08,14.6
2004-12-09,14.6
2004-12-10,14.6
2004-12-11,14.6
2004-12-12,14.6
2004-12-13,14.6
2004-12-14,14.6
2004-12-15,14.6
2004-12-16,14.6
2004-12-17,14.6
2004-12-18,14.6
2004-12-19,14.6
2004-12-20,14.6
2004-12-21,14.6
2004-12-22,14.6
2004-12-23,14.6
2004-12-24,14.6
2004-12-25,14.6
2004-12-26,14.6
2004-12-27,14.6
2004-12-28,14.6
2004-12-29,14.6
2004-12-30,14.6
2004-12-31,14.6
2005-01-01,14.13
2005-01-02,14.13
2005-01-03,14.13
2005-01-04,14.13
2005-01-05,14.13
2005-01-06,14.13
2005-01-07,14.13
2005-01-08,14.13
2005-01-09,14.13
2005-01-10,14.13
2005-01-11,14.13
2005-01-12,14.13
2005-01-13,14.13
2005-01-14,14.13
2005-01-15,14.13
2005-01-16,14.13
2005-01-17,14.13
2005-01-18,14.13
2005-01-19,14.13
2005-01-20,14.13
2005-01-21,14.13
2005-01-22,14.13
2005-01-23,14.13
2005-01-24,14.13
2005-01-25,14.13
2005-01-26,14.13
2005-01-27,14.13
2005-01-28,14.13
2005-01-29,14.13
2005-01-30,14.13
2005-01-31,14.13
2005-02-01,13.9
2005-02-02,13.9
2005-02-03,13.9
2005-02-04,13.9
2005-02-05,13.9
2005-02-06,13.9
2005-02-07,13.9
2005-02-08,13.9
2005-02-09,13.9
2005-02-10,13.9
2005-02-11,13.9
2005-02-12,13.9
2005-02-13,13.9
2005-02-14,13.9
2005-02-15,13.9
2005-02-16,13.9
2005-02-17,13.9
2005-02-18,13.9
2005-02-19,13.9
2005-02-20,13.9
2005-02-21,13.9
2005-02-22,13.9
2005-02-23,13.9
2005-02-24,13.9
2005-02-25,13.9
2005-02-26,13.9
2005-02-27,13.9
2005-02-28,13.9
2005-03-01,14.0
2005-03-02,14.0
2005-03-03,14.0
2005-03-04,14.0
2005-03-05,14.0
2005-03-06,14.0
2005-03-07,14.0
2005-03-08,14.0
2005-03-09,14.0
2005-03-10,14.0
2005-03-11,14.0
2005-03-12,14.0
2005-03-13,14.0
2005-03-14,14.0
2005-03-15,14.0
2005-03-16,14.0
2005-03-17,14.0
2005-03-18,14.0
2005-03-19,14.0
2005-03-20,14.0
2005-03-21,14.0
2005-03-22,14.0
2005-03-23,14.0
2005-03-24,14.0
2005-03-25,14.0
2005-03-26,14.0
2005-03-27,14.0
2005-03-28,14.0
2005-03-29,14.0
2005-03-30,14.0
2005-03-31,14.0
2005-04-01,14.1
2005-04-02,14.1
2005-04-03,14.1
2005-04-04,14.1
2005-04-05,14.1
2005-04-06,14.1
2005-04-07,14.1
2005-04-08,14.1
2005-04-09,14.1
2005-04-10,14.1
2005-04-11,14.1
2005-04-12,14.1
2005-04-13,14.1
2005-04-14,14.1
2005-04-15,14.1
2005-04-16,14.1
2005-04-17,14.1
2005-04-18,14.1
2005-04-19,14.1
2005-04-20,14.1
2005-04-21,14.1
2005-04-22,14.1
2005-04-23,14.1
2005-04-24,14.1
2005-04-25,14.1
2005-04-26,14.1
2005-04-27,14.1
2005-04-28,14.1
2005-04-29,14.1
2005-04-30,14.1
2005-05-01,14.6
2005-05-02,14.6
2005-05-03,14.6
2005-05-04,14.6
2005-05-05,14.6
2005-05-06,14.6
2005-05-07,14.6
2005-05-08,14.6
2005-05-09,14.6
2005-05-10,14.6
2005-05-11,14.6
2005-05-12,14.6
2005-05-13,14.6
2005-05-14,14.6
2005-05-15,14.6
2005-05-16,14.6
2005-05-17,14.6
2005-05-18,14.6
2005-05-19,14.6
2005-05-20,14.6
2005-05-21,14.6
2005-05-22,14.6
2005-05-23,14.6
2005-05-24,14.6
2005-05-25,14.6
2005-05-26,14.6
2005-05-27,14.6
2005-05-28,14.6
2005-05-29,14.6
2005-05-30,14.6
2005-05-31,14.6
2005-06-01,15.67
2005-06-02,15.67
2005-06-03,15.67
2005-06-04,15.67
2005-06-05,15.67
2005-06-06,15.67
2005-06-07,15.67
2005-06-08,15.67
2005-06-09,15.67
2005-06-10,15.67
2005-06-11,15.67
2005-06-12,15.67
2005-06-13,15.67
2005-06-14,15.67
2005-06-15,15.67
2005-06-16,15.67
2005-06-17,15.67
2005-06-18,15.67
2005-06-19,15.67
2005-06-20,15.67
2005-06-21,15.67
2005-06-22,15.67
2005-06-23,15.67
2005-06-24,15.67
2005-06-25,15.67
2005-06-26,15.67
2005-06-27,15.67
2005-06-28,15.67
2005-06-29,15.67
2005-06-30,15.67
2005-07-01,16.3
2005-07-02,16.3
2005-07-03,16.3
2005-07-04,16.3
2005-07-05,16.3
2005-07-06,16.3
2005-07-07,16.3
2005-07-08,16.3
2005-07-09,16.3
2005-07-10,16.3
2005-07-11,16.3
2005-07-12,16.3
2005-07-13,16.3
2005-07-14,16.3
2005-07-15,16.3
2005-07-16,16.3
2005-07-17,16.3
2005-07-18,16.3
2005-07-19,16.3
2005-07-20,16.3
2005-07-21,16.3
2005-07-22,16.3
2005-07-23,16.3
2005-07-24,16.3
2005-07-25,16.3
2005-07-26,16.3
2005-07-27,16.3
2005-07-28,16.3
2005-07-29,16.3
2005-07-30,16.3
2005-07-31,16.3
2005-08-01,17.34
2005-08-02,17.34
2005-08-03,17.34
2005-08-04,17.34
2005-08-05,17.34
2005-08-06,17.34
2005-08-07,17.34
2005-08-08,17.34
2005-08-09,17.34
2005-08-10,17.34
2005-08-11,17.34
2005-08-12,17.34
2005-08-13,17.34
2005-08-14,17.34
2005-08-15,17.34
2005-08-16,17.34
2005-08-17,17.34
2005-08-18,17.34
2005-08-19,17.34
2005-08-20,17.34
2005-08-21,17.34
2005-08-22,17.34
2005-08-23,17.34
2005-08-24,17.34
2005-08-25,17.34
2005-08-26,17.34
2005-08-27,17.34
2005-08-28,17.34
2005-08-29,17.34
2005-08-30,17.34
2005-08-31,17.34
2005-09-01,17.92
2005-09-02,17.92
2005-09-03,17.92
2005-09-04,17.92
2005-09-05,17.92
2005-09-06,17.92
2005-09-07,17.92
2005-09-08,17.92
2005-09-09,17.92
2005-09-10,17.92
2005-09-11,17.92
2005-09-12,17.92
2005-09-13,17.92
2005-09-14,17.92
2005-09-15,17.92
2005-09-16,17.92
2005-09-17,17.92
2005-09-18,17.92
2005-09-19,17.92
2005-09-20,17.92
2005-09-21,17.92
2005-09-22,17.92
2005-09-23,17.92
2005-09-24,17.92
2005-09-25,17.92
2005-09-26,17.92
2005-09-27,17.92
2005-09-28,17.92
2005-09-29,17.92
2005-09-30,17.92
2005-10-01,17.99
2005-10-02,17.99
2005-10-03,17.99
2005-10-04,17.99
2005-10-05,17.99
2005-10-06,17.99
2005-10-07,17.99
2005-10-08,17.99
2005-10-09,17.99
2005-10-10,17.99
2005-10-11,17.99
2005-10-12,17.99
2005-10-13,17.99
2005-10-14,17.99
2005-10-15,17.99
2005-10-16,17.99
2005-10-17,17.99
2005-10-18,17.99
2005-10-19,17.99
2005-10-20,17.99
2005-10-21,17.99
2005-10-22,17.99
2005-10-23,17.99
2005-10-24,17.99
2005-10-25,17.99
2005-10-26,17.99
2005-10-27,17.99
2005-10-28,17.99
2005-10-29,17.99
2005-10-30,17.99
2005-10-31,17.99
2005-11-01,18.3
2005-11-02,18.3
2005-11-03,18.3
2005-11-04,18.3
2005-11-05,18.3
2005-11-06,18.3
2005-11-07,18.3
2005-11-08,18.3
2005-11-09,18.3
2005-11-10,18.3
2005-11-11,18.3
2005-11-12,18.3
2005-11-13,18.3
2005-11-14,18.3
2005-11-15,18.3
2005-11-16,18.3
2005-11-17,18.3
2005-11-18,18.3
2005-11-19,18.3
2005-11-20,18.3
2005-11-21,18.3
2005-11-22,18.3
2005-11-23,18.3
2005-11-24,18.3
2005-11-25,18.3
2005-11-26,18.3
2005-11-27,18.3
2005-11-28,18.3
2005-11-29,18.3
2005-11-30,18.3
2005-12-01,17.57
2005-12-02,17.57
2005-12-03,17.57
2005-12-04,17.57
2005-12-05,17.57
2005-12-06,17.57
2005-12-07,17.57
2005-12-08,17.57
2005-12-09,17.57
2005-12-10,17.57
2005-12-11,17.57
2005-12-12,17.57
2005-12-13,17.57
2005-12-14,17.57
2005-12-15,17.57
2005-12-16,17.57
2005-12-17,17.57
2005-12-18,17.57
2005-12-19,17.57
2005-12-20,17.57
2005-12-21,17.57
2005-12-22,17.57
2005-12-23,17.57
2005-12-24,17.57
2005-12-25,17.57
2005-12-26,17.57
2005-12-27,17.57
2005-12-28,17.57
2005-12-29,17.57
2005-12-30,17.57
2005-12-31,17.57
2006-01-01,19.21
2006-01-02,19.21
2006-01-03,19.21
2006-01-04,19.21
2006-01-05,19.21
2006-01-06,19.21
2006-01-07,19.21
2006-01-08,19.21
2006-01-09,19.21
2006-01-10,19.21
2006-01-11,19.21
2006-01-12,19.21
2006-01-13,19.21
2006-01-14,19.21
2006-01-15,19.21
2006-01-16,19.21
2006-01-17,19.21
2006-01-18,19.21
2006-01-19,19.21
2006-01-20,19.21
2006-01-21,19.21
2006-01-22,19.21
2006-01-23,19.21
2006-01-24,19.21
2006-01-25,19.21
2006-01-26,19.21
2006-01-27,19.21
2006-01-28,19.21
2006-01-29,19.21
2006-01-30,19.21
2006-01-31,19.21
2006-02-01,18.8
2006-02-02,18.8
2006-02-03,18.8
2006-02-04,18.8
2006-02-05,18.8
2006-02-06,18.8
2006-02-07,18.8
2006-02-08,18.8
2006-02-09,18.8
2006-02-10,18.8
2006-02-11,18.8
2006-02-12,18.8
2006-02-13,18.8
2006-02-14,18.8
2006-02-15,18.8
2006-02-16,18.8
2006-02-17,18.8
2006-02-18,18.8
2006-02-19,18.8
2006-02-20,18.8
2006-02-21,18.8
2006-02-22,18.8
2006-02-23,18.8
2006-02-24,18.8
2006-02-25,18.8
2006-02-26,18.8
2006-02-27,18.8
2006-02-28,18.8
2006-03-01,18.8
2006-03-02,18.8
2006-03-03,18.8
2006-03-04,18.8
2006-03-05,18.8
2006-03-06,18.8
2006-03-07,18.8
2006-03-08,18.8
2006-03-09,18.8
2006-03-10,18.8
2006-03-11,18.8
2006-03-12,18.8
2006-03-13,18.8
2006-03-14,18.8
2006-03-15,18.8
2006-03-16,18.8
2006-03-17,18.8
2006-03-18,18.8
2006-03-19,18.8
2006-03-20,18.8
2006-03-21,18.8
2006-03-22,18.8
2006-03-23,18.8
2006-03-24,18.8
2006-03-25,18.8
2006-03-26,18.8
2006-03-27,18.8
2006-03-28,18.8
2006-03-29,18.8
2006-03-30,18.8
2006-03-31,18.8
2006-04-01,18.9
2006-04-02,18.9
2006-04-03,18.9
2006-04-04,18.9
2006-04-05,18.9
2006-04-06,18.9
2006-04-07,18.9
2006-04-08,18.9
2006-04-09,18.9
2006-04-10,18.9
2006-04-11,18.9
2006-04-12,18.9
2006-04-13,18.9
2006-04-14,18.9
2006-04-15,18.9
2006-04-16,18.9
2006-04-17,18.9
2006-04-18,18.9
2006-04-19,18.9
2006-04-20,18.9
2006-04-21,18.9
2006-04-22,18.9
2006-04-23,18.9
2006-04-24,18.9
2006-04-25,18.9
2006-04-26,18.9
2006-04-27,18.9
2006-04-28,18.9
2006-04-29,18.9
2006-04-30,18.9
2006-05-01,19.1
2006-05-02,19.1
2006-05-03,19.1
2006-05-04,19.1
2006-05-05,19.1
2006-05-06,19.1
2006-05-07,19.1
2006-05-08,19.1
2006-05-09,19.1
2006-05-10,19.1
2006-05-11,19.1
2006-05-12,19.1
2006-05-13,19.1
2006-05-14,19.1
2006-05-15,19.1
2006-05-16,19.1
2006-05-17,19.1
2006-05-18,19.1
2006-05-19,19.1
2006-05-20,19.1
2006-05-21,19.1
2006-05-22,19.1
2006-05-23,19.1
2006-05-24,19.1
2006-05-25,19.1
2006-05-26,19.1
2006-05-27,19.1
2006-05-28,19.1
2006-05-29,19.1
2006-05-30,19.1
2006-05-31,19.1
2006-06-01,18.43
2006-06-02,18.43
2006-06-03,18.43
2006-06-04,18.43
2006-06-05,18.43
2006-06-06,18.43
2006-06-07,18.43
2006-06-08,18.43
2006-06-09,18.43
2006-06-10,18.43
2006-06-11,18.43
2006-06-12,18.43
2006-06-13,18.43
2006-06-14,18.43
2006-06-15,18.43
2006-06-16,18.43
2006-06-17,18.43
2006-06-18,18.43
2006-06-19,18.43
2006-06-20,18.43
2006-06-21,18.43
2006-06-22,18.43
2006-06-23,18.43
2006-06-24,18.43
2006-06-25,18.43
2006-06-26,18.43
2006-06-27,18.43
2006-06-28,18.43
2006-06-29,18.43
2006-06-30,18.43
2006-07-01,18.4
2006-07-02,18.4
2006-07-03,18.4
2006-07-04,18.4
2006-07-05,18.4
2006-07-06,18.4
2006-07-07,18.4
2006-07-08,18.4
2006-07-09,18.4
2006-07-10,18.4
2006-07-11,18.4
2006-07-12,18.4
2006-07-13,18.4
2006-07-14,18.4
2006-07-15,18.4
2006-07-16,18.4
2006-07-17,18.4
2006-07-18,18.4
2006-07-19,18.4
2006-07-20,18.4
2006-07-21,18.4
2006-07-22,18.4
2006-07-23,18.4
2006-07-24,18.4
2006-07-25,18.4
2006-07-26,18.4
2006-07-27,18.4
2006-07-28,18.4
2006-07-29,18.4
2006-07-30,18.4
2006-07-31,18.4
2006-08-01,17.9
2006-08-02,17.9
2006-08-03,17.9
2006-08-04,17.9
2006-08-05,17.9
2006-08-06,17.9
2006-08-07,17.9
2006-08-08,17.9
2006-08-09,17.9
2006-08-10,17.9
2006-08-11,17.9
2006-08-12,17.9
2006-08-13,17.9
2006-08-14,17.9
2006-08-15,17.9
2006-08-16,17.9
2006-08-17,17.9
2006-08-18,17.9
2006-08-19,17.9
2006-08-20,17.9
2006-08-21,17.9
2006-08-22,17.9
2006-08-23,17.9
2006-08-24,17.9
2006-08-25,17.9
2006-08-26,17.9
2006-08-27,17.9
2006-08-28,17.9
2006-08-29,17.9
2006-08-30,17.9
2006-08-31,17.9
2006-09-01,16.83
2006-09-02,16.83
2006-09-03,16.83
2006-09-04,16.83
2006-09-05,16.83
2006-09-06,16.83
2006-09-07,16.83
2006-09-08,16.83
2006-09-09,16.83
2006-09-10,16.83
2006-09-11,16.83
2006-09-12,16.83
2006-09-13,16.83
2006-09-14,16.83
2006-09-15,16.83
2006-09-16,16.83
2006-09-17,16.83
2006-09-18,16.83
2006-09-19,16.83
2006-09-20,16.83
2006-09-21,16.83
2006-09-22,16.83
2006-09-23,16.83
2006-09-24,16.83
2006-09-25,16.83
2006-09-26,16.83
2006-09-27,16.83
2006-09-28,16.83
2006-09-29,16.83
2006-09-30,16.83
2006-10-01,17.1
2006-10-02,17.1
2006-10-03,17.1
2006-10-04,17.1
2006-10-05,17.1
2006-10-06,17.1
2006-10-07,17.1
2006-10-08,17.1
2006-10-09,17.1
2006-10-10,17.1
2006-10-11,17.1
2006-10-12,17.1
2006-10-13,17.1
2006-10-14,17.1
2006-10-15,17.1
2006-10-16,17.1
2006-10-17,17.1
2006-10-18,17.1
2006-10-19,17.1
2006-10-20,17.1
2006-10-21,17.1
2006-10-22,17.1
2006-10-23,17.1
2006-10-24,17.1
2006-10-25,17.1
2006-10-26,17.1
2006-10-27,17.1
2006-10-28,17.1
2006-10-29,17.1
2006-10-30,17.1
2006-10-31,17.1
2006-11-01,16.8
2006-11-02,16.8
2006-11-03,16.8
2006-11-04,16.8
2006-11-05,16.8
2006-11-06,16.8
2006-11-07,16.8
2006-11-08,16.8
2006-11-09,16.8
2006-11-10,16.8
2006-11-11,16.8
2006-11-12,16.8
2006-11-13,16.8
2006-11-14,16.8
2006-11-15,16.8
2006-11-16,16.8
2006-11-17,16.8
2006-11-18,16.8
2006-11-19,16.8
2006-11-20,16.8
2006-11-21,16.8
2006-11-22,16.8
2006-11-23,16.8
2006-11-24,16.8
2006-11-25,16.8
2006-11-26,16.8
2006-11-27,16.8
2006-11-28,16.8
2006-11-29,16.8
2006-11-30,16.8
2006-12-01,16.94
2006-12-02,16.94
2006-12-03,16.94
2006-12-04,16.94
2006-12-05,16.94
2006-12-06,16.94
2006-12-07,16.94
2006-12-08,16.94
2006-12-09,16.94
2006-12-10,16.94
2006-12-11,16.94
2006-12-12,16.94
2006-12-13,16.94
2006-12-14,16.94
2006-12-15,16.94
2006-12-16,16.94
2006-12-17,16.94
2006-12-18,16.94
2006-12-19,16.94
2006-12-20,16.94
2006-12-21,16.94
2006-12-22,16.94
2006-12-23,16.94
2006-12-24,16.94
2006-12-25,16.94
2006-12-26,16.94
2006-12-27,16.94
2006-12-28,16.94
2006-12-29,16.94
2006-12-30,16.94
2006-12-31,16.94
2007-01-01,15.93
2007-01-02,15.93
2007-01-03,15.93
2007-01-04,15.93
2007-01-05,15.93
2007-01-06,15.93
2007-01-07,15.93
2007-01-08,15.93
2007-01-09,15.93
2007-01-10,15.93
2007-01-11,15.93
2007-01-12,15.93
2007-01-13,15.93
2007-01-14,15.93
2007-01-15,15.93
2007-01-16,15.93
2007-01-17,15.93
2007-01-18,15.93
2007-01-19,15.93
2007-01-20,15.93
2007-01-21,15.93
2007-01-22,15.93
2007-01-23,15.93
2007-01-24,15.93
2007-01-25,15.93
2007-01-26,15.93
2007-01-27,15.93
2007-01-28,15.93
2007-01-29,15.93
2007-01-30,15.93
2007-01-31,15.93
2007-02-01,17.8
2007-02-02,17.8
2007-02-03,17.8
2007-02-04,17.8
2007-02-05,17.8
2007-02-06,17.8
2007-02-07,17.8
2007-02-08,17.8
2007-02-09,17.8
2007-02-10,17.8
2007-02-11,17.8
2007-02-12,17.8
2007-02-13,17.8
2007-02-14,17.8
2007-02-15,17.8
2007-02-16,17.8
2007-02-17,17.8
2007-02-18,17.8
2007-02-19,17.8
2007-02-20,17.8
2007-02-21,17.8
2007-02-22,17.8
2007-02-23,17.8
2007-02-24,17.8
2007-02-25,17.8
2007-02-26,17.8
2007-02-27,17.8
2007-02-28,17.8
2007-03-01,17.3
2007-03-02,17.3
2007-03-03,17.3
2007-03-04,17.3
2007-03-05,17.3
2007-03-06,17.3
2007-03-07,17.3
2007-03-08,17.3
2007-03-09,17.3
2007-03-10,17.3
2007-03-11,17.3
2007-03-12,17.3
2007-03-13,17.3
2007-03-14,17.3
2007-03-15,17.3
2007-03-16,17.3
2007-03-17,17.3
2007-03-18,17.3
2007-03-19,17.3
2007-03-20,17.3
2007-03-21,17.3
2007-03-22,17.3
2007-03-23,17.3
2007-03-24,17.3
2007-03-25,17.3
2007-03-26,17.3
2007-03-27,17.3
2007-03-28,17.3
2007-03-29,17.3
2007-03-30,17.3
2007-03-31,17.3
2007-04-01,17.1
2007-04-02,17.1
2007-04-03,17.1
2007-04-04,17.1
2007-04-05,17.1
2007-04-06,17.1
2007-04-07,17.1
2007-04-08,17.1
2007-04-09,17.1
2007-04-10,17.1
2007-04-11,17.1
2007-04-12,17.1
2007-04-13,17.1
2007-04-14,17.1
2007-04-15,17.1
2007-04-16,17.1
2007-04-17,17.1
2007-04-18,17.1
2007-04-19,17.1
2007-04-20,17.1
2007-04-21,17.1
2007-04-22,17.1
2007-04-23,17.1
2007-04-24,17.1
2007-04-25,17.1
2007-04-26,17.1
2007-04-27,17.1
2007-04-28,17.1
2007-04-29,17.1
2007-04-30,17.1
2007-05-01,16.74
2007-05-02,16.74
2007-05-03,16.74
2007-05-04,16.74
2007-05-05,16.74
2007-05-06,16.74
2007-05-07,16.74
2007-05-08,16.74
2007-05-09,16.74
2007-05-10,16.74
2007-05-11,16.74
2007-05-12,16.74
2007-05-13,16.74
2007-05-14,16.74
2007-05-15,16.74
2007-05-16,16.74
2007-05-17,16.74
2007-05-18,16.74
2007-05-19,16.74
2007-05-20,16.74
2007-05-21,16.74
2007-05-22,16.74
2007-05-23,16.74
2007-05-24,16.74
2007-05-25,16.74
2007-05-26,16.74
2007-05-27,16.74
2007-05-28,16.74
2007-05-29,16.74
2007-05-30,16.74
2007-05-31,16.74
2007-06-01,17.06
2007-06-02,17.06
2007-06-03,17.06
2007-06-04,17.06
2007-06-05,17.06
2007-06-06,17.06
2007-06-07,17.06
2007-06-08,17.06
2007-06-09,17.06
2007-06-10,17.06
2007-06-11,17.06
2007-06-12,17.06
2007-06-13,17.06
2007-06-14,17.06
2007-06-15,17.06
2007-06-16,17.06
2007-06-17,17.06
2007-06-18,17.06
2007-06-19,17.06
2007-06-20,17.06
2007-06-21,17.06
2007-06-22,17.06
2007-06-23,17.06
2007-06-24,17.06
2007-06-25,17.06
2007-06-26,17.06
2007-06-27,17.06
2007-06-28,17.06
2007-06-29,17.06
2007-06-30,17.06
2007-07-01,18.5
2007-07-02,18.5
2007-07-03,18.5
2007-07-04,18.5
2007-07-05,18.5
2007-07-06,18.5
2007-07-07,18.5
2007-07-08,18.5
2007-07-09,18.5
2007-07-10,18.5
2007-07-11,18.5
2007-07-12,18.5
2007-07-13,18.5
2007-07-14,18.5
2007-07-15,18.5
2007-07-16,18.5
2007-07-17,18.5
2007-07-18,18.5
2007-07-19,18.5
2007-07-20,18.5
2007-07-21,18.5
2007-07-22,18.5
2007-07-23,18.5
2007-07-24,18.5
2007-07-25,18.5
2007-07-26,18.5
2007-07-27,18.5
2007-07-28,18.5
2007-07-29,18.5
2007-07-30,18.5
2007-07-31,18.5
2007-08-01,18.1
2007-08-02,18.1
2007-08-03,18.1
2007-08-04,18.1
2007-08-05,18.1
2007-08-06,18.1
2007-08-07,18.1
2007-08-08,18.1
2007-08-09,18.1
2007-08-10,18.1
2007-08-11,18.1
2007-08-12,18.1
2007-08-13,18.1
2007-08-14,18.1
2007-08-15,18.1
2007-08-16,18.1
2007-08-17,18.1
2007-08-18,18.1
2007-08-19,18.1
2007-08-20,18.1
2007-08-21,18.1
2007-08-22,18.1
2007-08-23,18.1
2007-08-24,18.1
2007-08-25,18.1
2007-08-26,18.1
2007-08-27,18.1
2007-08-28,18.1
2007-08-29,18.1
2007-08-30,18.1
2007-08-31,18.1
2007-09-01,18.45
2007-09-02,18.45
2007-09-03,18.45
2007-09-04,18.45
2007-09-05,18.45
2007-09-06,18.45
2007-09-07,18.45
2007-09-08,18.45
2007-09-09,18.45
2007-09-10,18.45
2007-09-11,18.45
2007-09-12,18.45
2007-09-13,18.45
2007-09-14,18.45
2007-09-15,18.45
2007-09-16,18.45
2007-09-17,18.45
2007-09-18,18.45
2007-09-19,18.45
2007-09-20,18.45
2007-09-21,18.45
2007-09-22,18.45
2007-09-23,18.45
2007-09-24,18.45
2007-09-25,18.45
2007-09-26,18.45
2007-09-27,18.45
2007-09-28,18.45
2007-09-29,18.45
2007-09-30,18.45
2007-10-01,18.47
2007-10-02,18.47
2007-10-03,18.47
2007-10-04,18.47
2007-10-05,18.47
2007-10-06,18.47
2007-10-07,18.47
2007-10-08,18.47
2007-10-09,18.47
2007-10-10,18.47
2007-10-11,18.47
2007-10-12,18.47
2007-10-13,18.47
2007-10-14,18.47
2007-10-15,18.47
2007-10-16,18.47
2007-10-17,18.47
2007-10-18,18.47
2007-10-19,18.47
2007-10-20,18.47
2007-10-21,18.47
2007-10-22,18.47
2007-10-23,18.47
2007-10-24,18.47
2007-10-25,18.47
2007-10-26,18.47
2007-10-27,18.47
2007-10-28,18.47
2007-10-29,18.47
2007-10-30,18.47
2007-10-31,18.47
2007-11-01,18.45
2007-11-02,18.45
2007-11-03,18.45
2007-11-04,18.45
2007-11-05,18.45
2007-11-06,18.45
2007-11-07,18.45
2007-11-08,18.45
2007-11-09,18.45
2007-11-10,18.45
2007-11-11,18.45
2007-11-12,18.45
2007-11-13,18.45
2007-11-14,18.45
2007-11-15,18.45
2007-11-16,18.45
2007-11-17,18.45
2007-11-18,18.45
2007-11-19,18.45
2007-11-20,18.45
2007-11-21,18.45
2007-11-22,18.45
2007-11-23,18.45
2007-11-24,18.45
2007-11-25,18.45
2007-11-26,18.45
2007-11-27,18.45
2007-11-28,18.45
2007-11-29,18.45
2007-11-30,18.45
2007-12-01,16.72
2007-12-02,16.72
2007-12-03,16.72
2007-12-04,16.72
2007-12-05,16.72
2007-12-06,16.72
2007-12-07,16.72
2007-12-08,16.72
2007-12-09,16.72
2007-12-10,16.72
2007-12-11,16.72
2007-12-12,16.72
2007-12-13,16.72
2007-12-14,16.72
2007-12-15,16.72
2007-12-16,16.72
2007-12-17,16.72
2007-12-18,16.72
2007-12-19,16.72
2007-12-20,16.72
2007-12-21,16.72
2007-12-22,16.72
2007-12-23,16.72
2007-12-24,16.72
2007-12-25,16.72
2007-12-26,16.72
2007-12-27,16.72
2007-12-28,16.72
2007-12-29,16.72
2007-12-30,16.72
2007-12-31,16.72
2008-01-01,18.94
2008-01-02,18.94
2008-01-03,18.94
2008-01-04,18.94
2008-01-05,18.94
2008-01-06,18.94
2008-01-07,18.94
2008-01-08,18.94
2008-01-09,18.94
2008-01-10,18.94
2008-01-11,18.94
2008-01-12,18.94
2008-01-13,18.94
2008-01-14,18.94
2008-01-15,18.94
2008-01-16,18.94
2008-01-17,18.94
2008-01-18,18.94
2008-01-19,18.94
2008-01-20,18.94
2008-01-21,18.94
2008-01-22,18.94
2008-01-23,18.94
2008-01-24,18.94
2008-01-25,18.94
2008-01-26,18.94
2008-01-27,18.94
2008-01-28,18.94
2008-01-29,18.94
2008-01-30,18.94
2008-01-31,18.94
2008-02-01,17.48
2008-02-02,17.48
2008-02-03,17.48
2008-02-04,17.48
2008-02-05,17.48
2008-02-06,17.48
2008-02-07,17.48
2008-02-08,17.48
2008-02-09,17.48
2008-02-10,17.48
2008-02-11,17.48
2008-02-12,17.48
2008-02-13,17.48
2008-02-14,17.48
2008-02-15,17.48
2008-02-16,17.48
2008-02-17,17.48
2008-02-18,17.48
2008-02-19,17.48
2008-02-20,17.48
2008-02-21,17.48
2008-02-22,17.48
2008-02-23,17.48
2008-02-24,17.48
2008-02-25,17.48
2008-02-26,17.48
2008-02-27,17.48
2008-02-28,17.48
2008-02-29,17.48
2008-03-01,16.29
2008-03-02,16.29
2008-03-03,16.29
2008-03-04,16.29
2008-03-05,16.29
2008-03-06,16.29
2008-03-07,16.29
2008-03-08,16.29
2008-03-09,16.29
2008-03-10,16.29
2008-03-11,16.29
2008-03-12,16.29
2008-03-13,16.29
2008-03-14,16.29
2008-03-15,16.29
2008-03-16,16.29
2008-03-17,16.29
2008-03-18,16.29
2008-03-19,16.29
2008-03-20,16.29
2008-03-21,16.29
2008-03-22,16.29
2008-03-23,16.29
2008-03-24,16.29
2008-03-25,16.29
2008-03-26,16.29
2008-03-27,16.29
2008-03-28,16.29
2008-03-29,16.29
2008-03-30,16.29
2008-03-31,16.29
2008-04-01,16.94
2008-04-02,16.94
2008-04-03,16.94
2008-04-04,16.94
2008-04-05,16.94
2008-04-06,16.94
2008-04-07,16.94
2008-04-08,16.94
2008-04-09,16.94
2008-04-10,16.94
2008-04-11,16.94
2008-04-12,16.94
2008-04-13,16.94
2008-04-14,16.94
2008-04-15,16.94
2008-04-16,16.94
2008-04-17,16.94
2008-04-18,16.94
2008-04-19,16.94
2008-04-20,16.94
2008-04-21,16.94
2008-04-22,16.94
2008-04-23,16.94
2008-04-24,16.94
2008-04-25,16.94
2008-04-26,16.94
2008-04-27,16.94
2008-04-28,16.94
2008-04-29,16.94
2008-04-30,16.94
2008-05-01,18.07
2008-05-02,18.07
2008-05-03,18.07
2008-05-04,18.07
2008-05-05,18.07
2008-05-06,18.07
2008-05-07,18.07
2008-05-08,18.07
2008-05-09,18.07
2008-05-10,18.07
2008-05-11,18.07
2008-05-12,18.07
2008-05-13,18.07
2008-05-14,18.07
2008-05-15,18.07
2008-05-16,18.07
2008-05-17,18.07
2008-05-18,18.07
2008-05-19,18.07
2008-05-20,18.07
2008-05-21,18.07
2008-05-22,18.07
2008-05-23,18.07
2008-05-24,18.07
2008-05-25,18.07
2008-05-26,18.07
2008-05-27,18.07
2008-05-28,18.07
2008-05-29,18.07
2008-05-30,18.07
2008-05-31,18.07
2008-06-01,17.37
2008-06-02,17.37
2008-06-03,17.37
2008-06-04,17.37
2008-06-05,17.37
2008-06-06,17.37
2008-06-07,17.37
2008-06-08,17.37
2008-06-09,17.37
2008-06-10,17.37
2008-06-11,17.37
2008-06-12,17.37
2008-06-13,17.37
2008-06-14,17.37
2008-06-15,17.37
2008-06-16,17.37
2008-06-17,17.37
2008-06-18,17.37
2008-06-19,17.37
2008-06-20,17.37
2008-06-21,17.37
2008-06-22,17.37
2008-06-23,17.37
2008-06-24,17.37
2008-06-25,17.37
2008-06-26,17.37
2008-06-27,17.37
2008-06-28,17.37
2008-06-29,17.37
2008-06-30,17.37
2008-07-01,16.35
2008-07-02,16.35
2008-07-03,16.35
2008-07-04,16.35
2008-07-05,16.35
2008-07-06,16.35
2008-07-07,16.35
2008-07-08,16.35
2008-07-09,16.35
2008-07-10,16.35
2008-07-11,16.35
2008-07-12,16.35
2008-07-13,16.35
2008-07-14,16.35
2008-07-15,16.35
2008-07-16,16.35
2008-07-17,16.35
2008-07-18,16.35
2008-07-19,16.35
2008-07-20,16.35
2008-07-21,16.35
2008-07-22,16.35
2008-07-23,16.35
2008-07-24,16.35
2008-07-25,16.35
2008-07-26,16.35
2008-07-27,16.35
2008-07-28,16.35
2008-07-29,16.35
2008-07-30,16.35
2008-07-31,16.35
2008-08-01,16.0
2008-08-02,16.0
2008-08-03,16.0
2008-08-04,16.0
2008-08-05,16.0
2008-08-06,16.0
2008-08-07,16.0
2008-08-08,16.0
2008-08-09,16.0
2008-08-10,16.0
2008-08-11,16.0
2008-08-12,16.0
2008-08-13,16.0
2008-08-14,16.0
2008-08-15,16.0
2008-08-16,16.0
2008-08-17,16.0
2008-08-18,16.0
2008-08-19,16.0
2008-08-20,16.0
2008-08-21,16.0
2008-08-22,16.0
2008-08-23,16.0
2008-08-24,16.0
2008-08-25,16.0
2008-08-26,16.0
2008-08-27,16.0
2008-08-28,16.0
2008-08-29,16.0
2008-08-30,16.0
2008-08-31,16.0
2008-09-01,15.29
2008-09-02,15.29
2008-09-03,15.29
2008-09-04,15.29
2008-09-05,15.29
2008-09-06,15.29
2008-09-07,15.29
2008-09-08,15.29
2008-09-09,15.29
2008-09-10,15.29
2008-09-11,15.29
2008-09-12,15.29
2008-09-13,15.29
2008-09-14,15.29
2008-09-15,15.29
2008-09-16,15.29
2008-09-17,15.29
2008-09-18,15.29
2008-09-19,15.29
2008-09-20,15.29
2008-09-21,15.29
2008-09-22,15.29
2008-09-23,15.29
2008-09-24,15.29
2008-09-25,15.29
2008-09-26,15.29
2008-09-27,15.29
2008-09-28,15.29
2008-09-29,15.29
2008-09-30,15.29
2008-10-01,15.02
2008-10-02,15.02
2008-10-03,15.02
2008-10-04,15.02
2008-10-05,15.02
2008-10-06,15.02
2008-10-07,15.02
2008-10-08,15.02
2008-10-09,15.02
2008-10-10,15.02
2008-10-11,15.02
2008-10-12,15.02
2008-10-13,15.02
2008-10-14,15.02
2008-10-15,15.02
2008-10-16,15.02
2008-10-17,15.02
2008-10-18,15.02
2008-10-19,15.02
2008-10-20,15.02
2008-10-21,15.02
2008-10-22,15.02
2008-10-23,15.02
2008-10-24,15.02
2008-10-25,15.02
2008-10-26,15.02
2008-10-27,15.02
2008-10-28,15.02
2008-10-29,15.02
2008-10-30,15.02
2008-10-31,15.02
2008-11-01,14.8
2008-11-02,14.8
2008-11-03,14.8
2008-11-04,14.8
2008-11-05,14.8
2008-11-06,14.8
2008-11-07,14.8
2008-11-08,14.8
2008-11-09,14.8
2008-11-10,14.8
2008-11-11,14.8
2008-11-12,14.8
2008-11-13,14.8
2008-11-14,14.8
2008-11-15,14.8
2008-11-16,14.8
2008-11-17,14.8
2008-11-18,14.8
2008-11-19,14.8
2008-11-20,14.8
2008-11-21,14.8
2008-11-22,14.8
2008-11-23,14.8
2008-11-24,14.8
2008-11-25,14.8
2008-11-26,14.8
2008-11-27,14.8
2008-11-28,14.8
2008-11-29,14.8
2008-11-30,14.8
2008-12-01,17.82
2008-12-02,17.82
2008-12-03,17.82
2008-12-04,17.82
2008-12-05,17.82
2008-12-06,17.82
2008-12-07,17.82
2008-12-08,17.82
2008-12-09,17.82
2008-12-10,17.82
2008-12-11,17.82
2008-12-12,17.82
2008-12-13,17.82
2008-12-14,17.82
2008-12-15,17.82
2008-12-16,17.82
2008-12-17,17.82
2008-12-18,17.82
2008-12-19,17.82
2008-12-20,17.82
2008-12-21,17.82
2008-12-22,17.82
2008-12-23,17.82
2008-12-24,17.82
2008-12-25,17.82
2008-12-26,17.82
2008-12-27,17.82
2008-12-28,17.82
2008-12-29,17.82
2008-12-30,17.82
2008-12-31,17.82
2009-01-01,18.79
2009-01-02,18.79
2009-01-03,18.79
2009-01-04,18.79
2009-01-05,18.79
2009-01-06,18.79
2009-01-07,18.79
2009-01-08,18.79
2009-01-09,18.79
2009-01-10,18.79
2009-01-11,18.79
2009-01-12,18.79
2009-01-13,18.79
2009-01-14,18.79
2009-01-15,18.79
2009-01-16,18.79
2009-01-17,18.79
2009-01-18,18.79
2009-01-19,18.79
2009-01-20,18.79
2009-01-21,18.79
2009-01-22,18.79
2009-01-23,18.79
2009-01-24,18.79
2009-01-25,18.79
2009-01-26,18.79
2009-01-27,18.79
2009-01-28,18.79
2009-01-29,18.79
2009-01-30,18.79
2009-01-31,18.79
2009-02-01,20.48
2009-02-02,20.48
2009-02-03,20.48
2009-02-04,20.48
2009-02-05,20.48
2009-02-06,20.48
2009-02-07,20.48
2009-02-08,20.48
2009-02-09,20.48
2009-02-10,20.48
2009-02-11,20.48
2009-02-12,20.48
2009-02-13,20.48
2009-02-14,20.48
2009-02-15,20.48
2009-02-16,20.48
2009-02-17,20.48
2009-02-18,20.48
2009-02-19,20.48
2009-02-20,20.48
2009-02-21,20.48
2009-02-22,20.48
2009-02-23,20.48
2009-02-24,20.48
2009-02-25,20.48
2009-02-26,20.48
2009-02-27,20.48
2009-02-28,20.48
2009-03-01,25.51
2009-03-02,25.51
2009-03-03,25.51
2009-03-04,25.51
2009-03-05,25.51
2009-03-06,25.51
2009-03-07,25.51
2009-03-08,25.51
2009-03-09,25.51
2009-03-10,25.51
2009-03-11,25.51
2009-03-12,25.51
2009-03-13,25.51
2009-03-14,25.51
2009-03-15,25.51
2009-03-16,25.51
2009-03-17,25.51
2009-03-18,25.51
2009-03-19,25.51
2009-03-20,25.51
2009-03-21,25.51
2009-03-22,25.51
2009-03-23,25.51
2009-03-24,25.51
2009-03-25,25.51
2009-03-26,25.51
2009-03-27,25.51
2009-03-28,25.51
2009-03-29,25.51
2009-03-30,25.51
2009-03-31,25.51
2009-04-01,25.89
2009-04-02,25.89
2009-04-03,25.89
2009-04-04,25.89
2009-04-05,25.89
2009-04-06,25.89
2009-04-07,25.89
2009-04-08,25.89
2009-04-09,25.89
2009-04-10,25.89
2009-04-11,25.89
2009-04-12,25.89
2009-04-13,25.89
2009-04-14,25.89
2009-04-15,25.89
2009-04-16,25.89
2009-04-17,25.89
2009-04-18,25.89
2009-04-19,25.89
2009-04-20,25.89
2009-04-21,25.89
2009-04-22,25.89
2009-04-23,25.89
2009-04-24,25.89
2009-04-25,25.89
2009-04-26,25.89
2009-04-27,25.89
2009-04-28,25.89
2009-04-29,25.89
2009-04-30,25.89
2009-05-01,25.74
2009-05-02,25.74
2009-05-03,25.74
2009-05-04,25.74
2009-05-05,25.74
2009-05-06,25.74
2009-05-07,25.74
2009-05-08,25.74
2009-05-09,25.74
2009-05-10,25.74
2009-05-11,25.74
2009-05-12,25.74
2009-05-13,25.74
2009-05-14,25.74
2009-05-15,25.74
2009-05-16,25.74
2009-05-17,25.74
2009-05-18,25.74
2009-05-19,25.74
2009-05-20,25.74
2009-05-21,25.74
2009-05-22,25.74
2009-05-23,25.74
2009-05-24,25.74
2009-05-25,25.74
2009-05-26,25.74
2009-05-27,25.74
2009-05-28,25.74
2009-05-29,25.74
2009-05-30,25.74
2009-05-31,25.74
2009-06-01,28.46
2009-06-02,28.46
2009-06-03,28.46
2009-06-04,28.46
2009-06-05,28.46
2009-06-06,28.46
2009-06-07,28.46
2009-06-08,28.46
2009-06-09,28.46
2009-06-10,28.46
2009-06-11,28.46
2009-06-12,28.46
2009-06-13,28.46
2009-06-14,28.46
2009-06-15,28.46
2009-06-16,28.46
2009-06-17,28.46
2009-06-18,28.46
2009-06-19,28.46
2009-06-20,28.46
2009-06-21,28.46
2009-06-22,28.46
2009-06-23,28.46
2009-06-24,28.46
2009-06-25,28.46
2009-06-26,28.46
2009-06-27,28.46
2009-06-28,28.46
2009-06-29,28.46
2009-06-30,28.46
2009-07-01,28.42
2009-07-02,28.42
2009-07-03,28.42
2009-07-04,28.42
2009-07-05,28.42
2009-07-06,28.42
2009-07-07,28.42
2009-07-08,28.42
2009-07-09,28.42
2009-07-10,28.42
2009-07-11,28.42
2009-07-12,28.42
2009-07-13,28.42
2009-07-14,28.42
2009-07-15,28.42
2009-07-16,28.42
2009-07-17,28.42
2009-07-18,28.42
2009-07-19,28.42
2009-07-20,28.42
2009-07-21,28.42
2009-07-22,28.42
2009-07-23,28.42
2009-07-24,28.42
2009-07-25,28.42
2009-07-26,28.42
2009-07-27,28.42
2009-07-28,28.42
2009-07-29,28.42
2009-07-30,28.42
2009-07-31,28.42
2009-08-01,28.53
2009-08-02,28.53
2009-08-03,28.53
2009-08-04,28.53
2009-08-05,28.53
2009-08-06,28.53
2009-08-07,28.53
2009-08-08,28.53
2009-08-09,28.53
2009-08-10,28.53
2009-08-11,28.53
2009-08-12,28.53
2009-08-13,28.53
2009-08-14,28.53
2009-08-15,28.53
2009-08-16,28.53
2009-08-17,28.53
2009-08-18,28.53
2009-08-19,28.53
2009-08-20,28.53
2009-08-21,28.53
2009-08-22,28.53
2009-08-23,28.53
2009-08-24,28.53
2009-08-25,28.53
2009-08-26,28.53
2009-08-27,28.53
2009-08-28,28.53
2009-08-29,28.53
2009-08-30,28.53
2009-08-31,28.53
2009-09-01,29.31
2009-09-02,29.31
2009-09-03,29.31
2009-09-04,29.31
2009-09-05,29.31
2009-09-06,29.31
2009-09-07,29.31
2009-09-08,29.31
2009-09-09,29.31
2009-09-10,29.31
2009-09-11,29.31
2009-09-12,29.31
2009-09-13,29.31
2009-09-14,29.31
2009-09-15,29.31
2009-09-16,29.31
2009-09-17,29.31
2009-09-18,29.31
2009-09-19,29.31
2009-09-20,29.31
2009-09-21,29.31
2009-09-22,29.31
2009-09-23,29.31
2009-09-24,29.31
2009-09-25,29.31
2009-09-26,29.31
2009-09-27,29.31
2009-09-28,29.31
2009-09-29,29.31
2009-09-30,29.31
2009-10-01,29.42
2009-10-02,29.42
2009-10-03,29.42
2009-10-04,29.42
2009-10-05,29.42
2009-10-06,29.42
2009-10-07,29.42
2009-10-08,29.42
2009-10-09,29.42
2009-10-10,29.42
2009-10-11,29.42
2009-10-12,29.42
2009-10-13,29.42
2009-10-14,29.42
2009-10-15,29.42
2009-10-16,29.42
2009-10-17,29.42
2009-10-18,29.42
2009-10-19,29.42
2009-10-20,29.42
2009-10-21,29.42
2009-10-22,29.42
2009-10-23,29.42
2009-10-24,29.42
2009-10-25,29.42
2009-10-26,29.42
2009-10-27,29.42
2009-10-28,29.42
2009-10-29,29.42
2009-10-30,29.42
2009-10-31,29.42
2009-11-01,29.74
2009-11-02,29.74
2009-11-03,29.74
2009-11-04,29.74
2009-11-05,29.74
2009-11-06,29.74
2009-11-07,29.74
2009-11-08,29.74
2009-11-09,29.74
2009-11-10,29.74
2009-11-11,29.74
2009-11-12,29.74
2009-11-13,29.74
2009-11-14,29.74
2009-11-15,29.74
2009-11-16,29.74
2009-11-17,29.74
2009-11-18,29.74
2009-11-19,29.74
2009-11-20,29.74
2009-11-21,29.74
2009-11-22,29.74
2009-11-23,29.74
2009-11-24,29.74
2009-11-25,29.74
2009-11-26,29.74
2009-11-27,29.74
2009-11-28,29.74
2009-11-29,29.74
2009-11-30,29.74
2009-12-01,27.68
2009-12-02,27.68
2009-12-03,27.68
2009-12-04,27.68
2009-12-05,27.68
2009-12-06,27.68
2009-12-07,27.68
2009-12-08,27.68
2009-12-09,27.68
2009-12-10,27.68
2009-12-11,27.68
2009-12-12,27.68
2009-12-13,27.68
2009-12-14,27.68
2009-12-15,27.68
2009-12-16,27.68
2009-12-17,27.68
2009-12-18,27.68
2009-12-19,27.68
2009-12-20,27.68
2009-12-21,27.68
2009-12-22,27.68
2009-12-23,27.68
2009-12-24,27.68
2009-12-25,27.68
2009-12-26,27.68
2009-12-27,27.68
2009-12-28,27.68
2009-12-29,27.68
2009-12-30,27.68
2009-12-31,27.68
2010-01-01,25.98
2010-01-02,25.98
2010-01-03,25.98
2010-01-04,25.98
2010-01-05,25.98
2010-01-06,25.98
2010-01-07,25.98
2010-01-08,25.98
2010-01-09,25.98
2010-01-10,25.98
2010-01-11,25.98
2010-01-12,25.98
2010-01-13,25.98
2010-01-14,25.98
2010-01-15,25.98
2010-01-16,25.98
2010-01-17,25.98
2010-01-18,25.98
2010-01-19,25.98
2010-01-20,25.98
2010-01-21,25.98
2010-01-22,25.98
2010-01-23,25.98
2010-01-24,25.98
2010-01-25,25.98
2010-01-26,25.98
2010-01-27,25.98
2010-01-28,25.98
2010-01-29,25.98
2010-01-30,25.98
2010-01-31,25.98
2010-02-01,25.52
2010-02-02,25.52
2010-02-03,25.52
2010-02-04,25.52
2010-02-05,25.52
2010-02-06,25.52
2010-02-07,25.52
2010-02-08,25.52
2010-02-09,25.52
2010-02-10,25.52
2010-02-11,25.52
2010-02-12,25.52
2010-02-13,25.52
2010-02-14,25.52
2010-02-15,25.52
2010-02-16,25.52
2010-02-17,25.52
2010-02-18,25.52
2010-02-19,25.52
2010-02-20,25.52
2010-02-21,25.52
2010-02-22,25.52
2010-02-23,25.52
2010-02-24,25.52
2010-02-25,25.52
2010-02-26,25.52
2010-02-27,25.52
2010-02-28,25.52
2010-03-01,22.5
2010-03-02,22.5
2010-03-03,22.5
2010-03-04,22.5
2010-03-05,22.5
2010-03-06,22.5
2010-03-07,22.5
2010-03-08,22.5
2010-03-09,22.5
2010-03-10,22.5
2010-03-11,22.5
2010-03-12,22.5
2010-03-13,22.5
2010-03-14,22.5
2010-03-15,22.5
2010-03-16,22.5
2010-03-17,22.5
2010-03-18,22.5
2010-03-19,22.5
2010-03-20,22.5
2010-03-21,22.5
2010-03-22,22.5
2010-03-23,22.5
2010-03-24,22.5
2010-03-25,22.5
2010-03-26,22.5
2010-03-27,22.5
2010-03-28,22.5
2010-03-29,22.5
2010-03-30,22.5
2010-03-31,22.5
2010-04-01,21.48
2010-04-02,21.48
2010-04-03,21.48
2010-04-04,21.48
2010-04-05,21.48
2010-04-06,21.48
2010-04-07,21.48
2010-04-08,21.48
2010-04-09,21.48
2010-04-10,21.48
2010-04-11,21.48
2010-04-12,21.48
2010-04-13,21.48
2010-04-14,21.48
2010-04-15,21.48
2010-04-16,21.48
2010-04-17,21.48
2010-04-18,21.48
2010-04-19,21.48
2010-04-20,21.48
2010-04-21,21.48
2010-04-22,21.48
2010-04-23,21.48
2010-04-24,21.48
2010-04-25,21.48
2010-04-26,21.48
2010-04-27,21.48
2010-04-28,21.48
2010-04-29,21.48
2010-04-30,21.48
2010-05-01,21.0
2010-05-02,21.0
2010-05-03,21.0
2010-05-04,21.0
2010-05-05,21.0
2010-05-06,21.0
2010-05-07,21.0
2010-05-08,21.0
2010-05-09,21.0
2010-05-10,21.0
2010-05-11,21.0
2010-05-12,21.0
2010-05-13,21.0
2010-05-14,21.0
2010-05-15,21.0
2010-05-16,21.0
2010-05-17,21.0
2010-05-18,21.0
2010-05-19,21.0
2010-05-20,21.0
2010-05-21,21.0
2010-05-22,21.0
2010-05-23,21.0
2010-05-24,21.0
2010-05-25,21.0
2010-05-26,21.0
2010-05-27,21.0
2010-05-28,21.0
2010-05-29,21.0
2010-05-30,21.0
2010-05-31,21.0
2010-06-01,18.46
2010-06-02,18.46
2010-06-03,18.46
2010-06-04,18.46
2010-06-05,18.46
2010-06-06,18.46
2010-06-07,18.46
2010-06-08,18.46
2010-06-09,18.46
2010-06-10,18.46
2010-06-11,18.46
2010-06-12,18.46
2010-06-13,18.46
2010-06-14,18.46
2010-06-15,18.46
2010-06-16,18.46
2010-06-17,18.46
2010-06-18,18.46
2010-06-19,18.46
2010-06-20,18.46
2010-06-21,18.46
2010-06-22,18.46
2010-06-23,18.46
2010-06-24,18.46
2010-06-25,18.46
2010-06-26,18.46
2010-06-27,18.46
2010-06-28,18.46
2010-06-29,18.46
2010-06-30,18.46
2010-07-01,17.6
2010-07-02,17.6
2010-07-03,17.6
2010-07-04,17.6
2010-07-05,17.6
2010-07-06,17.6
2010-07-07,17.6
2010-07-08,17.6
2010-07-09,17.6
2010-07-10,17.6
2010-07-11,17.6
2010-07-12,17.6
2010-07-13,17.6
2010-07-14,17.6
2010-07-15,17.6
2010-07-16,17.6
2010-07-17,17.6
2010-07-18,17.6
2010-07-19,17.6
2010-07-20,17.6
2010-07-21,17.6
2010-07-22,17.6
2010-07-23,17.6
2010-07-24,17.6
2010-07-25,17.6
2010-07-26,17.6
2010-07-27,17.6
2010-07-28,17.6
2010-07-29,17.6
2010-07-30,17.6
2010-07-31,17.6
2010-08-01,19.2
2010-08-02,19.2
2010-08-03,19.2
2010-08-04,19.2
2010-08-05,19.2
2010-08-06,19.2
2010-08-07,19.2
2010-08-08,19.2
2010-08-09,19.2
2010-08-10,19.2
2010-08-11,19.2
2010-08-12,19.2
2010-08-13,19.2
2010-08-14,19.2
2010-08-15,19.2
2010-08-16,19.2
2010-08-17,19.2
2010-08-18,19.2
2010-08-19,19.2
2010-08-20,19.2
2010-08-21,19.2
2010-08-22,19.2
2010-08-23,19.2
2010-08-24,19.2
2010-08-25,19.2
2010-08-26,19.2
2010-08-27,19.2
2010-08-28,19.2
2010-08-29,19.2
2010-08-30,19.2
2010-08-31,19.2
2010-09-01,18.96
2010-09-02,18.96
2010-09-03,18.96
2010-09-04,18.96
2010-09-05,18.96
2010-09-06,18.96
2010-09-07,18.96
2010-09-08,18.96
2010-09-09,18.96
2010-09-10,18.96
2010-09-11,18.96
2010-09-12,18.96
2010-09-13,18.96
2010-09-14,18.96
2010-09-15,18.96
2010-09-16,18.96
2010-09-17,18.96
2010-09-18,18.96
2010-09-19,18.96
2010-09-20,18.96
2010-09-21,18.96
2010-09-22,18.96
2010-09-23,18.96
2010-09-24,18.96
2010-09-25,18.96
2010-09-26,18.96
2010-09-27,18.96
2010-09-28,18.96
2010-09-29,18.96
2010-09-30,18.96
2010-10-01,19.3
2010-10-02,19.3
2010-10-03,19.3
2010-10-04,19.3
2010-10-05,19.3
2010-10-06,19.3
2010-10-07,19.3
2010-10-08,19.3
2010-10-09,19.3
2010-10-10,19.3
2010-10-11,19.3
2010-10-12,19.3
2010-10-13,19.3
2010-10-14,19.3
2010-10-15,19.3
2010-10-16,19.3
2010-10-17,19.3
2010-10-18,19.3
2010-10-19,19.3
2010-10-20,19.3
2010-10-21,19.3
2010-10-22,19.3
2010-10-23,19.3
2010-10-24,19.3
2010-10-25,19.3
2010-10-26,19.3
2010-10-27,19.3
2010-10-28,19.3
2010-10-29,19.3
2010-10-30,19.3
2010-10-31,19.3
2010-11-01,19.5
2010-11-02,19.5
2010-11-03,19.5
2010-11-04,19.5
2010-11-05,19.5
2010-11-06,19.5
2010-11-07,19.5
2010-11-08,19.5
2010-11-09,19.5
2010-11-10,19.5
2010-11-11,19.5
2010-11-12,19.5
2010-11-13,19.5
2010-11-14,19.5
2010-11-15,19.5
2010-11-16,19.5
2010-11-17,19.5
2010-11-18,19.5
2010-11-19,19.5
2010-11-20,19.5
2010-11-21,19.5
2010-11-22,19.5
2010-11-23,19.5
2010-11-24,19.5
2010-11-25,19.5
2010-11-26,19.5
2010-11-27,19.5
2010-11-28,19.5
2010-11-29,19.5
2010-11-30,19.5
2010-12-01,19.72
2010-12-02,19.72
2010-12-03,19.72
2010-12-04,19.72
2010-12-05,19.72
2010-12-06,19.72
2010-12-07,19.72
2010-12-08,19.72
2010-12-09,19.72
2010-12-10,19.72
2010-12-11,19.72
2010-12-12,19.72
2010-12-13,19.72
2010-12-14,19.72
2010-12-15,19.72
2010-12-16,19.72
2010-12-17,19.72
2010-12-18,19.72
2010-12-19,19.72
2010-12-20,19.72
2010-12-21,19.72
2010-12-22,19.72
2010-12-23,19.72
2010-12-24,19.72
2010-12-25,19.72
2010-12-26,19.72
2010-12-27,19.72
2010-12-28,19.72
2010-12-29,19.72
2010-12-30,19.72
2010-12-31,19.72
2011-01-01,17.2
2011-01-02,17.2
2011-01-03,17.2
2011-01-04,17.2
2011-01-05,17.2
2011-01-06,17.2
2011-01-07,17.2
2011-01-08,17.2
2011-01-09,17.2
2011-01-10,17.2
2011-01-11,17.2
2011-01-12,17.2
2011-01-13,17.2
2011-01-14,17.2
2011-01-15,17.2
2011-01-16,17.2
2011-01-17,17.2
2011-01-18,17.2
2011-01-19,17.2
2011-01-20,17.2
2011-01-21,17.2
2011-01-22,17.2
2011-01-23,17.2
2011-01-24,17.2
2011-01-25,17.2
2011-01-26,17.2
2011-01-27,17.2
2011-01-28,17.2
2011-01-29,17.2
2011-01-30,17.2
2011-01-31,17.2
2011-02-01,15.7
2011-02-02,15.7
2011-02-03,15.7
2011-02-04,15.7
2011-02-05,15.7
2011-02-06,15.7
2011-02-07,15.7
2011-02-08,15.7
2011-02-09,15.7
2011-02-10,15.7
2011-02-11,15.7
2011-02-12,15.7
2011-02-13,15.7
2011-02-14,15.7
2011-02-15,15.7
2011-02-16,15.7
2011-02-17,15.7
2011-02-18,15.7
2011-02-19,15.7
2011-02-20,15.7
2011-02-21,15.7
2011-02-22,15.7
2011-02-23,15.7
2011-02-24,15.7
2011-02-25,15.7
2011-02-26,15.7
2011-02-27,15.7
2011-02-28,15.7
2011-03-01,16.6
2011-03-02,16.6
2011-03-03,16.6
2011-03-04,16.6
2011-03-05,16.6
2011-03-06,16.6
2011-03-07,16.6
2011-03-08,16.6
2011-03-09,16.6
2011-03-10,16.6
2011-03-11,16.6
2011-03-12,16.6
2011-03-13,16.6
2011-03-14,16.6
2011-03-15,16.6
2011-03-16,16.6
2011-03-17,16.6
2011-03-18,16.6
2011-03-19,16.6
2011-03-20,16.6
2011-03-21,16.6
2011-03-22,16.6
2011-03-23,16.6
2011-03-24,16.6
2011-03-25,16.6
2011-03-26,16.6
2011-03-27,16.6
2011-03-28,16.6
2011-03-29,16.6
2011-03-30,16.6
2011-03-31,16.6
2011-04-01,15.3
2011-04-02,15.3
2011-04-03,15.3
2011-04-04,15.3
2011-04-05,15.3
2011-04-06,15.3
2011-04-07,15.3
2011-04-08,15.3
2011-04-09,15.3
2011-04-10,15.3
2011-04-11,15.3
2011-04-12,15.3
2011-04-13,15.3
2011-04-14,15.3
2011-04-15,15.3
2011-04-16,15.3
2011-04-17,15.3
2011-04-18,15.3
2011-04-19,15.3
2011-04-20,15.3
2011-04-21,15.3
2011-04-22,15.3
2011-04-23,15.3
2011-04-24,15.3
2011-04-25,15.3
2011-04-26,15.3
2011-04-27,15.3
2011-04-28,15.3
2011-04-29,15.3
2011-04-30,15.3
2011-05-01,15.1
2011-05-02,15.1
2011-05-03,15.1
2011-05-04,15.1
2011-05-05,15.1
2011-05-06,15.1
2011-05-07,15.1
2011-05-08,15.1
2011-05-09,15.1
2011-05-10,15.1
2011-05-11,15.1
2011-05-12,15.1
2011-05-13,15.1
2011-05-14,15.1
2011-05-15,15.1
2011-05-16,15.1
2011-05-17,15.1
2011-05-18,15.1
2011-05-19,15.1
2011-05-20,15.1
2011-05-21,15.1
2011-05-22,15.1
2011-05-23,15.1
2011-05-24,15.1
2011-05-25,15.1
2011-05-26,15.1
2011-05-27,15.1
2011-05-28,15.1
2011-05-29,15.1
2011-05-30,15.1
2011-05-31,15.1
2011-06-01,15.9
2011-06-02,15.9
2011-06-03,15.9
2011-06-04,15.9
2011-06-05,15.9
2011-06-06,15.9
2011-06-07,15.9
2011-06-08,15.9
2011-06-09,15.9
2011-06-10,15.9
2011-06-11,15.9
2011-06-12,15.9
2011-06-13,15.9
2011-06-14,15.9
2011-06-15,15.9
2011-06-16,15.9
2011-06-17,15.9
2011-06-18,15.9
2011-06-19,15.9
2011-06-20,15.9
2011-06-21,15.9
2011-06-22,15.9
2011-06-23,15.9
2011-06-24,15.9
2011-06-25,15.9
2011-06-26,15.9
2011-06-27,15.9
2011-06-28,15.9
2011-06-29,15.9
2011-06-30,15.9
2011-07-01,14.7
2011-07-02,14.7
2011-07-03,14.7
2011-07-04,14.7
2011-07-05,14.7
2011-07-06,14.7
2011-07-07,14.7
2011-07-08,14.7
2011-07-09,14.7
2011-07-10,14.7
2011-07-11,14.7
2011-07-12,14.7
2011-07-13,14.7
2011-07-14,14.7
2011-07-15,14.7
2011-07-16,14.7
2011-07-17,14.7
2011-07-18,14.7
2011-07-19,14.7
2011-07-20,14.7
2011-07-21,14.7
2011-07-22,14.7
2011-07-23,14.7
2011-07-24,14.7
2011-07-25,14.7
2011-07-26,14.7
2011-07-27,14.7
2011-07-28,14.7
2011-07-29,14.7
2011-07-30,14.7
2011-07-31,14.7
2011-08-01,13.5
2011-08-02,13.5
2011-08-03,13.5
2011-08-04,13.5
2011-08-05,13.5
2011-08-06,13.5
2011-08-07,13.5
2011-08-08,13.5
2011-08-09,13.5
2011-08-10,13.5
2011-08-11,13.5
2011-08-12,13.5
2011-08-13,13.5
2011-08-14,13.5
2011-08-15,13.5
2011-08-16,13.5
2011-08-17,13.5
2011-08-18,13.5
2011-08-19,13.5
2011-08-20,13.5
2011-08-21,13.5
2011-08-22,13.5
2011-08-23,13.5
2011-08-24,13.5
2011-08-25,13.5
2011-08-26,13.5
2011-08-27,13.5
2011-08-28,13.5
2011-08-29,13.5
2011-08-30,13.5
2011-08-31,13.5
2011-09-01,13.0
2011-09-02,13.0
2011-09-03,13.0
2011-09-04,13.0
2011-09-05,13.0
2011-09-06,13.0
2011-09-07,13.0
2011-09-08,13.0
2011-09-09,13.0
2011-09-10,13.0
2011-09-11,13.0
2011-09-12,13.0
2011-09-13,13.0
2011-09-14,13.0
2011-09-15,13.0
2011-09-16,13.0
2011-09-17,13.0
2011-09-18,13.0
2011-09-19,13.0
2011-09-20,13.0
2011-09-21,13.0
2011-09-22,13.0
2011-09-23,13.0
2011-09-24,13.0
2011-09-25,13.0
2011-09-26,13.0
2011-09-27,13.0
2011-09-28,13.0
2011-09-29,13.0
2011-09-30,13.0
2011-10-01,12.9
2011-10-02,12.9
2011-10-03,12.9
2011-10-04,12.9
2011-10-05,12.9
2011-10-06,12.9
2011-10-07,12.9
2011-10-08,12.9
2011-10-09,12.9
2011-10-10,12.9
2011-10-11,12.9
2011-10-12,12.9
2011-10-13,12.9
2011-10-14,12.9
2011-10-15,12.9
2011-10-16,12.9
2011-10-17,12.9
2011-10-18,12.9
2011-10-19,12.9
2011-10-20,12.9
2011-10-21,12.9
2011-10-22,12.9
2011-10-23,12.9
2011-10-24,12.9
2011-10-25,12.9
2011-10-26,12.9
2011-10-27,12.9
2011-10-28,12.9
2011-10-29,12.9
2011-10-30,12.9
2011-10-31,12.9
2011-11-01,12.7
2011-11-02,12.7
2011-11-03,12.7
2011-11-04,12.7
2011-11-05,12.7
2011-11-06,12.7
2011-11-07,12.7
2011-11-08,12.7
2011-11-09,12.7
2011-11-10,12.7
2011-11-11,12.7
2011-11-12,12.7
2011-11-13,12.7
2011-11-14,12.7
2011-11-15,12.7
2011-11-16,12.7
2011-11-17,12.7
2011-11-18,12.7
2011-11-19,12.7
2011-11-20,12.7
2011-11-21,12.7
2011-11-22,12.7
2011-11-23,12.7
2011-11-24,12.7
2011-11-25,12.7
2011-11-26,12.7
2011-11-27,12.7
2011-11-28,12.7
2011-11-29,12.7
2011-11-30,12.7
2011-12-01,13.6
2011-12-02,13.6
2011-12-03,13.6
2011-12-04,13.6
2011-12-05,13.6
2011-12-06,13.6
2011-12-07,13.6
2011-12-08,13.6
2011-12-09,13.6
2011-12-10,13.6
2011-12-11,13.6
2011-12-12,13.6
2011-12-13,13.6
2011-12-14,13.6
2011-12-15,13.6
2011-12-16,13.6
2011-12-17,13.6
2011-12-18,13.6
2011-12-19,13.6
2011-12-20,13.6
2011-12-21,13.6
2011-12-22,13.6
2011-12-23,13.6
2011-12-24,13.6
2011-12-25,13.6
2011-12-26,13.6
2011-12-27,13.6
2011-12-28,13.6
2011-12-29,13.6
2011-12-30,13.6
2011-12-31,13.6
2012-01-01,12.4
2012-01-02,12.4
2012-01-03,12.4
2012-01-04,12.4
2012-01-05,12.4
2012-01-06,12.4
2012-01-07,12.4
2012-01-08,12.4
2012-01-09,12.4
2012-01-10,12.4
2012-01-11,12.4
2012-01-12,12.4
2012-01-13,12.4
2012-01-14,12.4
2012-01-15,12.4
2012-01-16,12.4
2012-01-17,12.4
2012-01-18,12.4
2012-01-19,12.4
2012-01-20,12.4
2012-01-21,12.4
2012-01-22,12.4
2012-01-23,12.4
2012-01-24,12.4
2012-01-25,12.4
2012-01-26,12.4
2012-01-27,12.4
2012-01-28,12.4
2012-01-29,12.4
2012-01-30,12.4
2012-01-31,12.4
2012-02-01,13.0
2012-02-02,13.0
2012-02-03,13.0
2012-02-04,13.0
2012-02-05,13.0
2012-02-06,13.0
2012-02-07,13.0
2012-02-08,13.0
2012-02-09,13.0
2012-02-10,13.0
2012-02-11,13.0
2012-02-12,13.0
2012-02-13,13.0
2012-02-14,13.0
2012-02-15,13.0
2012-02-16,13.0
2012-02-17,13.0
2012-02-18,13.0
2012-02-19,13.0
2012-02-20,13.0
2012-02-21,13.0
2012-02-22,13.0
2012-02-23,13.0
2012-02-24,13.0
2012-02-25,13.0
2012-02-26,13.0
2012-02-27,13.0
2012-02-28,13.0
2012-02-29,13.0
2012-03-01,13.4
2012-03-02,13.4
2012-03-03,13.4
2012-03-04,13.4
2012-03-05,13.4
2012-03-06,13.4
2012-03-07,13.4
2012-03-08,13.4
2012-03-09,13.4
2012-03-10,13.4
2012-03-11,13.4
2012-03-12,13.4
2012-03-13,13.4
2012-03-14,13.4
2012-03-15,13.4
2012-03-16,13.4
2012-03-17,13.4
2012-03-18,13.4
2012-03-19,13.4
2012-03-20,13.4
2012-03-21,13.4
2012-03-22,13.4
2012-03-23,13.4
2012-03-24,13.4
2012-03-25,13.4
2012-03-26,13.4
2012-03-27,13.4
2012-03-28,13.4
2012-03-29,13.4
2012-03-30,13.4
2012-03-31,13.4
2012-04-01,12.8
2012-04-02,12.8
2012-04-03,12.8
2012-04-04,12.8
2012-04-05,12.8
2012-04-06,12.8
2012-04-07,12.8
2012-04-08,12.8
2012-04-09,12.8
2012-04-10,12.8
2012-04-11,12.8
2012-04-12,12.8
2012-04-13,12.8
2012-04-14,12.8
2012-04-15,12.8
2012-04-16,12.8
2012-04-17,12.8
2012-04-18,12.8
2012-04-19,12.8
2012-04-20,12.8
2012-04-21,12.8
2012-04-22,12.8
2012-04-23,12.8
2012-04-24,12.8
2012-04-25,12.8
2012-04-26,12.8
2012-04-27,12.8
2012-04-28,12.8
2012-04-29,12.8
2012-04-30,12.8
2012-05-01,13.2
2012-05-02,13.2
2012-05-03,13.2
2012-05-04,13.2
2012-05-05,13.2
2012-05-06,13.2
2012-05-07,13.2
2012-05-08,13.2
2012-05-09,13.2
2012-05-10,13.2
2012-05-11,13.2
2012-05-12,13.2
2012-05-13,13.2
2012-05-14,13.2
2012-05-15,13.2
2012-05-16,13.2
2012-05-17,13.2
2012-05-18,13.2
2012-05-19,13.2
2012-05-20,13.2
2012-05-21,13.2
2012-05-22,13.2
2012-05-23,13.2
2012-05-24,13.2
2012-05-25,13.2
2012-05-26,13.2
2012-05-27,13.2
2012-05-28,13.2
2012-05-29,13.2
2012-05-30,13.2
2012-05-31,13.2
2012-06-01,13.6
2012-06-02,13.6
2012-06-03,13.6
2012-06-04,13.6
2012-06-05,13.6
2012-06-06,13.6
2012-06-07,13.6
2012-06-08,13.6
2012-06-09,13.6
2012-06-10,13.6
2012-06-11,13.6
2012-06-12,13.6
2012-06-13,13.6
2012-06-14,13.6
2012-06-15,13.6
2012-06-16,13.6
2012-06-17,13.6
2012-06-18,13.6
2012-06-19,13.6
2012-06-20,13.6
2012-06-21,13.6
2012-06-22,13.6
2012-06-23,13.6
2012-06-24,13.6
2012-06-25,13.6
2012-06-26,13.6
2012-06-27,13.6
2012-06-28,13.6
2012-06-29,13.6
2012-06-30,13.6
2012-07-01,13.9
2012-07-02,13.9
2012-07-03,13.9
2012-07-04,13.9
2012-07-05,13.9
2012-07-06,13.9
2012-07-07,13.9
2012-07-08,13.9
2012-07-09,13.9
2012-07-10,13.9
2012-07-11,13.9
2012-07-12,13.9
2012-07-13,13.9
2012-07-14,13.9
2012-07-15,13.9
2012-07-16,13.9
2012-07-17,13.9
2012-07-18,13.9
2012-07-19,13.9
2012-07-20,13.9
2012-07-21,13.9
2012-07-22,13.9
2012-07-23,13.9
2012-07-24,13.9
2012-07-25,13.9
2012-07-26,13.9
2012-07-27,13.9
2012-07-28,13.9
2012-07-29,13.9
2012-07-30,13.9
2012-07-31,13.9
2012-08-01,13.5
2012-08-02,13.5
2012-08-03,13.5
2012-08-04,13.5
2012-08-05,13.5
2012-08-06,13.5
2012-08-07,13.5
2012-08-08,13.5
2012-08-09,13.5
2012-08-10,13.5
2012-08-11,13.5
2012-08-12,13.5
2012-08-13,13.5
2012-08-14,13.5
2012-08-15,13.5
2012-08-16,13.5
2012-08-17,13.5
2012-08-18,13.5
2012-08-19,13.5
2012-08-20,13.5
2012-08-21,13.5
2012-08-22,13.5
2012-08-23,13.5
2012-08-24,13.5
2012-08-25,13.5
2012-08-26,13.5
2012-08-27,13.5
2012-08-28,13.5
2012-08-29,13.5
2012-08-30,13.5
2012-08-31,13.5
2012-09-01,14.8
2012-09-02,14.8
2012-09-03,14.8
2012-09-04,14.8
2012-09-05,14.8
2012-09-06,14.8
2012-09-07,14.8
2012-09-08,14.8
2012-09-09,14.8
2012-09-10,14.8
2012-09-11,14.8
2012-09-12,14.8
2012-09-13,14.8
2012-09-14,14.8
2012-09-15,14.8
2012-09-16,14.8
2012-09-17,14.8
2012-09-18,14.8
2012-09-19,14.8
2012-09-20,14.8
2012-09-21,14.8
2012-09-22,14.8
2012-09-23,14.8
2012-09-24,14.8
2012-09-25,14.8
2012-09-26,14.8
2012-09-27,14.8
2012-09-28,14.8
2012-09-29,14.8
2012-09-30,14.8
2012-10-01,14.1
2012-10-02,14.1
2012-10-03,14.1
2012-10-04,14.1
2012-10-05,14.1
2012-10-06,14.1
2012-10-07,14.1
2012-10-08,14.1
2012-10-09,14.1
2012-10-10,14.1
2012-10-11,14.1
2012-10-12,14.1
2012-10-13,14.1
2012-10-14,14.1
2012-10-15,14.1
2012-10-16,14.1
2012-10-17,14.1
2012-10-18,14.1
2012-10-19,14.1
2012-10-20,14.1
2012-10-21,14.1
2012-10-22,14.1
2012-10-23,14.1
2012-10-24,14.1
2012-10-25,14.1
2012-10-26,14.1
2012-10-27,14.1
2012-10-28,14.1
2012-10-29,14.1
2012-10-30,14.1
2012-10-31,14.1
2012-11-01,13.9
2012-11-02,13.9
2012-11-03,13.9
2012-11-04,13.9
2012-11-05,13.9
2012-11-06,13.9
2012-11-07,13.9
2012-11-08,13.9
2012-11-09,13.9
2012-11-10,13.9
2012-11-11,13.9
2012-11-12,13.9
2012-11-13,13.9
2012-11-14,13.9
2012-11-15,13.9
2012-11-16,13.9
2012-11-17,13.9
2012-11-18,13.9
2012-11-19,13.9
2012-11-20,13.9
2012-11-21,13.9
2012-11-22,13.9
2012-11-23,13.9
2012-11-24,13.9
2012-11-25,13.9
2012-11-26,13.9
2012-11-27,13.9
2012-11-28,13.9
2012-11-29,13.9
2012-11-30,13.9
2012-12-01,13.8
2012-12-02,13.8
2012-12-03,13.8
2012-12-04,13.8
2012-12-05,13.8
2012-12-06,13.8
2012-12-07,13.8
2012-12-08,13.8
2012-12-09,13.8
2012-12-10,13.8
2012-12-11,13.8
2012-12-12,13.8
2012-12-13,13.8
2012-12-14,13.8
2012-12-15,13.8
2012-12-16,13.8
2012-12-17,13.8
2012-12-18,13.8
2012-12-19,13.8
2012-12-20,13.8
2012-12-21,13.8
2012-12-22,13.8
2012-12-23,13.8
2012-12-24,13.8
2012-12-25,13.8
2012-12-26,13.8
2012-12-27,13.8
2012-12-28,13.8
2012-12-29,13.8
2012-12-30,13.8
2012-12-31,13.8
2013-01-01,15.9
2013-01-02,15.9
2013-01-03,15.9
2013-01-04,15.9
2013-01-05,15.9
2013-01-06,15.9
2013-01-07,15.9
2013-01-08,15.9
2013-01-09,15.9
2013-01-10,15.9
2013-01-11,15.9
2013-01-12,15.9
2013-01-13,15.9
2013-01-14,15.9
2013-01-15,15.9
2013-01-16,15.9
2013-01-17,15.9
2013-01-18,15.9
2013-01-19,15.9
2013-01-20,15.9
2013-01-21,15.9
2013-01-22,15.9
2013-01-23,15.9
2013-01-24,15.9
2013-01-25,15.9
2013-01-26,15.9
2013-01-27,15.9
2013-01-28,15.9
2013-01-29,15.9
2013-01-30,15.9
2013-01-31,15.9
2013-02-01,15.2
2013-02-02,15.2
2013-02-03,15.2
2013-02-04,15.2
2013-02-05,15.2
2013-02-06,15.2
2013-02-07,15.2
2013-02-08,15.2
2013-02-09,15.2
2013-02-10,15.2
2013-02-11,15.2
2013-02-12,15.2
2013-02-13,15.2
2013-02-14,15.2
2013-02-15,15.2
2013-02-16,15.2
2013-02-17,15.2
2013-02-18,15.2
2013-02-19,15.2
2013-02-20,15.2
2013-02-21,15.2
2013-02-22,15.2
2013-02-23,15.2
2013-02-24,15.2
2013-02-25,15.2
2013-02-26,15.2
2013-02-27,15.2
2013-02-28,15.2
2013-03-01,15.7
2013-03-02,15.7
2013-03-03,15.7
2013-03-04,15.7
2013-03-05,15.7
2013-03-06,15.7
2013-03-07,15.7
2013-03-08,15.7
2013-03-09,15.7
2013-03-10,15.7
2013-03-11,15.7
2013-03-12,15.7
2013-03-13,15.7
2013-03-14,15.7
2013-03-15,15.7
2013-03-16,15.7
2013-03-17,15.7
2013-03-18,15.7
2013-03-19,15.7
2013-03-20,15.7
2013-03-21,15.7
2013-03-22,15.7
2013-03-23,15.7
2013-03-24,15.7
2013-03-25,15.7
2013-03-26,15.7
2013-03-27,15.7
2013-03-28,15.7
2013-03-29,15.7
2013-03-30,15.7
2013-03-31,15.7
2013-04-01,16.1
2013-04-02,16.1
2013-04-03,16.1
2013-04-04,16.1
2013-04-05,16.1
2013-04-06,16.1
2013-04-07,16.1
2013-04-08,16.1
2013-04-09,16.1
2013-04-10,16.1
2013-04-11,16.1
2013-04-12,16.1
2013-04-13,16.1
2013-04-14,16.1
2013-04-15,16.1
2013-04-16,16.1
2013-04-17,16.1
2013-04-18,16.1
2013-04-19,16.1
2013-04-20,16.1
2013-04-21,16.1
2013-04-22,16.1
2013-04-23,16.1
2013-04-24,16.1
2013-04-25,16.1
2013-04-26,16.1
2013-04-27,16.1
2013-04-28,16.1
2013-04-29,16.1
2013-04-30,16.1
2013-05-01,15.8
2013-05-02,15.8
2013-05-03,15.8
2013-05-04,15.8
2013-05-05,15.8
2013-05-06,15.8
2013-05-07,15.8
2013-05-08,15.8
2013-05-09,15.8
2013-05-10,15.8
2013-05-11,15.8
2013-05-12,15.8
2013-05-13,15.8
2013-05-14,15.8
2013-05-15,15.8
2013-05-16,15.8
2013-05-17,15.8
2013-05-18,15.8
2013-05-19,15.8
2013-05-20,15.8
2013-05-21,15.8
2013-05-22,15.8
2013-05-23,15.8
2013-05-24,15.8
2013-05-25,15.8
2013-05-26,15.8
2013-05-27,15.8
2013-05-28,15.8
2013-05-29,15.8
2013-05-30,15.8
2013-05-31,15.8
2013-06-01,14.0
2013-06-02,14.0
2013-06-03,14.0
2013-06-04,14.0
2013-06-05,14.0
2013-06-06,14.0
2013-06-07,14.0
2013-06-08,14.0
2013-06-09,14.0
2013-06-10,14.0
2013-06-11,14.0
2013-06-12,14.0
2013-06-13,14.0
2013-06-14,14.0
2013-06-15,14.0
2013-06-16,14.0
2013-06-17,14.0
2013-06-18,14.0
2013-06-19,14.0
2013-06-20,14.0
2013-06-21,14.0
2013-06-22,14.0
2013-06-23,14.0
2013-06-24,14.0
2013-06-25,14.0
2013-06-26,14.0
2013-06-27,14.0
2013-06-28,14.0
2013-06-29,14.0
2013-06-30,14.0
2013-07-01,14.5
2013-07-02,14.5
2013-07-03,14.5
2013-07-04,14.5
2013-07-05,14.5
2013-07-06,14.5
2013-07-07,14.5
2013-07-08,14.5
2013-07-09,14.5
2013-07-10,14.5
2013-07-11,14.5
2013-07-12,14.5
2013-07-13,14.5
2013-07-14,14.5
2013-07-15,14.5
2013-07-16,14.5
2013-07-17,14.5
2013-07-18,14.5
2013-07-19,14.5
2013-07-20,14.5
2013-07-21,14.5
2013-07-22,14.5
2013-07-23,14.5
2013-07-24,14.5
2013-07-25,14.5
2013-07-26,14.5
2013-07-27,14.5
2013-07-28,14.5
2013-07-29,14.5
2013-07-30,14.5
2013-07-31,14.5
2013-08-01,14.7
2013-08-02,14.7
2013-08-03,14.7
2013-08-04,14.7
2013-08-05,14.7
2013-08-06,14.7
2013-08-07,14.7
2013-08-08,14.7
2013-08-09,14.7
2013-08-10,14.7
2013-08-11,14.7
2013-08-12,14.7
2013-08-13,14.7
2013-08-14,14.7
2013-08-15,14.7
2013-08-16,14.7
2013-08-17,14.7
2013-08-18,14.7
2013-08-19,14.7
2013-08-20,14.7
2013-08-21,14.7
2013-08-22,14.7
2013-08-23,14.7
2013-08-24,14.7
2013-08-25,14.7
2013-08-26,14.7
2013-08-27,14.7
2013-08-28,14.7
2013-08-29,14.7
2013-08-30,14.7
2013-08-31,14.7
2013-09-01,14.2
2013-09-02,14.2
2013-09-03,14.2
2013-09-04,14.2
2013-09-05,14.2
2013-09-06,14.2
2013-09-07,14.2
2013-09-08,14.2
2013-09-09,14.2
2013-09-10,14.2
2013-09-11,14.2
2013-09-12,14.2
2013-09-13,14.2
2013-09-14,14.2
2013-09-15,14.2
2013-09-16,14.2
2013-09-17,14.2
2013-09-18,14.2
2013-09-19,14.2
2013-09-20,14.2
2013-09-21,14.2
2013-09-22,14.2
2013-09-23,14.2
2013-09-24,14.2
2013-09-25,14.2
2013-09-26,14.2
2013-09-27,14.2
2013-09-28,14.2
2013-09-29,14.2
2013-09-30,14.2
2013-10-01,14.3
2013-10-02,14.3
2013-10-03,14.3
2013-10-04,14.3
2013-10-05,14.3
2013-10-06,14.3
2013-10-07,14.3
2013-10-08,14.3
2013-10-09,14.3
2013-10-10,14.3
2013-10-11,14.3
2013-10-12,14.3
2013-10-13,14.3
2013-10-14,14.3
2013-10-15,14.3
2013-10-16,14.3
2013-10-17,14.3
2013-10-18,14.3
2013-10-19,14.3
2013-10-20,14.3
2013-10-21,14.3
2013-10-22,14.3
2013-10-23,14.3
2013-10-24,14.3
2013-10-25,14.3
2013-10-26,14.3
2013-10-27,14.3
2013-10-28,14.3
2013-10-29,14.3
2013-10-30,14.3
2013-10-31,14.3
2013-11-01,14.2
2013-11-02,14.2
2013-11-03,14.2
2013-11-04,14.2
2013-11-05,14.2
2013-11-06,14.2
2013-11-07,14.2
2013-11-08,14.2
2013-11-09,14.2
2013-11-10,14.2
2013-11-11,14.2
2013-11-12,14.2
2013-11-13,14.2
2013-11-14,14.2
2013-11-15,14.2
2013-11-16,14.2
2013-11-17,14.2
2013-11-18,14.2
2013-11-19,14.2
2013-11-20,14.2
2013-11-21,14.2
2013-11-22,14.2
2013-11-23,14.2
2013-11-24,14.2
2013-11-25,14.2
2013-11-26,14.2
2013-11-27,14.2
2013-11-28,14.2
2013-11-29,14.2
2013-11-30,14.2
2013-12-01,13.6
2013-12-02,13.6
2013-12-03,13.6
2013-12-04,13.6
2013-12-05,13.6
2013-12-06,13.6
2013-12-07,13.6
2013-12-08,13.6
2013-12-09,13.6
2013-12-10,13.6
2013-12-11,13.6
2013-12-12,13.6
2013-12-13,13.6
2013-12-14,13.6
2013-12-15,13.6
2013-12-16,13.6
2013-12-17,13.6
2013-12-18,13.6
2013-12-19,13.6
2013-12-20,13.6
2013-12-21,13.6
2013-12-22,13.6
2013-12-23,13.6
2013-12-24,13.6
2013-12-25,13.6
2013-12-26,13.6
2013-12-27,13.6
2013-12-28,13.6
2013-12-29,13.6
2013-12-30,13.6
2013-12-31,13.6
2014-01-01,13.2
2014-01-02,13.2
2014-01-03,13.2
2014-01-04,13.2
2014-01-05,13.2
2014-01-06,13.2
2014-01-07,13.2
2014-01-08,13.2
2014-01-09,13.2
2014-01-10,13.2
2014-01-11,13.2
2014-01-12,13.2
2014-01-13,13.2
2014-01-14,13.2
2014-01-15,13.2
2014-01-16,13.2
2014-01-17,13.2
2014-01-18,13.2
2014-01-19,13.2
2014-01-20,13.2
2014-01-21,13.2
2014-01-22,13.2
2014-01-23,13.2
2014-01-24,13.2
2014-01-25,13.2
2014-01-26,13.2
2014-01-27,13.2
2014-01-28,13.2
2014-01-29,13.2
2014-01-30,13.2
2014-01-31,13.2
2014-02-01,13.3
2014-02-02,13.3
2014-02-03,13.3
2014-02-04,13.3
2014-02-05,13.3
2014-02-06,13.3
2014-02-07,13.3
2014-02-08,13.3
2014-02-09,13.3
2014-02-10,13.3
2014-02-11,13.3
2014-02-12,13.3
2014-02-13,13.3
2014-02-14,13.3
2014-02-15,13.3
2014-02-16,13.3
2014-02-17,13.3
2014-02-18,13.3
2014-02-19,13.3
2014-02-20,13.3
2014-02-21,13.3
2014-02-22,13.3
2014-02-23,13.3
2014-02-24,13.3
2014-02-25,13.3
2014-02-26,13.3
2014-02-27,13.3
2014-02-28,13.3
2014-03-01,12.1
2014-03-02,12.1
2014-03-03,12.1
2014-03-04,12.1
2014-03-05,12.1
2014-03-06,12.1
2014-03-07,12.1
2014-03-08,12.1
2014-03-09,12.1
2014-03-10,12.1
2014-03-11,12.1
2014-03-12,12.1
2014-03-13,12.1
2014-03-14,12.1
2014-03-15,12.1
2014-03-16,12.1
2014-03-17,12.1
2014-03-18,12.1
2014-03-19,12.1
2014-03-20,12.1
2014-03-21,12.1
2014-03-22,12.1
2014-03-23,12.1
2014-03-24,12.1
2014-03-25,12.1
2014-03-26,12.1
2014-03-27,12.1
2014-03-28,12.1
2014-03-29,12.1
2014-03-30,12.1
2014-03-31,12.1
2014-04-01,13.2
2014-04-02,13.2
2014-04-03,13.2
2014-04-04,13.2
2014-04-05,13.2
2014-04-06,13.2
2014-04-07,13.2
2014-04-08,13.2
2014-04-09,13.2
2014-04-10,13.2
2014-04-11,13.2
2014-04-12,13.2
2014-04-13,13.2
2014-04-14,13.2
2014-04-15,13.2
2014-04-16,13.2
2014-04-17,13.2
2014-04-18,13.2
2014-04-19,13.2
2014-04-20,13.2
2014-04-21,13.2
2014-04-22,13.2
2014-04-23,13.2
2014-04-24,13.2
2014-04-25,13.2
2014-04-26,13.2
2014-04-27,13.2
2014-04-28,13.2
2014-04-29,13.2
2014-04-30,13.2
2014-05-01,13.4
2014-05-02,13.4
2014-05-03,13.4
2014-05-04,13.4
2014-05-05,13.4
2014-05-06,13.4
2014-05-07,13.4
2014-05-08,13.4
2014-05-09,13.4
2014-05-10,13.4
2014-05-11,13.4
2014-05-12,13.4
2014-05-13,13.4
2014-05-14,13.4
2014-05-15,13.4
2014-05-16,13.4
2014-05-17,13.4
2014-05-18,13.4
2014-05-19,13.4
2014-05-20,13.4
2014-05-21,13.4
2014-05-22,13.4
2014-05-23,13.4
2014-05-24,13.4
2014-05-25,13.4
2014-05-26,13.4
2014-05-27,13.4
2014-05-28,13.4
2014-05-29,13.4
2014-05-30,13.4
2014-05-31,13.4
2014-06-01,14.7
2014-06-02,14.7
2014-06-03,14.7
2014-06-04,14.7
2014-06-05,14.7
2014-06-06,14.7
2014-06-07,14.7
2014-06-08,14.7
2014-06-09,14.7
2014-06-10,14.7
2014-06-11,14.7
2014-06-12,14.7
2014-06-13,14.7
2014-06-14,14.7
2014-06-15,14.7
2014-06-16,14.7
2014-06-17,14.7
2014-06-18,14.7
2014-06-19,14.7
2014-06-20,14.7
2014-06-21,14.7
2014-06-22,14.7
2014-06-23,14.7
2014-06-24,14.7
2014-06-25,14.7
2014-06-26,14.7
2014-06-27,14.7
2014-06-28,14.7
2014-06-29,14.7
2014-06-30,14.7
2014-07-01,13.5
2014-07-02,13.5
2014-07-03,13.5
2014-07-04,13.5
2014-07-05,13.5
2014-07-06,13.5
2014-07-07,13.5
2014-07-08,13.5
2014-07-09,13.5
2014-07-10,13.5
2014-07-11,13.5
2014-07-12,13.5
2014-07-13,13.5
2014-07-14,13.5
2014-07-15,13.5
2014-07-16,13.5
2014-07-17,13.5
2014-07-18,13.5
2014-07-19,13.5
2014-07-20,13.5
2014-07-21,13.5
2014-07-22,13.5
2014-07-23,13.5
2014-07-24,13.5
2014-07-25,13.5
2014-07-26,13.5
2014-07-27,13.5
2014-07-28,13.5
2014-07-29,13.5
2014-07-30,13.5
2014-07-31,13.5
2014-08-01,12.8
2014-08-02,12.8
2014-08-03,12.8
2014-08-04,12.8
2014-08-05,12.8
2014-08-06,12.8
2014-08-07,12.8
2014-08-08,12.8
2014-08-09,12.8
2014-08-10,12.8
2014-08-11,12.8
2014-08-12,12.8
2014-08-13,12.8
2014-08-14,12.8
2014-08-15,12.8
2014-08-16,12.8
2014-08-17,12.8
2014-08-18,12.8
2014-08-19,12.8
2014-08-20,12.8
2014-08-21,12.8
2014-08-22,12.8
2014-08-23,12.8
2014-08-24,12.8
2014-08-25,12.8
2014-08-26,12.8
2014-08-27,12.8
2014-08-28,12.8
2014-08-29,12.8
2014-08-30,12.8
2014-08-31,12.8
2014-09-01,12.9
2014-09-02,12.9
2014-09-03,12.9
2014-09-04,12.9
2014-09-05,12.9
2014-09-06,12.9
2014-09-07,12.9
2014-09-08,12.9
2014-09-09,12.9
2014-09-10,12.9
2014-09-11,12.9
2014-09-12,12.9
2014-09-13,12.9
2014-09-14,12.9
2014-09-15,12.9
2014-09-16,12.9
2014-09-17,12.9
2014-09-18,12.9
2014-09-19,12.9
2014-09-20,12.9
2014-09-21,12.9
2014-09-22,12.9
2014-09-23,12.9
2014-09-24,12.9
2014-09-25,12.9
2014-09-26,12.9
2014-09-27,12.9
2014-09-28,12.9
2014-09-29,12.9
2014-09-30,12.9
2014-10-01,12.6
2014-10-02,12.6
2014-10-03,12.6
2014-10-04,12.6
2014-10-05,12.6
2014-10-06,12.6
2014-10-07,12.6
2014-10-08,12.6
2014-10-09,12.6
2014-10-10,12.6
2014-10-11,12.6
2014-10-12,12.6
2014-10-13,12.6
2014-10-14,12.6
2014-10-15,12.6
2014-10-16,12.6
2014-10-17,12.6
2014-10-18,12.6
2014-10-19,12.6
2014-10-20,12.6
2014-10-21,12.6
2014-10-22,12.6
2014-10-23,12.6
2014-10-24,12.6
2014-10-25,12.6
2014-10-26,12.6
2014-10-27,12.6
2014-10-28,12.6
2014-10-29,12.6
2014-10-30,12.6
2014-10-31,12.6
2014-11-01,12.3
2014-11-02,12.3
2014-11-03,12.3
2014-11-04,12.3
2014-11-05,12.3
2014-11-06,12.3
2014-11-07,12.3
2014-11-08,12.3
2014-11-09,12.3
2014-11-10,12.3
2014-11-11,12.3
2014-11-12,12.3
2014-11-13,12.3
2014-11-14,12.3
2014-11-15,12.3
2014-11-16,12.3
2014-11-17,12.3
2014-11-18,12.3
2014-11-19,12.3
2014-11-20,12.3
2014-11-21,12.3
2014-11-22,12.3
2014-11-23,12.3
2014-11-24,12.3
2014-11-25,12.3
2014-11-26,12.3
2014-11-27,12.3
2014-11-28,12.3
2014-11-29,12.3
2014-11-30,12.3
2014-12-01,12.2
2014-12-02,12.2
2014-12-03,12.2
2014-12-04,12.2
2014-12-05,12.2
2014-12-06,12.2
2014-12-07,12.2
2014-12-08,12.2
2014-12-09,12.2
2014-12-10,12.2
2014-12-11,12.2
2014-12-12,12.2
2014-12-13,12.2
2014-12-14,12.2
2014-12-15,12.2
2014-12-16,12.2
2014-12-17,12.2
2014-12-18,12.2
2014-12-19,12.2
2014-12-20,12.2
2014-12-21,12.2
2014-12-22,12.2
2014-12-23,12.2
2014-12-24,12.2
2014-12-25,12.2
2014-12-26,12.2
2014-12-27,12.2
2014-12-28,12.2
2014-12-29,12.2
2014-12-30,12.2
2014-12-31,12.2
2015-01-01,10.8
2015-01-02,10.8
2015-01-03,10.8
2015-01-04,10.8
2015-01-05,10.8
2015-01-06,10.8
2015-01-07,10.8
2015-01-08,10.8
2015-01-09,10.8
2015-01-10,10.8
2015-01-11,10.8
2015-01-12,10.8
2015-01-13,10.8
2015-01-14,10.8
2015-01-15,10.8
2015-01-16,10.8
2015-01-17,10.8
2015-01-18,10.8
2015-01-19,10.8
2015-01-20,10.8
2015-01-21,10.8
2015-01-22,10.8
2015-01-23,10.8
2015-01-24,10.8
2015-01-25,10.8
2015-01-26,10.8
2015-01-27,10.8
2015-01-28,10.8
2015-01-29,10.8
2015-01-30,10.8
2015-01-31,10.8
2015-02-01,12.5
2015-02-02,12.5
2015-02-03,12.5
2015-02-04,12.5
2015-02-05,12.5
2015-02-06,12.5
2015-02-07,12.5
2015-02-08,12.5
2015-02-09,12.5
2015-02-10,12.5
2015-02-11,12.5
2015-02-12,12.5
2015-02-13,12.5
2015-02-14,12.5
2015-02-15,12.5
2015-02-16,12.5
2015-02-17,12.5
2015-02-18,12.5
2015-02-19,12.5
2015-02-20,12.5
2015-02-21,12.5
2015-02-22,12.5
2015-02-23,12.5
2015-02-24,12.5
2015-02-25,12.5
2015-02-26,12.5
2015-02-27,12.5
2015-02-28,12.5
2015-03-01,11.6
2015-03-02,11.6
2015-03-03,11.6
2015-03-04,11.6
2015-03-05,11.6
2015-03-06,11.6
2015-03-07,11.6
2015-03-08,11.6
2015-03-09,11.6
2015-03-10,11.6
2015-03-11,11.6
2015-03-12,11.6
2015-03-13,11.6
2015-03-14,11.6
2015-03-15,11.6
2015-03-16,11.6
2015-03-17,11.6
2015-03-18,11.6
2015-03-19,11.6
2015-03-20,11.6
2015-03-21,11.6
2015-03-22,11.6
2015-03-23,11.6
2015-03-24,11.6
2015-03-25,11.6
2015-03-26,11.6
2015-03-27,11.6
2015-03-28,11.6
2015-03-29,11.6
2015-03-30,11.6
2015-03-31,11.6
2015-04-01,10.1
2015-04-02,10.1
2015-04-03,10.1
2015-04-04,10.1
2015-04-05,10.1
2015-04-06,10.1
2015-04-07,10.1
2015-04-08,10.1
2015-04-09,10.1
2015-04-10,10.1
2015-04-11,10.1
2015-04-12,10.1
2015-04-13,10.1
2015-04-14,10.1
2015-04-15,10.1
2015-04-16,10.1
2015-04-17,10.1
2015-04-18,10.1
2015-04-19,10.1
2015-04-20,10.1
2015-04-21,10.1
2015-04-22,10.1
2015-04-23,10.1
2015-04-24,10.1
2015-04-25,10.1
2015-04-26,10.1
2015-04-27,10.1
2015-04-28,10.1
2015-04-29,10.1
2015-04-30,10.1
2015-05-01,10.8
2015-05-02,10.8
2015-05-03,10.8
2015-05-04,10.8
2015-05-05,10.8
2015-05-06,10.8
2015-05-07,10.8
2015-05-08,10.8
2015-05-09,10.8
2015-05-10,10.8
2015-05-11,10.8
2015-05-12,10.8
2015-05-13,10.8
2015-05-14,10.8
2015-05-15,10.8
2015-05-16,10.8
2015-05-17,10.8
2015-05-18,10.8
2015-05-19,10.8
2015-05-20,10.8
2015-05-21,10.8
2015-05-22,10.8
2015-05-23,10.8
2015-05-24,10.8
2015-05-25,10.8
2015-05-26,10.8
2015-05-27,10.8
2015-05-28,10.8
2015-05-29,10.8
2015-05-30,10.8
2015-05-31,10.8
2015-06-01,11.8
2015-06-02,11.8
2015-06-03,11.8
2015-06-04,11.8
2015-06-05,11.8
2015-06-06,11.8
2015-06-07,11.8
2015-06-08,11.8
2015-06-09,11.8
2015-06-10,11.8
2015-06-11,11.8
2015-06-12,11.8
2015-06-13,11.8
2015-06-14,11.8
2015-06-15,11.8
2015-06-16,11.8
2015-06-17,11.8
2015-06-18,11.8
2015-06-19,11.8
2015-06-20,11.8
2015-06-21,11.8
2015-06-22,11.8
2015-06-23,11.8
2015-06-24,11.8
2015-06-25,11.8
2015-06-26,11.8
2015-06-27,11.8
2015-06-28,11.8
2015-06-29,11.8
2015-06-30,11.8
2015-07-01,13.3
2015-07-02,13.3
2015-07-03,13.3
2015-07-04,13.3
2015-07-05,13.3
2015-07-06,13.3
2015-07-07,13.3
2015-07-08,13.3
2015-07-09,13.3
2015-07-10,13.3
2015-07-11,13.3
2015-07-12,13.3
2015-07-13,13.3
2015-07-14,13.3
2015-07-15,13.3
2015-07-16,13.3
2015-07-17,13.3
2015-07-18,13.3
2015-07-19,13.3
2015-07-20,13.3
2015-07-21,13.3
2015-07-22,13.3
2015-07-23,13.3
2015-07-24,13.3
2015-07-25,13.3
2015-07-26,13.3
2015-07-27,13.3
2015-07-28,13.3
2015-07-29,13.3
2015-07-30,13.3
2015-07-31,13.3
2015-08-01,13.3
2015-08-02,13.3
2015-08-03,13.3
2015-08-04,13.3
2015-08-05,13.3
2015-08-06,13.3
2015-08-07,13.3
2015-08-08,13.3
2015-08-09,13.3
2015-08-10,13.3
2015-08-11,13.3
2015-08-12,13.3
2015-08-13,13.3
2015-08-14,13.3
2015-08-15,13.3
2015-08-16,13.3
2015-08-17,13.3
2015-08-18,13.3
2015-08-19,13.3
2015-08-20,13.3
2015-08-21,13.3
2015-08-22,13.3
2015-08-23,13.3
2015-08-24,13.3
2015-08-25,13.3
2015-08-26,13.3
2015-08-27,13.3
2015-08-28,13.3
2015-08-29,13.3
2015-08-30,13.3
2015-08-31,13.3
2015-09-01,13.1
2015-09-02,13.1
2015-09-03,13.1
2015-09-04,13.1
2015-09-05,13.1
2015-09-06,13.1
2015-09-07,13.1
2015-09-08,13.1
2015-09-09,13.1
2015-09-10,13.1
2015-09-11,13.1
2015-09-12,13.1
2015-09-13,13.1
2015-09-14,13.1
2015-09-15,13.1
2015-09-16,13.1
2015-09-17,13.1
2015-09-18,13.1
2015-09-19,13.1
2015-09-20,13.1
2015-09-21,13.1
2015-09-22,13.1
2015-09-23,13.1
2015-09-24,13.1
2015-09-25,13.1
2015-09-26,13.1
2015-09-27,13.1
2015-09-28,13.1
2015-09-29,13.1
2015-09-30,13.1
2015-10-01,13.5
2015-10-02,13.5
2015-10-03,13.5
2015-10-04,13.5
2015-10-05,13.5
2015-10-06,13.5
2015-10-07,13.5
2015-10-08,13.5
2015-10-09,13.5
2015-10-10,13.5
2015-10-11,13.5
2015-10-12,13.5
2015-10-13,13.5
2015-10-14,13.5
2015-10-15,13.5
2015-10-16,13.5
2015-10-17,13.5
2015-10-18,13.5
2015-10-19,13.5
2015-10-20,13.5
2015-10-21,13.5
2015-10-22,13.5
2015-10-23,13.5
2015-10-24,13.5
2015-10-25,13.5
2015-10-26,13.5
2015-10-27,13.5
2015-10-28,13.5
2015-10-29,13.5
2015-10-30,13.5
2015-10-31,13.5
2015-11-01,13.7
2015-11-02,13.7
2015-11-03,13.7
2015-11-04,13.7
2015-11-05,13.7
2015-11-06,13.7
2015-11-07,13.7
2015-11-08,13.7
2015-11-09,13.7
2015-11-10,13.7
2015-11-11,13.7
2015-11-12,13.7
2015-11-13,13.7
2015-11-14,13.7
2015-11-15,13.7
2015-11-16,13.7
2015-11-17,13.7
2015-11-18,13.7
2015-11-19,13.7
2015-11-20,13.7
2015-11-21,13.7
2015-11-22,13.7
2015-11-23,13.7
2015-11-24,13.7
2015-11-25,13.7
2015-11-26,13.7
2015-11-27,13.7
2015-11-28,13.7
2015-11-29,13.7
2015-11-30,13.7
2015-12-01,13.3
2015-12-02,13.3
2015-12-03,13.3
2015-12-04,13.3
2015-12-05,13.3
2015-12-06,13.3
2015-12-07,13.3
2015-12-08,13.3
2015-12-09,13.3
2015-12-10,13.3
2015-12-11,13.3
2015-12-12,13.3
2015-12-13,13.3
2015-12-14,13.3
2015-12-15,13.3
2015-12-16,13.3
2015-12-17,13.3
2015-12-18,13.3
2015-12-19,13.3
2015-12-20,13.3
2015-12-21,13.3
2015-12-22,13.3
2015-12-23,13.3
2015-12-24,13.3
2015-12-25,13.3
2015-12-26,13.3
2015-12-27,13.3
2015-12-28,13.3
2015-12-29,13.3
2015-12-30,13.3
2015-12-31,13.3
2016-01-01,14.0
2016-01-02,14.0
2016-01-03,14.0
2016-01-04,14.0
2016-01-05,14.0
2016-01-06,14.0
2016-01-07,14.0
2016-01-08,14.0
2016-01-09,14.0
2016-01-10,14.0
2016-01-11,14.0
2016-01-12,14.0
2016-01-13,14.0
2016-01-14,14.0
2016-01-15,14.0
2016-01-16,14.0
2016-01-17,14.0
2016-01-18,14.0
2016-01-19,14.0
2016-01-20,14.0
2016-01-21,14.0
2016-01-22,14.0
2016-01-23,14.0
2016-01-24,14.0
2016-01-25,14.0
2016-01-26,14.0
2016-01-27,14.0
2016-01-28,14.0
2016-01-29,14.0
2016-01-30,14.0
2016-01-31,14.0
2016-02-01,13.3
2016-02-02,13.3
2016-02-03,13.3
2016-02-04,13.3
2016-02-05,13.3
2016-02-06,13.3
2016-02-07,13.3
2016-02-08,13.3
2016-02-09,13.3
2016-02-10,13.3
2016-02-11,13.3
2016-02-12,13.3
2016-02-13,13.3
2016-02-14,13.3
2016-02-15,13.3
2016-02-16,13.3
2016-02-17,13.3
2016-02-18,13.3
2016-02-19,13.3
2016-02-20,13.3
2016-02-21,13.3
2016-02-22,13.3
2016-02-23,13.3
2016-02-24,13.3
2016-02-25,13.3
2016-02-26,13.3
2016-02-27,13.3
2016-02-28,13.3
2016-02-29,13.3
2016-03-01,13.4
2016-03-02,13.4
2016-03-03,13.4
2016-03-04,13.4
2016-03-05,13.4
2016-03-06,13.4
2016-03-07,13.4
2016-03-08,13.4
2016-03-09,13.4
2016-03-10,13.4
2016-03-11,13.4
2016-03-12,13.4
2016-03-13,13.4
2016-03-14,13.4
2016-03-15,13.4
2016-03-16,13.4
2016-03-17,13.4
2016-03-18,13.4
2016-03-19,13.4
2016-03-20,13.4
2016-03-21,13.4
2016-03-22,13.4
2016-03-23,13.4
2016-03-24,13.4
2016-03-25,13.4
2016-03-26,13.4
2016-03-27,13.4
2016-03-28,13.4
2016-03-29,13.4
2016-03-30,13.4
2016-03-31,13.4
2016-04-01,13.4
2016-04-02,13.4
2016-04-03,13.4
2016-04-04,13.4
2016-04-05,13.4
2016-04-06,13.4
2016-04-07,13.4
2016-04-08,13.4
2016-04-09,13.4
2016-04-10,13.4
2016-04-11,13.4
2016-04-12,13.4
2016-04-13,13.4
2016-04-14,13.4
2016-04-15,13.4
2016-04-16,13.4
2016-04-17,13.4
2016-04-18,13.4
2016-04-19,13.4
2016-04-20,13.4
2016-04-21,13.4
2016-04-22,13.4
2016-04-23,13.4
2016-04-24,13.4
2016-04-25,13.4
2016-04-26,13.4
2016-04-27,13.4
2016-04-28,13.4
2016-04-29,13.4
2016-04-30,13.4
2016-05-01,13.4
2016-05-02,13.4
2016-05-03,13.4
2016-05-04,13.4
2016-05-05,13.4
2016-05-06,13.4
2016-05-07,13.4
2016-05-08,13.4
2016-05-09,13.4
2016-05-10,13.4
2016-05-11,13.4
2016-05-12,13.4
2016-05-13,13.4
2016-05-14,13.4
2016-05-15,13.4
2016-05-16,13.4
2016-05-17,13.4
2016-05-18,13.4
2016-05-19,13.4
2016-05-20,13.4
2016-05-21,13.4
2016-05-22,13.4
2016-05-23,13.4
2016-05-24,13.4
2016-05-25,13.4
2016-05-26,13.4
2016-05-27,13.4
2016-05-28,13.4
2016-05-29,13.4
2016-05-30,13.4
2016-05-31,13.4
2016-06-01,13.4
2016-06-02,13.4
2016-06-03,13.4
2016-06-04,13.4
2016-06-05,13.4
2016-06-06,13.4
2016-06-07,13.4
2016-06-08,13.4
2016-06-09,13.4
2016-06-10,13.4
2016-06-11,13.4
2016-06-12,13.4
2016-06-13,13.4
2016-06-14,13.4
2016-06-15,13.4
2016-06-16,13.4
2016-06-17,13.4
2016-06-18,13.4
2016-06-19,13.4
2016-06-20,13.4
2016-06-21,13.4
2016-06-22,13.4
2016-06-23,13.4
2016-06-24,13.4
2016-06-25,13.4
2016-06-26,13.4
2016-06-27,13.4
2016-06-28,13.4
2016-06-29,13.4
2016-06-30,13.4
2016-07-01,13.4
2016-07-02,13.4
2016-07-03,13.4
2016-07-04,13.4
2016-07-05,13.4
2016-07-06,13.4
2016-07-07,13.4
2016-07-08,13.4
2016-07-09,13.4
2016-07-10,13.4
2016-07-11,13.4
2016-07-12,13.4
2016-07-13,13.4
2016-07-14,13.4
2016-07-15,13.4
2016-07-16,13.4
2016-07-17,13.4
2016-07-18,13.4
2016-07-19,13.4
2016-07-20,13.4
2016-07-21,13.4
2016-07-22,13.4
2016-07-23,13.4
2016-07-24,13.4
2016-07-25,13.4
2016-07-26,13.4
2016-07-27,13.4
2016-07-28,13.4
2016-07-29,13.4
2016-07-30,13.4
2016-07-31,13.4
2016-08-01,13.4
2016-08-02,13.4
2016-08-03,13.4
2016-08-04,13.4
2016-08-05,13.4
2016-08-06,13.4
2016-08-07,13.4
2016-08-08,13.4
2016-08-09,13.4
2016-08-10,13.4
2016-08-11,13.4
2016-08-12,13.4
2016-08-13,13.4
2016-08-14,13.4
2016-08-15,13.4
2016-08-16,13.4
2016-08-17,13.4
2016-08-18,13.4
2016-08-19,13.4
2016-08-20,13.4
2016-08-21,13.4
2016-08-22,13.4
2016-08-23,13.4
2016-08-24,13.4
2016-08-25,13.4
2016-08-26,13.4
2016-08-27,13.4
2016-08-28,13.4
2016-08-29,13.4
2016-08-30,13.4
2016-08-31,13.4
2016-09-01,13.4
2016-09-02,13.4
2016-09-03,13.4
2016-09-04,13.4
2016-09-05,13.4
2016-09-06,13.4
2016-09-07,13.4
2016-09-08,13.4
2016-09-09,13.4
2016-09-10,13.4
2016-09-11,13.4
2016-09-12,13.4
2016-09-13,13.4
2016-09-14,13.4
2016-09-15,13.4
2016-09-16,13.4
2016-09-17,13.4
2016-09-18,13.4
2016-09-19,13.4
2016-09-20,13.4
2016-09-21,13.4
2016-09-22,13.4
2016-09-23,13.4
2016-09-24,13.4
2016-09-25,13.4
2016-09-26,13.4
2016-09-27,13.4
2016-09-28,13.4
2016-09-29,13.4
2016-09-30,13.4
2016-10-01,13.4
2016-10-02,13.4
2016-10-03,13.4
2016-10-04,13.4
2016-10-05,13.4
2016-10-06,13.4
2016-10-07,13.4
2016-10-08,13.4
2016-10-09,13.4
2016-10-10,13.4
2016-10-11,13.4
2016-10-12,13.4
2016-10-13,13.4
2016-10-14,13.4
2016-10-15,13.4
2016-10-16,13.4
2016-10-17,13.4
2016-10-18,13.4
2016-10-19,13.4
2016-10-20,13.4
2016-10-21,13.4
2016-10-22,13.4
2016-10-23,13.4
2016-10-24,13.4
2016-10-25,13.4
2016-10-26,13.4
2016-10-27,13.4
2016-10-28,13.4
2016-10-29,13.4
2016-10-30,13.4
2016-10-31,13.4
2016-11-01,13.4
2016-11-02,13.4
2016-11-03,13.4
2016-11-04,13.4
2016-11-05,13.4
2016-11-06,13.4
2016-11-07,13.4
2016-11-08,13.4
2016-11-09,13.4
2016-11-10,13.4
2016-11-11,13.4
2016-11-12,13.4
2016-11-13,13.4
2016-11-14,13.4
2016-11-15,13.4
2016-11-16,13.4
2016-11-17,13.4
2016-11-18,13.4
2016-11-19,13.4
2016-11-20,13.4
2016-11-21,13.4
2016-11-22,13.4
2016-11-23,13.4
2016-11-24,13.4
2016-11-25,13.4
2016-11-26,13.4
2016-11-27,13.4
2016-11-28,13.4
2016-11-29,13.4
2016-11-30,13.4
2016-12-01,13.4
2016-12-02,13.4
2016-12-03,13.4
2016-12-04,13.4
2016-12-05,13.4
2016-12-06,13.4
2016-12-07,13.4
2016-12-08,13.4
2016-12-09,13.4
2016-12-10,13.4
2016-12-11,13.4
2016-12-12,13.4
2016-12-13,13.4
2016-12-14,13.4
2016-12-15,13.4
2016-12-16,13.4
2016-12-17,13.4
2016-12-18,13.4
2016-12-19,13.4
2016-12-20,13.4
2016-12-21,13.4
2016-12-22,13.4
2016-12-23,13.4
2016-12-24,13.4
2016-12-25,13.4
2016-12-26,13.4
2016-12-27,13.4
2016-12-28,13.4
2016-12-29,13.4
2016-12-30,13.4
2016-12-31,13.4
