Date,Open Interest,Producer/Merchant/Processor/User Longs,Producer/Merchant/Processor/User Shorts,Swap Dealer Longs,Swap Dealer Shorts,Swap Dealer Spreads,Money Manager Longs,Money Manager Shorts,Money Manager Spreads,Other Reportable Longs,Other Reportable Shorts,Other Reportable Spreads,Total Reportable Longs,Total Reportable Shorts,Non Reportable Longs,Non Reportable Shorts
2006/6/13,382474,42587,128892,19370,66611,22998,103211,30916,46704,33230,10656,58412,326513,365190,55961,17284
2006/6/20,390281,47440,126992,22404,64682,25806,94632,30963,48730,32947,11142,64458,336417,372774,53864,17507
2006/6/27,384321,48449,121890,22425,62640,25151,91042,32287,49614,31307,11386,59762,327749,362729,56572,21592
2006/7/3,392868,48087,122568,22720,69714,26352,92545,30452,50821,32874,8677,63514,336914,372098,55955,20771
2006/7/11,427008,54509,130618,21840,79217,28805,104213,27624,54922,33165,11194,70944,368398,403323,58611,23685
2006/7/18,443519,49863,131166,21681,83183,33352,107413,24296,62395,31760,9442,74272,380737,418105,62782,25414
2006/7/25,432413,52859,133290,22956,85604,28832,99087,22386,64810,29740,6244,73980,372265,415146,60148,17266
2006/8/1,394609,45161,135988,21250,73244,23643,99330,24391,54618,32195,4758,57618,333815,374260,60795,20350
2006/8/8,402899,46203,142240,20703,72061,24259,104600,24271,57785,33123,6489,57914,344587,385020,58312,17880
2006/8/15,402702,46986,139790,20326,66040,25523,96966,24602,58658,33047,5839,56914,338420,377366,64282,25336
2006/8/22,393425,48070,138621,22442,62922,25295,90079,25742,58669,36185,6335,56284,337023,373867,56402,19558
2006/8/29,390836,51201,136807,27971,59944,25652,83122,31194,57680,37506,5376,53976,337108,370628,53728,20207
2006/9/5,420442,54238,144515,23579,67114,27645,90955,27781,60112,38744,5960,62520,357793,395647,62650,24795
2006/9/12,403755,53732,133417,33464,59988,25866,78251,31200,58265,35724,6633,64278,349580,379647,54175,24108
2006/9/19,430959,61312,135599,36876,59838,28306,71695,29518,70623,34606,7391,73555,376974,404831,53985,26128
2006/9/26,406994,63370,131160,33963,59958,23567,70524,32558,63699,32245,3913,63880,351248,378736,55746,28258
2006/10/3,413818,66104,131341,35907,60203,19725,67587,33259,67668,34112,4380,66805,357908,383381,55910,30437
2006/10/10,430807,72256,133538,38669,56417,25338,63659,38639,72050,35107,4364,74687,381766,405032,49041,25775
2006/10/17,426984,71558,131844,33807,56992,27172,67141,40387,70706,35555,4015,72860,378799,403975,48185,23009
2006/10/24,430766,75101,131931,29711,53996,29765,56144,40439,69581,42341,4550,78453,381095,408715,49671,22051
2006/10/31,427979,67289,129457,28865,59193,30754,62544,36234,62908,38742,3509,80435,371538,402491,56441,25488
2006/11/7,455640,69676,146344,24643,64715,33594,79413,30100,62223,36424,6370,87798,393772,431144,61868,24496
2006/11/14,476072,75827,158575,23369,66754,37660,81805,27808,64657,40068,6318,90355,413741,452128,62331,23944
2006/11/21,474432,71887,153358,24292,64583,39832,79463,27921,66093,37885,6093,92937,412390,450816,62042,23616
2006/11/28,423676,62564,141730,22103,66127,25387,77611,29840,64350,41021,7103,66750,359787,401287,63889,22389
2006/12/5,415169,56787,138379,22467,66259,26273,83017,28109,60357,37523,7141,66564,352989,393082,62181,22088
2006/12/12,411990,56527,138696,27470,64889,26131,80167,28486,63196,37573,7306,64414,355477,393118,56513,18872
2006/12/19,416337,62701,137892,32664,61671,27451,69911,29269,68727,36613,7969,64077,362145,397056,54193,19281
2006/12/26,415984,62269,139328,33014,62964,26511,71209,32791,67978,37763,7877,62509,361253,399958,54732,16027
2007/1/3,434040,59523,142026,31482,65185,25567,79570,31903,73234,39645,9061,66008,375030,412985,59010,21055
2007/1/9,426897,61731,126344,37098,56369,30865,66123,40894,75334,35992,8708,64933,372076,403448,54821,23449
2007/1/16,421266,63169,129454,30226,61019,32054,69652,34377,72429,38574,9086,62049,368154,400469,53111,20797
2007/1/23,457878,68321,148973,26441,73518,32854,89090,29885,76059,41420,10603,62889,397073,434780,60805,23098
2007/1/30,426462,55258,148386,26517,77936,23460,102396,29413,70219,42746,9567,50660,371256,409642,55206,16820
2007/2/6,449381,53021,158799,26714,78368,29153,111899,27788,74039,41638,9683,54650,391113,432479,58267,16901
2007/2/13,482168,55706,171493,25859,87371,30120,124329,25039,78738,43595,10570,59944,418291,463275,63877,18893
2007/2/20,494298,55735,175612,27507,87292,34982,124341,26184,82412,44786,5190,61071,430835,472744,63463,21553
2007/2/27,533271,63467,191610,26700,92566,37914,139549,23707,89258,41524,9002,71218,469630,515275,63641,17996
2007/3/6,487871,67506,166752,33223,79172,38551,90785,22161,83650,42914,5723,67609,424240,463619,63632,24252
2007/3/13,494886,73613,169949,33638,76957,44751,86558,18569,88309,40182,6682,67014,434066,472232,60820,22654
2007/3/20,467591,64307,159361,35305,78028,40505,84751,18921,74498,38492,6968,67953,405811,446234,61780,21357
2007/3/27,437206,57504,154666,32372,82112,31186,88578,19742,67573,37323,6142,55290,369825,416710,67380,20496
2007/4/3,430640,62112,149146,31909,83086,27230,92989,23202,70297,38242,9120,49940,372719,412020,57921,18620
2007/4/10,463667,60893,166798,30740,87186,30795,108209,23313,71328,42436,9191,54566,398967,443177,64701,20490
2007/4/17,484425,57646,174533,30180,98098,30289,126468,18917,71520,44557,10182,58508,419169,462048,65256,22377
2007/4/24,504386,59749,181812,33311,94056,32754,125890,21709,80751,43591,6918,60763,436810,478763,67577,25623
2007/5/1,482965,57725,182217,37018,89605,28122,124836,19889,79369,40660,8057,52896,420628,460155,62337,22810
2007/5/8,505498,62808,189635,34764,93103,32300,131327,16251,83809,39133,9194,56229,440371,480521,65127,24977
2007/5/15,495194,66863,168874,37964,95003,32609,108506,20297,90608,42289,8471,53614,432453,469476,62742,25718
2007/5/22,503146,73853,164317,44438,90054,26720,95343,27385,100656,47005,10594,52203,440218,471928,62928,31219
2007/5/29,485884,82272,163045,46864,88469,18271,91443,29139,99279,43179,9283,41228,422537,448713,63347,37170
2007/6/5,451514,64162,156770,44382,95397,18877,101396,25188,87744,42242,6530,41331,400134,431836,51380,19678
2007/6/12,481714,84254,150422,51723,86062,23152,79076,39126,105462,44274,8830,44250,432191,457304,49523,24410
2007/6/19,481432,83004,149727,47510,95032,21873,78843,31482,110262,44491,8507,43726,429709,460609,51723,20823
2007/6/26,477171,84402,143489,52049,76836,25120,69708,48214,107912,46816,7880,43234,429241,452685,47929,24486
2007/7/3,445464,70061,136688,48544,74358,23917,68208,36039,100074,39725,7750,44768,395297,423594,50167,21870
2007/7/10,460710,71637,143092,45292,80356,25414,71915,34289,102819,40564,5985,45554,403195,437509,57515,23201
2007/7/17,458921,67324,142865,40923,79874,30946,72527,28782,98268,41246,6302,47252,398485,434289,60436,24632
2007/7/24,490884,60863,158866,29235,100613,32951,115624,17340,96703,39545,10444,53106,428027,470023,62857,20861
2007/7/31,425305,61552,138356,35442,76052,28036,77884,20906,88170,36541,10782,44615,372241,406918,53064,18387
2007/8/7,429149,57648,136314,34549,83339,27179,86561,20623,86767,37917,11213,45403,376025,410839,53123,18309
2007/8/14,428617,57938,141354,32804,82688,28854,79860,11683,86862,40721,10881,47753,374792,410075,53825,18542
2007/8/21,418657,66989,129005,36508,70155,31838,66002,22190,82230,35112,9499,51172,369850,396088,48806,22568
2007/8/28,407664,63998,135637,34051,67970,30942,68510,15331,79324,36699,9028,47485,361009,385717,46655,21948
2007/9/4,432389,56352,145069,27118,75492,33372,91293,10842,77362,40962,15426,50772,377232,408335,55157,24053
2007/9/11,499547,52783,174378,29456,87334,45429,119444,7910,79417,45946,15416,64555,437030,474439,62517,25108
2007/9/18,522636,53199,183988,31102,95566,44670,137497,6743,81849,40760,12705,68854,457931,494376,64705,28260
2007/9/25,550958,58900,208880,28160,104356,38934,159196,8344,89171,48089,9444,61402,483851,520530,67107,30428
2007/10/2,559674,56032,218921,28406,98937,36063,171358,11097,94227,43990,9339,65814,495891,534400,63783,25274
2007/10/9,582150,56772,235385,25522,97308,38016,185345,7397,102176,43667,9964,68944,520441,559190,61708,22959
2007/10/16,623197,58172,242948,24640,104548,42573,197709,7659,103941,45041,10307,83390,555466,595366,67731,27831
2007/10/23,637345,61367,238994,27943,99802,45706,187834,8117,120343,39528,9376,88842,571563,611180,65782,26165
2007/10/30,673656,68360,261952,32065,99525,50053,199189,7064,128552,37772,8996,91457,607447,647598,66208,26058
2007/11/6,733716,76518,278885,30846,92999,56181,204334,11239,149953,38300,8655,103098,659230,701010,74487,32706
2007/11/13,716152,82878,276687,29219,81759,63251,189169,8126,144851,37814,9574,97903,645086,682153,71066,33999
2007/11/20,673449,88087,278129,26004,67626,62395,174430,7894,121126,35131,10116,100458,607630,647742,65819,25707
2007/11/27,623013,97314,286887,32881,65142,41164,165820,9088,110614,44149,12497,62936,554877,588328,68136,34685
2007/12/4,589490,94181,274740,30319,70002,32979,152930,5206,111099,41215,9430,65147,527870,568603,61620,20887
2007/12/11,595037,86538,261809,30515,80840,34219,158688,5255,114188,40416,10266,68710,533273,575285,61763,19752
2007/12/18,605938,86178,262211,28477,77587,36506,158884,8353,117982,42031,10016,71309,541366,583963,64572,21975
2007/12/24,636180,90101,275542,31745,83903,37317,168628,7013,128510,45373,9684,73183,574857,615153,61323,21028
2007/12/31,671656,94136,286849,30166,91710,40468,187722,9320,132769,44032,10623,75941,605234,647681,66422,23975
2008/1/8,712073,91421,280250,31687,105646,55738,197391,10974,132214,43055,11469,89454,640962,685745,71111,26328
2008/1/15,763873,95829,288494,34015,106430,74756,201910,11009,140251,44564,10937,102276,693602,734154,70271,29719
2008/1/22,729446,85882,267234,34662,110785,64086,198429,9548,124029,41037,11957,103498,651623,691138,77823,38308
2008/1/29,644842,85872,267580,32484,112314,44121,194518,7828,92764,45151,11857,75738,570649,612203,74194,32639
2008/2/5,616126,78052,244644,33315,124633,42096,194487,8738,86577,43747,11653,73093,551367,591434,64759,24692
2008/2/12,608654,69211,235755,34142,126330,45567,194404,11209,71888,48280,12328,80756,544248,583833,64407,24822
2008/2/19,632515,71708,247492,35124,126413,47703,204387,11006,71779,47579,17087,85535,563814,607015,68701,25500
2008/2/26,646391,72523,249532,37253,128403,48316,201838,10136,73124,52827,22437,84653,570532,616599,75858,29792
2008/3/4,652339,65558,238074,39735,124573,53764,194949,12834,76591,47994,20631,97215,575806,623682,76533,28657
2008/3/11,653481,58746,238527,38864,121369,66140,192807,10687,74925,48905,18237,99251,579637,629137,73844,24344
2008/3/18,677503,66661,254357,45261,111799,66982,185864,11542,81137,47581,17542,108468,601955,651826,75548,25676
2008/3/25,621294,65921,220898,37011,106591,62182,173476,11632,70900,43822,15004,97513,550825,584719,70469,36575
2008/4/1,527365,65471,207540,38730,101172,36837,151345,10862,64132,41615,11779,72263,470393,504585,56972,22780
2008/4/8,541247,64811,209456,38220,100501,39524,156457,13888,68942,42652,10534,75780,486386,518624,54861,22622
2008/4/15,560461,64277,219367,40657,103453,40736,161728,11157,73311,43030,12125,77826,501566,537976,58895,22485
2008/4/22,560056,69245,224203,41385,99466,39422,162435,11157,74341,40742,14214,77198,504768,540000,55288,20057
2008/4/29,555068,70964,213558,44257,93236,40008,155439,17386,70372,37200,10839,77242,495481,522640,59586,32428
2008/5/6,564330,76829,215222,44593,92857,44236,152671,22390,74351,35830,9016,80056,508566,538128,55763,26202
2008/5/13,569844,77799,216381,46159,88811,47904,153583,28928,69233,38806,9643,81369,514853,542269,54991,27575
2008/5/20,595544,69087,230168,37257,98698,56347,169720,13791,70849,41871,12005,88358,533489,570216,62055,25328
2008/5/27,526321,60619,215539,34913,103300,31834,171338,18399,58617,48411,8584,59485,465217,495758,61104,30563
2008/6/3,498320,61710,208240,37908,97764,30407,160487,20707,55906,39200,7268,57316,442933,477609,55387,20711
2008/6/10,500937,59329,190989,43541,98369,32390,148372,28865,58521,40547,8120,63007,445708,480262,55229,20675
2008/6/17,499699,62494,190362,38689,101356,35159,141686,18591,58324,40007,8366,66661,443019,478819,56680,20881
2008/6/24,520630,62585,185673,40310,109701,36530,148106,23449,57900,42592,11674,70424,458448,495352,62182,25278
2008/7/1,570018,67403,209382,33563,128164,38114,180597,17634,57884,46325,15870,75965,499852,543014,70165,27004
2008/7/8,576516,74725,219973,32333,124900,39796,179882,16992,55300,47167,14855,77044,506246,548861,70270,27656
2008/7/15,650891,92417,261283,31916,129656,45609,192011,15699,59976,58165,14778,91614,571709,618616,79182,32276
2008/7/22,627575,89355,256090,31091,119988,46502,182871,13240,62508,54391,14386,88717,555435,601431,72140,26144
2008/7/29,557468,87803,232010,27231,111979,37457,162434,11853,66152,50756,12984,65752,497586,538187,59882,19281
2008/8/5,521480,74640,203469,32223,105620,38726,145480,11508,57550,43004,13232,66965,458587,497069,62893,24411
2008/8/12,495782,80559,163894,35974,102025,41275,107342,16354,55301,41827,11988,77185,439461,468021,56320,27761
2008/8/19,508294,97680,163482,41820,98547,41957,92962,20261,60783,39252,10603,80076,454532,475709,53762,32585
2008/8/26,501737,103358,156069,39228,100139,40724,94565,28607,60713,39923,11997,74488,452999,472738,48737,28999
2008/9/2,505297,109591,153082,42586,96360,41264,87572,35789,62024,37443,9359,74936,455417,472815,49880,32482
2008/9/9,521693,117265,154188,49100,92835,44816,82752,41529,63555,35067,9491,80194,472750,486608,48943,35084
2008/9/16,538058,120073,145855,32609,93224,50503,87324,43814,65521,40290,12777,92794,489114,504488,48944,33570
2008/9/23,538850,94211,164512,23911,89588,54818,99464,23676,63385,47262,9987,101285,484335,507252,54515,31598
2008/9/30,490130,81855,159892,28909,89546,46946,92743,13599,57648,40378,6780,86808,435288,461219,54842,28910
2008/10/7,490812,77562,154835,31036,86632,48415,92655,17263,57504,39691,4674,90332,437196,459656,53617,31156
2008/10/14,482650,68144,148896,35205,77947,55224,88855,14359,54497,34249,6517,92215,428389,449656,54261,32994
2008/10/21,483544,76207,146503,42556,71609,54734,78113,18129,54845,33112,5087,98882,438450,449790,45094,33754
2008/10/28,481118,81897,141942,43959,63764,57686,73843,22835,50682,32509,12772,101080,441656,450761,39462,30356
2008/11/4,470721,70639,125360,43622,60071,62633,76604,24951,43612,30593,21081,103396,431100,441104,39621,29617
2008/11/11,460180,70589,128819,46550,47524,56807,71104,29209,39815,31765,21664,106041,422670,429879,37509,30301
2008/11/18,454194,73562,136217,41357,42733,53567,69580,24128,35593,30931,20350,105167,409757,417755,44437,36439
2008/11/25,397306,62288,150008,31418,46168,38764,80611,15263,27465,37373,13123,76266,354185,367057,43122,30249
2008/12/2,385038,57540,148654,34793,45544,36344,76864,8458,26480,35543,13149,77013,344577,355641,40462,29397
2008/12/9,382946,59739,148456,33605,46485,36229,77409,11650,24366,33595,10347,77965,342909,355500,40037,27446
2008/12/16,418216,60712,167093,27787,56962,37773,94224,11743,26428,42692,5919,82792,372407,388709,45809,29507
2008/12/22,426122,62030,169898,27254,65220,37772,103404,6481,27831,42354,7624,83910,384556,398737,41566,27386
2008/12/30,431499,60179,176298,27775,68483,37199,108170,7245,28359,45836,8468,77095,384613,403147,46886,28352
2009/1/6,451283,63719,188240,32264,70178,37568,113584,6107,32057,45794,8519,77222,402207,419891,49075,31392
2009/1/13,444004,67301,190204,31994,62417,38128,107083,6784,31373,45378,7919,77086,398344,413910,45660,30094
2009/1/20,470121,68061,191781,35468,65548,47532,111680,7755,34826,42972,9882,80210,420749,437534,49373,32587
2009/1/27,482631,71841,212039,36138,67941,43927,126777,11216,32098,46878,9919,69850,427509,446990,55123,35641
2009/2/3,482938,66978,220035,34444,73701,45177,139201,10530,20189,50733,11300,71487,428208,452419,54730,30519
2009/2/10,497376,68184,230437,32717,74426,48329,144144,10534,19715,53939,10337,76078,443107,469856,54269,27520
2009/2/17,533721,69025,237807,29086,75965,54603,147250,12335,21951,60116,10936,89149,471180,502746,62541,30975
2009/2/24,544159,67205,237089,34594,73642,58560,148390,8681,21294,59116,20235,92121,481280,511622,62879,32537
2009/3/3,521048,62628,232654,37237,70926,57528,148764,5337,20912,47847,18798,85244,460160,491399,60888,29649
2009/3/10,520943,64571,226713,38430,62305,60346,142306,5780,27442,41279,22251,84773,459147,489610,61796,31333
2009/3/17,531340,83163,240258,35983,69449,56030,141111,4782,29088,40955,14217,87209,473539,501034,57801,30307
2009/3/24,550217,96217,255050,30771,69657,60470,141063,6828,26777,44379,12496,91960,491637,523238,58581,26979
2009/3/31,501780,80862,233345,25564,70665,49489,144361,7273,24017,44910,13775,74591,443792,473153,57988,28627
2009/4/7,472002,67182,193681,29564,68422,49433,131565,14871,25248,37634,16853,74734,415359,443243,56643,28759
2009/4/14,464050,59958,183551,26804,69541,50354,131275,13026,25060,39015,17011,75504,407970,434047,56080,30003
2009/4/21,468927,61978,181266,28071,65758,51999,129820,13222,28018,37132,20368,78052,415072,438683,53855,30244
2009/4/28,470135,59734,183723,26131,68596,51791,130349,14037,26779,42034,18214,75910,412728,439050,57407,31084
2009/5/5,472679,51774,181141,26120,71147,50451,133629,9803,26243,43852,25631,78475,410544,442891,62134,29788
2009/5/12,494888,52875,192636,23398,73874,53246,144310,8904,26915,48637,28163,84000,433380,467737,61507,27151
2009/5/19,507912,56687,206884,23424,79735,50769,148070,8332,29749,47576,16442,89205,445479,481116,62433,26796
2009/5/26,518847,50988,218211,28093,83085,48399,162565,8500,34596,54267,18408,71419,450328,482619,68519,36228
2009/6/2,533716,55351,237995,25008,87802,50297,171718,4703,37223,54817,16949,74831,469246,509801,64471,23915
2009/6/9,522637,51775,230031,26042,86399,50790,174980,2691,36538,47701,18631,72669,460495,497749,62142,24888
2009/6/16,503662,51238,217559,27722,78668,50889,161427,4408,35536,46621,20536,71911,445345,479507,58317,24155
2009/6/23,495029,49382,206929,30091,74018,52643,155695,7935,35668,43152,19955,70320,436949,467468,58079,27561
2009/6/30,496694,50138,212486,31769,75250,51158,154393,8200,36962,43566,20024,67345,435330,471425,61363,25269
2009/7/7,489899,51559,211788,34196,74405,51680,151197,3025,35347,43631,20742,67326,434935,464313,54963,25586
2009/7/14,494289,49888,197620,35152,73364,59590,145566,7890,36297,41767,19144,73373,441633,467279,52656,27010
2009/7/21,523285,51908,206114,32290,91869,57980,162239,3563,41722,41299,18915,76454,463893,496617,59392,26668
2009/7/28,497393,50025,205882,32885,85538,52773,159258,5378,40093,41537,18558,66031,442602,474253,54791,23140
2009/8/4,519409,49650,213133,29561,106393,50588,181154,3942,35705,42452,15490,70237,459348,495488,60061,23921
2009/8/11,504419,46600,209352,30934,100642,47718,171560,4808,34965,44455,13468,68929,445160,479881,59259,24538
2009/8/18,493315,48495,195785,31219,94692,48362,156516,11427,34440,49319,12951,69695,438045,467352,55270,25963
2009/8/25,501066,48075,201261,32145,99141,48511,159473,5034,36687,49613,14442,69660,444164,474736,56902,26330
2009/9/1,506321,48686,187548,31942,119410,47755,160821,5062,36526,50585,14322,69340,445655,479964,60666,26358
2009/9/8,602564,52591,246274,32242,128770,52122,201961,3493,43025,60043,16525,82875,524859,573085,77705,29480
2009/9/15,622094,51596,248426,30179,139660,51291,214661,821,43992,59292,17949,85194,536204,587332,85890,34762
2009/9/22,628409,52699,246474,29950,144117,52765,215058,827,43773,59651,18359,87988,541885,594303,86523,34106
2009/9/29,575097,55434,240761,29322,132303,41781,202842,1327,39870,57577,16598,71337,498164,543977,76933,31121
2009/10/6,634969,53146,246383,29223,140568,48851,223948,3562,42477,60156,21053,83214,541015,586108,93954,48862
2009/10/13,671445,55799,264432,31472,147443,52439,241446,2503,46192,64197,22515,92563,584108,628086,87337,43359
2009/10/20,676857,55734,264501,30549,150126,51666,240792,2654,52062,60682,20465,98408,589892,639882,86965,36975
2009/10/27,651634,53986,249958,31917,144977,54287,221910,1998,53486,63583,18469,86081,565250,609256,86385,42378
2009/11/3,687283,59276,259318,32796,148484,62102,236967,4267,59837,60878,22014,105497,617354,661520,69929,25763
2009/11/9,737391,59336,261441,37341,154291,66302,235180,3427,61968,65970,24916,119711,645808,692055,91583,45336
2009/11/17,773681,63986,262716,38508,151550,77853,233504,3834,57906,66314,25218,140253,678323,719330,95358,54351
2009/11/24,693661,54999,264824,41308,150286,66216,233039,4083,40519,69693,25096,101935,607709,652959,85951,40701
2009/12/1,717426,59291,258567,39888,163559,70468,232099,7164,42095,73133,25650,109102,626077,676605,91349,40820
2009/12/8,694650,55227,254094,35335,148122,66544,216761,4108,49647,76714,24592,108808,609037,655914,85613,38736
2009/12/15,692120,55461,258031,33827,149731,64770,215204,3891,48518,76319,19665,111007,605107,655615,87014,36505
2009/12/22,688212,56915,255533,39355,142068,61654,207168,5380,53921,69232,21682,114170,602416,654407,85796,33804
2009/12/29,669947,57850,249131,38684,140856,61760,203584,6024,51428,64083,19697,109727,587116,638623,82830,31324
2010/1/5,691557,57571,251160,39309,141799,65608,201286,6696,58148,66744,18926,113535,602202,655872,89355,35684
2010/1/12,709092,57469,260889,37971,138499,67526,205311,10966,65723,71908,17893,117004,622910,678498,86182,30594
2010/1/19,722085,60397,258542,41029,138746,73067,204120,8013,70274,64543,19035,122378,635809,690055,86276,32030
2010/1/26,651455,57233,233770,43862,129080,60761,184073,7917,55887,67775,21001,100177,569768,608594,81687,42862
2010/2/2,638521,52255,218920,41942,133379,63853,189560,8475,56313,62566,21369,100809,567299,603118,71222,35403
2010/2/9,632281,56950,204865,48420,123603,62848,169333,13710,58086,57758,24736,106977,560372,594825,71909,37456
2010/2/16,609964,56415,193827,43117,131137,58927,169899,10591,61047,56321,22284,88850,534576,566663,75387,43301
2010/2/23,630275,50677,209972,39339,131458,62551,174352,6672,58537,64607,20466,103322,553385,592976,76890,37298
2010/3/2,657701,51040,218144,40194,141967,68477,185798,5924,65228,62600,19569,107013,580351,626324,77351,31378
2010/3/9,666239,56355,221675,42802,147154,68926,182721,5002,64212,65852,19934,108112,588980,635015,77259,31223
2010/3/16,675464,65723,218615,42731,151259,57996,179677,6712,74813,65261,20947,113009,599211,643350,76254,32114
2010/3/23,665203,73785,212488,43894,145912,60067,165927,9152,74028,60128,18675,112950,590779,633272,74425,31931
2010/3/30,603626,74776,209910,56691,144439,46374,157723,8324,58472,55920,18535,92022,541978,578077,61647,25549
2010/4/6,648116,64728,228575,57305,161305,48542,185616,7233,63161,67637,22168,93764,580753,624748,67364,23368
2010/4/13,696345,66076,250931,62444,169833,54791,205120,3862,63676,67960,21939,105617,625684,670649,70661,25696
2010/4/20,682040,66339,253161,66086,163544,54122,202279,4528,61437,54010,17184,103027,607301,657004,74740,25037
2010/4/27,701919,67524,257420,67477,171945,58879,216063,5362,56767,62381,21638,94953,624045,666966,77874,34953
2010/5/4,735006,70192,271649,68339,171851,66222,221508,7369,58772,66511,19660,107293,658838,702816,76168,32190
2010/5/11,828659,75671,309873,80670,170857,86075,233803,6608,58173,69609,20495,136861,740862,788942,87797,39718
2010/5/18,836014,74937,311829,84458,171864,89738,234181,3759,60100,62896,18549,145289,751598,801128,84415,34886
2010/5/25,776675,75964,289919,79663,161807,67174,216386,5358,61140,63070,20768,135740,699137,741906,77539,34770
2010/6/1,751380,79559,297114,83945,167859,68160,216349,3934,53938,63294,19514,109910,675154,720428,76225,30951
2010/6/8,787244,85896,310273,85365,172091,71645,222539,4415,54632,65767,20423,120711,706555,754190,80689,33054
2010/6/15,782911,84856,312457,86158,175009,72807,220704,2988,52203,67628,19361,120224,704581,755049,78331,27863
2010/6/22,825811,91405,321550,88232,184658,76953,231253,3422,58636,66123,19751,127013,739614,791983,86197,33828
2010/6/29,820732,90351,307369,87876,190766,81212,227944,5281,60891,67024,16663,126121,741419,788304,79313,32428
2010/7/6,787211,98644,285432,86640,173843,84521,200009,11375,55757,61869,19122,124749,712189,754799,75022,32411
2010/7/13,777861,96779,284562,84332,173807,83750,194904,7827,55561,60571,15676,127342,703239,748525,74623,29336
2010/7/20,777591,118061,277464,85800,164524,76303,174379,21666,61815,61673,15572,129698,707729,747042,69862,30548
2010/7/27,727447,95180,263246,85850,160816,67955,168540,14159,66672,64926,16576,105855,654977,695277,72470,32169
2010/8/3,695147,88354,245193,82843,165101,67400,171429,13010,56694,58794,15657,104374,629888,667429,65260,27718
2010/8/10,703935,84578,244353,82259,171685,66714,171806,10684,59636,60823,13981,110014,635830,677068,68104,26867
2010/8/17,743672,82496,254625,82813,183563,70418,188039,5763,63633,64147,19459,118768,670314,716229,73358,27443
2010/8/24,763300,82079,263755,83884,191169,70684,208460,5989,62414,61640,18656,121838,691000,734505,72301,28796
2010/8/31,781195,81311,271629,82459,200893,71180,222518,6253,64594,64743,20094,117594,704399,752238,76796,28957
2010/9/7,799564,81294,275142,81749,201812,72391,224342,5444,67507,67420,21685,123833,718536,767815,81029,31750
2010/9/14,822441,84426,278251,78939,206941,74879,234008,6624,69686,68446,23841,130118,740502,790341,81938,32099
2010/9/21,831929,82500,275268,82556,211953,77099,228026,4898,70067,72140,22981,137241,749629,799508,82301,32421
2010/9/28,840745,86140,283090,86614,215688,76877,238044,5824,71286,73513,25353,124560,757034,802677,83711,38068
2010/10/5,873968,87721,285313,86807,212710,81776,232406,7132,71519,83363,25175,151140,794731,834765,79237,39204
2010/10/12,889504,91001,291428,83484,209273,87118,237943,8400,69220,78301,25590,163601,810667,854630,78836,34874
2010/10/19,909477,89295,289840,84924,203882,90096,227826,9765,92630,81841,23986,162258,828870,872457,80606,37019
2010/10/26,862669,84655,276694,85250,197275,90040,216125,10167,86289,74637,21126,145057,782053,826649,80616,36021
2010/11/2,897868,93954,289329,87403,193368,95532,219020,14318,88186,71845,23009,161492,817432,865235,80436,32633
2010/11/9,979800,98648,307574,86060,190637,108592,215781,14785,109267,89226,22921,186604,894178,940380,85622,39419
2010/11/16,924518,102820,281258,85244,194658,96930,187763,14696,103017,84945,18660,175486,836206,884706,88312,39812
2010/11/23,813977,95013,271953,87861,192152,69027,191170,13901,84668,78391,18417,121466,727596,771584,86381,42393
2010/11/30,804955,93383,267484,84307,199476,69190,192714,9998,78802,81000,18917,126161,725556,770028,79398,34927
2010/12/7,829161,92405,277432,83914,197859,74932,194057,10320,79669,83182,15491,136157,744315,791859,84845,37302
2010/12/14,818562,94493,269026,84398,201010,75062,185171,11412,77903,80690,13024,137647,735364,785084,83198,33478
2010/12/21,800320,98031,262351,88085,201348,74109,175209,14054,69569,82260,13514,134674,721936,769618,78384,30702
2010/12/28,803377,96558,263269,86067,203553,73070,182556,12569,69388,81437,13743,131541,720617,767133,82761,36245
2011/1/4,796505,98203,266572,83902,195225,73965,175122,16463,65859,81822,15758,127927,706801,761770,89704,34735
2011/1/11,795947,104066,262202,86314,180371,74921,164366,20130,76497,77085,19435,132937,716186,766492,79762,29456
2011/1/18,801933,107588,249301,84739,176646,75399,162160,27687,77921,81894,26933,134514,724216,768400,77717,33532
2011/1/25,735631,93584,224053,83639,169650,81176,160167,30503,23995,74550,28385,141349,658461,699112,77170,36519
2011/2/1,641234,78396,205970,70081,157157,68204,149663,24869,19350,72727,26814,108731,567153,611097,74080,30137
2011/2/8,653146,77112,210094,65668,168662,70677,164435,18589,18205,72703,27268,108440,577240,621935,75906,31211
2011/2/15,664111,78018,214674,62141,172660,72916,172360,12546,19087,70800,31189,111407,586728,634479,77382,29631
2011/2/22,725747,80685,228410,62529,181595,84656,194563,11824,26347,66375,35865,125243,640398,693939,85348,31807
2011/3/1,741438,80310,236904,61598,191124,84706,210620,9536,24444,64564,35323,128723,654965,710760,86472,30678
2011/3/8,740976,83160,244890,60097,183817,79412,206489,7268,24530,62111,35259,137569,653368,712746,87608,28231
2011/3/15,735415,89527,237409,63308,169161,85915,194037,10129,30126,57221,35514,138323,658457,706577,76958,28838
2011/3/22,741348,86304,242402,63614,170359,82967,192838,3636,29872,52285,30953,151496,659377,711685,81971,29663
2011/3/29,672647,90548,251937,58194,160890,70134,201651,2339,21313,47544,32873,106640,596024,646126,76623,26520
2011/4/5,710994,90652,258818,60627,179552,71056,222483,5615,18036,49230,35339,112751,624836,681168,86158,29826
2011/4/12,720941,92112,263415,61567,173447,71338,216201,5106,21851,54163,36366,121700,638932,693222,82009,27720
2011/4/19,780145,92155,279216,62546,179989,79119,231621,3044,24213,59571,36438,143801,693025,745820,87119,34324
2011/4/26,763754,93911,269523,66913,179355,80995,224168,3620,24564,56854,39092,131596,679002,728744,84752,35010
2011/5/3,805910,90578,271433,66490,171247,91708,222216,3961,34234,55911,37662,159802,720939,770047,84972,35863
2011/5/10,788164,95856,270595,75175,160388,96141,204903,6296,30940,50912,36555,153977,707904,754892,80260,33272
2011/5/17,772908,100266,264748,75722,150861,98049,190135,4750,32838,44723,35128,155397,697131,741772,75777,31136
2011/5/24,831374,109812,285253,72233,156589,98124,207327,8812,40940,48129,33128,176223,752786,799069,78587,32305
2011/5/31,715858,96223,276956,66042,158492,69790,212360,5566,23960,49134,32943,121380,638888,689088,76969,26770
2011/6/7,730025,91400,276836,70616,166585,71981,219432,3212,25357,46307,31233,128108,653200,703312,76825,26714
2011/6/14,718929,92931,271735,70470,161093,73555,208836,5016,24413,47915,29883,127608,645727,693303,73202,25626
2011/6/21,750516,95517,284729,68045,167242,71448,230545,4044,24735,47521,35234,134809,672620,722241,77896,28275
2011/6/28,703831,99658,260954,72645,151206,69646,187203,5847,25696,45638,32437,127066,627553,672853,76279,30979
2011/7/5,702311,100404,255914,70471,148811,72738,183054,5263,27157,44191,34859,129933,627948,674674,74364,27637
2011/7/12,775360,100862,284650,63317,163800,80897,228630,6446,23035,53774,39765,144417,694932,743010,80428,32350
2011/7/19,854141,108672,299067,59576,177225,89820,243363,5044,38514,59465,34721,174548,773959,818939,80183,35203
2011/7/26,791632,102986,309845,55086,166159,81627,237247,3991,30798,62896,26663,135452,706091,754534,85542,37098
2011/8/2,817915,106890,313555,51230,175360,86328,259002,5349,30011,60750,25153,145831,740041,781586,77874,36329
2011/8/9,906419,121993,324856,51322,152196,117313,227174,8600,43958,63167,22559,194795,819723,864277,86696,42142
2011/8/16,952078,130092,336217,44820,145200,128319,228713,10310,52874,60677,21166,221415,866911,915501,85166,36576
2011/8/23,1034978,148932,355154,47744,131161,148594,213109,11815,58926,66401,19727,265709,949416,991087,85562,43891
2011/8/30,955019,151656,353609,38922,111426,135373,201447,6075,49125,56302,19037,241003,873830,915650,81189,39369
2011/9/6,1007750,152744,366582,41256,113171,145885,202824,4980,58134,64274,20614,257254,922370,966620,85379,41130
2011/9/13,986214,145941,341340,42620,114842,158491,192080,6313,51249,61732,22771,254654,906767,949660,79447,36554
2011/9/20,965320,147898,339159,45571,106098,155375,168642,8320,51612,61565,18855,250502,881165,929920,84155,35400
2011/9/27,824865,144718,313052,55270,86688,126609,144046,14544,38392,51451,22199,189978,750464,791462,74401,33403
2011/10/4,804393,137575,309940,58105,81946,123280,142320,15071,31649,51710,16645,193933,738573,772464,65820,31929
2011/10/11,806727,135415,311412,53478,81460,127380,143718,12081,31949,50588,14203,195776,738304,774261,68423,32466
2011/10/18,794999,136462,310463,54309,74476,124646,139993,12304,31839,46764,14468,193100,727112,761295,67887,33705
2011/10/25,809584,132511,314315,47748,74722,127311,152470,13624,33338,44665,15169,197532,735575,776010,74008,33573
2011/11/1,785989,127007,315076,43030,77315,125342,157392,9113,29730,43184,13408,185560,711245,755542,74744,30447
2011/11/8,845013,125890,323445,38142,86444,140565,174089,7061,33335,48963,15011,193933,754919,799794,90095,45219
2011/11/15,838080,127932,323594,30982,85527,143751,180024,8392,30103,47342,15176,197537,757672,804081,80408,33999
2011/11/22,678699,122214,287624,28838,75246,103378,158327,9071,20240,46572,17027,123469,603038,636055,75662,42645
2011/11/29,646836,111379,280517,28949,74219,95462,154120,7822,19223,44257,16227,122899,576290,616370,70546,30466
2011/12/6,655854,102407,282010,28681,74964,96358,159210,7863,21561,47173,16053,127355,582745,626164,73109,29690
2011/12/13,654915,107830,280099,39885,67759,92414,145554,10437,23932,44874,16823,130767,585255,622230,69660,32685
2011/12/20,666530,110812,267961,48683,65094,95879,131086,13935,26408,43588,19835,145181,601637,634293,64892,32237
2011/12/27,624191,110347,262733,50400,67580,87225,126992,15073,19757,41904,17917,125636,562261,595920,61930,28270
2012/1/3,642722,111435,261277,49652,67586,92255,128430,17836,21614,42384,17192,133689,579460,611450,63263,31273
2012/1/10,644348,113808,262179,44445,70483,93194,126619,16120,21518,43714,14777,136526,579825,614798,64523,29551
2012/1/17,667548,115531,278900,42442,63008,105955,129904,12926,24360,44198,15169,138888,601279,639206,66269,28342
2012/1/24,663855,110071,279969,38033,61425,105335,138142,11205,20151,44049,15959,140560,596340,634603,67515,29252
2012/1/31,660852,104818,285422,24175,71649,106180,165702,6193,22525,45995,17318,126276,595672,635564,65180,25288
2012/2/7,688505,102356,291428,23980,75525,109298,179384,6212,25577,43960,21441,134370,618925,663851,69580,24655
2012/2/14,672325,102553,282929,24568,71751,108486,171383,8427,23381,42855,22011,132832,606058,649817,66266,22508
2012/2/21,714931,102813,296330,24253,81843,111159,187996,8864,27221,45114,22609,142213,640769,690239,74162,24692
2012/2/28,737521,101607,305059,23545,95711,109130,205525,7973,30542,48292,24302,140093,658735,712810,78786,24711
2012/3/6,676087,104819,273041,33899,76968,105935,157407,11410,27916,43924,17898,136152,610052,649320,66035,26768
2012/3/13,683178,105330,270832,36241,77473,103842,151297,12798,27473,45313,20536,143593,613089,656547,70089,26632
2012/3/20,675513,111927,260689,44613,71623,110703,130396,17112,27222,45076,20201,139910,609847,647460,65667,28053
2012/3/27,626687,98649,255799,39708,80515,99814,142430,11958,17958,48554,18975,118343,565457,603362,61231,23326
2012/4/3,623172,100932,248154,42259,82267,98868,131544,13359,17503,49158,17744,120521,560785,598417,62387,24755
2012/4/10,640791,101256,240358,41732,82770,100763,124479,14968,25357,50368,16180,132351,576305,612746,64486,28044
2012/4/17,640395,99865,243831,40301,79510,106281,121993,9718,25352,49320,14762,135094,578205,614548,62190,25846
2012/4/24,641899,105306,240980,40550,78729,107513,119768,12168,23101,48527,16678,135747,580511,614917,61388,26983
2012/5/1,648716,101478,249888,40054,78494,110362,126625,10564,24704,49106,17792,132182,584512,623986,64203,24730
2012/5/8,667617,106961,237781,43363,63738,119644,115878,23380,27280,49410,20929,144537,607072,637289,60545,30328
2012/5/15,699370,110207,234998,46222,52383,140054,112676,34057,32165,43834,18629,154539,639696,666824,59674,32546
2012/5/22,728017,123550,252055,48854,51076,131234,116460,39142,37684,46575,16898,163059,667417,691148,60600,36869
2012/5/29,674096,114740,236030,50569,53318,120279,119117,41792,30186,43670,19529,139043,617604,640177,56492,33919
2012/6/5,704117,101693,238098,49248,71210,121763,134207,35781,33236,52204,21207,148853,641204,670148,62913,33968
2012/6/12,695294,101247,235291,44321,71458,118776,132726,33042,32383,51043,17805,153714,634210,662470,61084,32825
2012/6/19,701862,103117,250604,48367,67669,116562,131120,26474,32282,54117,20752,155742,641307,670085,60555,31777
2012/6/26,656194,103053,241025,52454,54017,108199,120155,35994,24834,51563,19968,140708,600967,624747,55226,31447
2012/7/3,670160,102983,255758,44079,59585,112536,136268,27990,26780,49239,20281,137801,609687,640731,60473,29429
2012/7/10,673276,103600,252945,52306,50200,114753,124456,35483,24946,51067,21259,141968,613097,641554,60179,31722
2012/7/17,681387,103007,258023,54204,51946,115518,120939,27975,25101,50930,22960,149756,619456,651280,61931,30107
2012/7/24,674786,106691,239737,54249,49816,117495,103695,32566,29517,50640,18976,151601,613888,639708,60899,35078
2012/7/31,644298,100755,246426,45810,60966,106354,118837,22637,26090,55436,22800,129727,583009,615000,61289,29298
2012/8/7,622617,97018,230944,43253,61691,102573,110650,25140,24069,55410,21910,127805,560777,594131,61840,28486
2012/8/14,619661,94161,225319,43990,63278,100839,109187,27131,25568,56263,20096,128883,558890,591114,60772,28548
2012/8/21,647383,92001,236162,34007,72416,107075,128128,17505,27412,52313,22811,135365,576301,618746,71082,28638
2012/8/28,670216,92446,253035,31591,87768,107852,144705,13018,29361,58650,23218,131594,596199,645846,74017,24370
2012/9/4,709605,93289,271477,31839,89152,111767,155717,10942,33601,61315,21366,142504,630033,680810,79573,28795
2012/9/11,764181,97777,290734,30696,98170,122545,171870,6146,41702,60000,21801,155670,680261,736769,83920,27412
2012/9/18,808829,70043,263416,30498,117893,161631,185298,6872,46150,63370,20529,165494,722484,781984,86345,26844
2012/9/25,759250,64612,277250,31163,111697,142568,194985,5115,43378,62103,17360,141423,680232,738790,79018,20460
2012/10/2,759596,62734,278916,32562,119008,133839,202186,6539,41725,62193,17900,138569,673808,736496,85788,23101
2012/10/9,759329,62645,280951,32479,116404,128084,204810,6616,44546,64902,18799,142165,679630,737566,79699,21763
2012/10/16,731636,60277,260873,35619,116462,125704,191980,7576,42748,60498,18809,135343,652170,707516,79466,24120
2012/10/23,718402,63332,253519,39172,107737,126253,171484,9497,44130,59918,17169,136186,640474,694490,77928,23912
2012/10/30,689762,60875,246311,41128,103875,127874,161492,11639,40461,59156,15615,118670,609657,664445,80105,25317
2012/11/6,700259,64056,232436,42095,106947,129122,141531,11403,48186,68378,14820,129924,623292,672839,76967,27420
2012/11/13,718200,66704,248886,38790,107082,132020,151579,11417,44660,70241,15400,132617,636611,692082,81589,26118
2012/11/20,725595,65983,253782,40069,111702,131139,158505,9875,44910,70931,17233,134474,646009,703114,79585,22480
2012/11/27,649280,58371,258451,39730,118431,98396,175521,7283,30544,66367,16214,94829,563758,624148,85522,25132
2012/12/4,610268,61779,237800,41086,91758,97365,141467,15394,29996,63039,16810,95826,530558,584948,79710,25319
2012/12/11,625088,64997,229666,37817,102835,101300,142494,12629,34571,64254,18072,101058,546491,600131,78597,24957
2012/12/18,633191,66273,216634,41112,97538,106195,132662,20241,36803,67062,19975,106614,556721,604001,76470,29190
2012/12/24,630843,70194,207066,39862,92885,110035,128155,26233,37509,64512,17287,110633,560902,601649,69941,29193
2012/12/31,595223,66179,202517,39446,98891,100341,130258,24497,27279,68627,20722,92440,524570,566686,70653,28537
2013/1/8,615254,70941,205737,54923,101284,95616,120191,28076,36021,70337,18799,100173,548202,585706,67052,29548
2013/1/15,638659,73645,208614,50043,107979,105315,123533,24075,38689,69263,17503,106836,567324,609012,71336,29648
2013/1/22,659275,77160,217021,46129,110752,105602,127938,20442,44956,67782,16094,116647,586213,631515,73062,27760
2013/1/29,598100,78072,210187,55392,95727,91839,116948,34867,27830,66242,17253,92327,528650,570030,69450,28070
2013/2/5,610796,66216,203105,52861,98520,96087,121755,34829,32120,75059,17489,99681,543779,581831,67017,28965
2013/2/12,628752,70643,197120,57710,94724,100134,119403,49153,33497,77035,18704,101901,560323,595233,68429,33519
2013/2/19,666103,75786,180017,61294,85098,108457,107935,65617,45521,81392,25331,116303,596688,626343,69415,39760
2013/2/26,642459,71140,178765,54507,81180,109077,115872,61692,35966,81085,21626,113039,580685,601345,61774,41114
2013/3/5,666993,77128,174861,56497,80552,113121,108391,68760,41400,74297,18916,131291,602126,628902,64867,38091
2013/3/12,681973,79504,174229,54087,90161,115745,113321,70126,44645,75807,16708,134048,617157,645661,64816,36312
2013/3/19,703073,80961,179207,39298,95140,125545,126584,56391,51262,72338,14534,143017,639005,665098,64068,37975
2013/3/26,633658,79643,176640,37699,94781,113513,116045,55919,36855,78685,11079,111030,573471,599817,60187,33840
2013/4/2,647002,76927,159940,42278,92911,118050,115329,68165,38878,78060,14764,119511,589033,612221,57969,34782
2013/4/9,653859,76515,154888,41855,100746,120013,121162,65078,39908,74659,18191,120814,594927,619639,58933,34220
2013/4/16,808120,97079,169804,41350,91276,169781,121321,59742,49993,63375,18877,207991,750892,767465,57229,40656
2013/4/23,824660,106073,155820,45644,81970,173704,115894,69726,56867,58702,21179,217574,774457,776839,50204,47821
2013/4/30,749677,107156,150533,43260,83714,155181,118065,63303,45775,53836,22708,181088,704361,702303,45316,47374
2013/5/7,780761,115402,153498,47696,86784,165084,116634,67374,46833,51932,22320,190697,734278,732591,46483,48170
2013/5/14,807394,130874,158352,42093,84769,168995,113648,74432,48446,49635,19908,204199,757889,759100,49504,48294
2013/5/21,847211,133276,165513,42428,78013,182359,115102,79416,50460,46035,19788,225232,794892,800780,52320,46431
2013/5/28,691958,99639,134492,42194,65305,133222,119407,71311,32637,49113,42006,165297,641509,644269,50449,47689
2013/6/4,659936,91473,122436,40571,75239,118803,116610,59497,33079,51699,43958,165739,617974,618751,41962,41186
2013/6/11,677874,92528,118740,43481,77601,120709,119134,64355,35696,51416,45968,172567,635530,635635,42344,42240
2013/6/18,689311,96315,112162,44389,73120,129589,112281,73330,37203,50248,45856,175528,645554,646787,43757,42524
2013/6/25,694750,105070,119312,44612,66382,128356,108224,77027,41155,49937,48265,174114,651469,654612,43281,40137
2013/7/2,776879,119172,129832,41790,65884,155740,112449,78148,51729,48456,51469,202110,731445,734911,45434,41968
2013/7/9,808703,131899,141946,45273,66727,161119,115838,80147,51536,48023,55868,210263,763951,767608,44751,41095
2013/7/16,823667,147808,158463,43066,75644,169721,116537,61002,46588,45900,60303,209181,778800,780902,44867,42766
2013/7/23,830568,147443,158123,37096,84473,166961,122496,52429,49542,47857,60146,214078,785473,785752,45095,44817
2013/7/30,723932,130159,135468,39621,84057,131282,121521,56004,35296,45596,59252,181262,684738,682621,39194,41311
2013/8/6,738021,129863,134377,38146,109846,149762,118938,70835,37720,45694,20902,176013,696135,699455,41886,38566
2013/8/13,731908,126163,135059,35670,116724,149728,115363,58759,38823,46385,20706,175689,687822,695489,44086,36419
2013/8/20,747070,114965,132492,30768,123524,158028,124294,51078,41449,50297,20617,183712,703513,710900,43557,36170
2013/8/27,723116,107524,136084,29166,136760,154916,129990,32088,38255,50526,22211,168819,679196,689133,43920,33983
2013/9/3,739479,107955,140539,30873,140271,159018,130734,29338,36625,50144,23876,175044,690392,704711,49087,34768
2013/9/10,721444,111568,133448,33211,134132,160407,117140,32211,35880,45717,19981,173147,677069,689204,44376,32240
2013/9/17,738604,114574,128415,39308,127365,165852,109217,39104,38463,45451,21735,180193,693059,701127,45545,37477
2013/9/24,729363,112584,128373,35219,126379,166217,111170,32516,35171,44229,22934,182019,686608,693609,42754,35754
2013/10/1,689447,119458,128073,33913,130151,148097,108238,35300,31429,46475,21911,158619,646229,653580,43218,35866
2013/10/8,687618,117167,133307,30345,133546,150087,109368,24702,32256,45227,19851,159747,644196,653498,43422,34120
2013/10/15,715953,121937,131280,35992,116235,162204,107164,44638,32964,44639,23053,167139,672038,677512,43915,38441
2013/10/22,715600,118685,138258,30571,124590,160320,116333,36972,34500,47085,17996,165482,672977,678118,42624,37482
2013/10/29,695510,117944,144069,29668,138669,150982,120058,19351,32470,47480,19612,154585,653187,659738,42323,35773
2013/11/5,695794,114371,141919,36997,129026,152887,114179,26490,32331,47239,18670,156470,654472,657792,41322,38002
2013/11/12,724276,116571,136120,45232,115790,158774,109599,54143,36576,47553,18306,163606,677911,683316,46365,40960
2013/11/19,724803,112988,125300,46517,111364,161390,106880,62589,37822,47802,20253,166865,680264,685583,44539,39220
2013/11/26,636307,113179,106980,39297,99666,135878,106699,74964,30148,44419,23927,124686,594307,596249,42000,40058
2013/12/3,641036,111395,99706,36432,96673,139298,106405,79631,31670,44745,22983,128557,598502,598518,42534,42518
2013/12/10,629838,107216,97931,35468,103939,135247,107761,74312,29390,45009,21555,127836,587926,590210,41911,39627
2013/12/17,656536,113633,103270,38162,104655,141739,107723,75199,33027,44334,22331,135702,614318,615921,42218,40615
2013/12/24,667491,112056,100488,36626,101926,148315,104754,76052,36842,46502,20618,140392,625487,624633,42004,42858
2013/12/31,628586,107862,100802,35312,101281,135972,106675,72571,30821,45777,21566,124403,586822,587415,41764,41171
2014/1/7,630115,108812,104658,35227,107634,131564,108936,68707,33061,47335,21085,123517,588453,590227,41662,39887
2014/1/14,664721,125183,118496,35737,113572,137547,114002,70725,31355,48703,21016,131143,623670,623855,41052,40867
2014/1/21,663764,129859,123739,36312,113179,135896,113823,70470,31493,48430,19506,127528,623340,621811,40423,41953
2014/1/28,608056,106294,116807,34755,113149,128741,120096,59424,27105,47600,17996,106623,571214,569844,36841,38211
2014/2/4,602247,107788,114144,32520,115338,121665,119256,59848,30813,46031,17064,108573,566646,567446,35600,34800
2014/2/11,617237,103829,113004,34737,125536,119333,129791,60500,31724,47573,17875,110593,577581,578566,39656,38672
2014/2/18,657075,96844,126109,35376,131939,128070,140840,49898,39006,49671,20928,123424,613230,619373,43845,37702
2014/2/25,637838,92455,132019,33235,143494,124680,144907,30996,33589,48767,21363,116853,594484,602993,43354,34845
2014/3/4,656664,92207,138534,36073,142784,130550,144562,26321,40713,49192,20095,121704,615001,620700,41663,35964
2014/3/11,684249,87836,137148,36723,145524,142240,144080,21073,42776,49129,19869,136495,639279,645125,44971,39125
2014/3/18,711980,90011,154673,36749,152448,146716,151939,13510,42927,50946,17170,147588,666876,675033,45104,36948
2014/3/25,675535,86984,115188,34299,162666,144800,137231,17189,41952,47401,21912,138566,631233,642272,44302,33263
2014/4/1,607938,78211,103494,36544,152975,122606,129095,22741,35556,45094,24328,115857,562964,577556,44975,30383
2014/4/8,614585,77976,104387,37748,145337,131431,122701,24209,35004,45795,23400,120099,570754,583868,43830,30716
2014/4/15,628029,81537,99304,37226,140840,138590,117935,27798,35806,47944,24524,126237,585277,593098,42752,34930
2014/4/22,632178,82751,100058,40026,142065,142649,117199,26627,34120,45798,25711,126404,588946,597634,43232,34543
2014/4/29,621734,81574,101473,40306,143693,139964,118660,28706,28249,46705,24563,123167,578625,589816,43109,31918
2014/5/6,651381,84308,107349,36309,152663,145326,131215,28320,33698,49979,25728,126667,607502,619750,43880,31631
2014/5/13,641801,83634,113354,41905,141676,136511,125612,31283,28242,50395,25647,130660,596959,607374,44842,34427
2014/5/20,637142,80208,109284,36397,134170,144453,121639,31281,33853,50717,23993,127068,594335,604103,42807,33039
2014/5/27,610131,67224,83162,42023,124159,137825,122275,53882,31919,49798,25481,111359,562422,567787,47709,42344
2014/6/3,604437,68110,81837,43949,110160,137320,121428,70364,31292,49117,23286,112331,563549,566591,40888,37846
2014/6/10,598946,64950,77246,44196,109886,138174,121243,69963,31598,48859,24165,109676,558698,560710,40248,38236
2014/6/17,601503,66384,82225,43095,121920,138475,122914,56342,32023,50706,22624,109271,562868,562880,38635,38624
2014/6/24,639293,64842,103473,39352,157367,133503,145826,31470,35723,57305,25421,116668,593218,603625,46074,35668
2014/7/1,632177,57461,111173,39326,168748,127157,159117,22188,30653,58972,27597,111703,584391,599220,47786,32957
2014/7/8,638504,53903,112164,42677,170883,127523,163897,19625,32034,54125,28306,115629,589788,606164,48717,32340
2014/7/15,639522,56133,110446,40025,161301,131489,157908,25937,32336,54241,26040,120995,593127,608543,46395,30979
2014/7/22,643364,55796,112943,42046,166168,126249,157232,21112,35264,55421,24845,125116,597125,611698,46239,31666
2014/7/29,575402,51671,106963,44474,153899,108467,148193,26101,24951,55162,22481,101406,534323,544267,41079,31135
2014/8/5,563036,48975,95989,44084,141331,110599,136741,32630,28530,52031,22268,100598,521559,531946,41477,31090
2014/8/12,581490,47473,103879,40214,162757,107235,154516,20808,27971,54698,22447,104019,536126,549115,45364,32375
2014/8/19,574443,48184,102279,44556,147909,110193,141358,24442,27524,56472,20570,101973,530260,534890,44183,39553
2014/8/26,552454,46660,88415,47151,141511,108110,129611,36877,27360,54546,21649,95321,508759,519242,43695,33212
2014/9/2,568103,48958,86434,51234,127052,113156,127078,53047,29890,54172,22378,99371,523859,531329,44244,36774
2014/9/9,600722,56007,93022,53311,121709,118791,129921,58545,35179,55426,24518,108904,557538,560667,43184,40055
2014/9/16,625164,58279,88836,50230,107187,133168,124959,69243,37669,52266,25321,123168,579740,584592,45424,40572
2014/9/23,644637,63453,90136,54054,99584,137960,122035,77770,38695,52467,25977,133395,602059,603517,42578,41121
2014/9/30,610095,58230,88267,58074,91906,127652,119005,81262,33631,53201,23862,120035,569829,566615,40266,43480
2014/10/7,619593,63240,91725,50694,86666,134955,118339,81064,33793,54323,24630,124431,579774,577264,39818,42329
2014/10/14,641301,65265,96380,44462,94244,136195,131646,79652,37952,59928,24562,127453,602900,596437,38401,44864
2014/10/21,669147,63295,106946,42512,106271,144501,141899,66626,43393,62358,26352,133654,631612,627744,37535,41403
2014/10/28,641605,58125,104031,49188,105354,135611,136561,66263,42531,59813,25589,125156,606985,604535,34621,37070
2014/11/4,691425,65086,95936,64600,87631,150589,120480,75408,48934,53722,37556,149047,652458,645101,38967,46324
2014/11/11,735438,76651,107173,67967,86656,166077,116822,78149,51158,55291,39208,160973,694939,689395,40499,46043
2014/11/18,755453,85090,121603,63907,101818,171200,125712,65405,50135,58444,33875,162427,716914,706463,38539,48990
2014/11/25,595199,53969,91917,60878,107144,122319,124964,58736,33730,55221,29971,107084,558166,550901,37033,44298
2014/12/2,578664,48748,94386,53480,112561,116427,128656,49159,29966,55958,30704,107328,540563,540531,38101,38133
2014/12/9,598203,52854,109975,42763,122019,114858,143086,38554,32314,60070,29017,110135,556081,556873,42122,41330
2014/12/16,595431,54304,114335,42601,115611,122417,139547,35809,30153,57089,24453,111783,557894,554560,37537,40871
2014/12/23,570538,49708,98439,45144,115022,119586,134693,41594,28941,57283,25184,102193,537549,530960,32989,39578
2014/12/30,569339,46263,99136,40924,116032,116037,136562,38171,32436,58439,25687,100664,531325,528163,38014,41176
2015/1/6,597165,50967,108634,39979,120433,118514,140630,33896,41389,60014,28383,107030,558524,558281,38641,38884
2015/1/13,607853,52810,116698,38453,129420,116521,144792,30064,39775,63197,29374,109419,564968,571271,42885,36583
2015/1/20,700698,51976,139939,37596,151405,131236,173268,27536,52128,74954,31985,131462,652620,665690,48078,35007
2015/1/27,656429,43600,138507,39746,172950,114316,189594,21901,44706,72690,29146,104780,609433,626307,46996,30122
2015/2/3,639243,45346,135033,42878,175136,111585,182772,20774,43500,65486,24388,98882,590449,609298,48794,29946
2015/2/10,609302,40545,118178,47523,159579,113945,157507,23543,42237,61660,22641,99544,562961,579666,46341,29636
2015/2/17,602502,39710,112570,50532,137469,117147,144043,33879,43930,60729,24302,100869,556960,570166,45542,32336
2015/2/24,592890,40993,109293,54391,136581,117057,139507,35979,46575,60248,24911,93625,552395,564021,40494,28869
2015/3/3,598983,40831,103414,60004,134520,116381,130432,42466,45955,64761,24214,96620,554985,563571,43998,35412
2015/3/10,630766,45218,94515,63982,120392,133146,122107,57182,46625,65192,32888,108645,584915,593392,45852,37374
2015/3/17,667988,51405,92767,61685,94546,162940,112387,77266,49943,66055,31376,117959,622373,626796,45615,41192
2015/3/24,667089,47817,91454,64173,94310,158183,115675,84022,55684,68857,26254,117124,627514,627032,39575,40057
2015/3/31,572616,41793,92825,63232,102217,116568,112473,66797,42474,67642,24692,92285,536466,537858,36149,34757
2015/4/7,579573,42389,104738,56654,112691,111595,122148,56782,44526,69518,23938,94706,541537,548976,38037,30597
2015/4/14,586197,40077,102240,53124,104933,114580,119332,61729,47791,74058,22912,99609,548571,553794,37626,32403
2015/4/21,592646,37776,93348,51026,111391,115249,118094,59628,50303,76023,22235,105060,553530,557213,39116,35434
2015/4/28,592531,34356,89166,50259,110710,117343,124226,63573,51289,73104,23855,103691,554269,559628,38263,32903
2015/5/5,598100,36835,77469,58850,99152,122396,105810,74149,55800,71446,24026,110906,562044,563898,36057,34203
2015/5/12,601344,37337,80661,57331,97455,130683,111116,74966,47088,71597,25014,110769,565921,566636,35423,34708
2015/5/19,628414,35273,112691,54915,118057,130903,140022,53350,42669,68036,24457,114023,585841,596151,42573,32263
2015/5/26,567268,31623,106815,60788,102193,113841,131569,58544,31688,65234,27130,92860,527603,533072,39665,34196
2015/6/2,559404,31366,106753,62967,103559,107198,131644,62736,30977,67981,25251,91248,523380,527722,36024,31682
2015/6/9,572475,34250,96699,73144,94178,109993,126955,82238,33169,62829,28166,93831,534172,538274,38303,34201
2015/6/16,587957,32537,93868,72069,94029,117915,131034,88216,33858,64487,25692,98827,550728,552406,37229,35551
2015/6/23,602869,31706,110301,69093,95665,119594,131698,84027,35461,75509,24426,100286,563349,569760,39521,33109
2015/6/30,607373,32769,99317,73211,84746,126225,120195,98715,41372,75880,27588,96664,566316,574627,41056,32746
2015/7/7,624457,36361,91697,80755,78489,128648,115985,108411,46576,76536,33501,98228,583089,585550,41368,38907
2015/7/14,636436,39704,93722,80105,76410,137379,112948,108315,44289,76700,32349,105458,596582,597921,39854,38515
2015/7/21,688184,50922,92929,85402,61021,152912,109893,121238,49444,73809,38896,125759,648142,642199,40042,45985
2015/7/28,630687,41358,81076,84352,56050,136868,109745,121079,43117,71215,36003,111203,597857,585395,32829,45292
2015/8/4,635992,41334,83553,86124,57155,128119,105958,116251,48548,75277,37336,114271,599630,585232,36362,50760
2015/8/11,634115,38447,85649,83827,61350,126958,111949,114743,47209,73068,37972,113507,594965,587387,39150,46729
2015/8/18,636582,37168,88602,83003,65291,129921,117052,104288,49532,68064,35755,115741,600480,589129,36102,47453
2015/8/25,661565,36280,108621,75091,71124,139946,125505,81234,57366,67899,35454,123161,625248,616905,36317,44660
2015/9/1,608673,31653,101990,69261,73365,128351,118862,74446,46251,66533,33176,111255,572166,568834,36507,39839
2015/9/8,616676,39716,97846,67319,65907,131351,116101,87815,47299,65716,34193,112083,579585,576493,37091,40183
2015/9/15,609014,36839,79925,71016,57973,132107,104520,97654,52419,64372,35147,111341,572613,566565,36402,42449
2015/9/22,611945,38829,95592,62724,61645,132116,110892,89367,49847,69824,31987,112187,576420,572740,35525,39205
2015/9/29,600090,42024,107312,56416,66888,129398,117169,75320,50590,67210,30312,101422,564229,561243,35861,38847
2015/10/6,625986,42850,114207,57267,80945,129199,120576,70754,58242,73422,30424,107163,588719,590934,37267,35053
2015/10/13,641353,40980,127833,56641,97894,130064,132909,50363,57369,73583,29596,110464,602009,603583,39343,37770
2015/10/20,686201,41278,151324,51362,116268,131051,159450,37646,64463,73682,32686,117910,639197,651349,47004,34852
2015/10/27,652091,38976,148809,51479,113127,127067,152588,31943,61911,73189,31106,106076,611287,620039,40804,32052
2015/11/3,631868,43728,134913,57406,89601,128477,119073,46998,61976,71076,29501,107089,588825,598555,43043,33313
2015/11/10,639510,45742,112867,62492,64720,138483,93566,72036,65058,73666,30420,115863,594870,599446,44640,40064
2015/11/17,656475,47499,98978,67334,40320,155290,92318,101307,58949,72766,34814,118228,612384,607886,44091,48589
2015/11/24,535410,39338,83029,62913,35806,112640,93941,108596,41724,68151,33253,74858,493565,489905,41845,45505
2015/12/1,536215,42857,76474,62062,35495,113136,92791,110740,42364,67688,36699,76480,497378,491388,38837,44828
2015/12/8,542365,41605,79921,58215,39443,113042,95488,109577,44807,69170,30584,81136,503463,498510,38902,43855
2015/12/15,553569,36924,78191,61963,36466,118493,88430,110311,47754,71525,29331,89566,514656,510113,38913,43457
2015/12/22,561090,35050,89483,62625,36772,118126,83508,98410,50205,72425,25340,100312,522251,518648,38839,42442
2015/12/29,539984,37361,80848,57752,34325,110951,78757,103020,49199,73270,25697,93336,500626,497375,39358,42608
2016/1/5,552648,37261,81523,55579,35138,113153,81837,95414,57610,72927,28763,97120,515488,508721,37160,43927
2016/1/12,551508,39420,89684,47977,44972,118408,85795,84893,56205,75149,27804,87277,510231,509243,41277,42265
2016/1/19,567155,40595,88200,49593,45655,116222,86795,84861,62103,72998,27859,101567,529872,526467,37282,40688
2016/1/26,530273,33062,86327,43775,60140,95215,102247,78398,58873,76262,31380,79485,488919,489817,41354,40455
2016/2/2,537133,40376,99861,46345,75569,92516,106429,70809,58627,77892,29648,71848,494033,498878,43100,38255
2016/2/9,643820,47549,124398,49177,103959,112439,130180,57268,69500,89767,37293,97718,596329,602575,47491,41245
2016/2/16,697444,54640,149025,49657,118692,125227,135407,41473,75144,89691,34999,116060,645826,660620,51618,36823
2016/2/23,733879,49967,163836,47970,131014,132166,152715,29149,77529,93687,38274,124513,678547,696481,55332,37398
2016/3/1,701954,45063,165255,49410,131967,116669,150481,27942,73215,97937,36859,113206,645981,665114,55973,36840
2016/3/8,788410,48437,184306,48630,146303,124994,178673,30407,93319,102006,37415,133224,729283,749968,59127,38442
2016/3/15,761637,48612,180955,52368,139931,117565,171675,24870,87754,94843,38225,133971,706787,723270,54850,38367
2016/3/22,782861,50050,188565,50967,150050,124922,187143,25533,85482,92201,37472,135401,726166,747423,56695,35438
2016/3/29,689723,44424,175467,50824,152611,100870,193139,28193,53096,84966,35797,108964,636284,654999,53440,34724
2016/4/5,685591,41806,176333,51735,147620,98643,194839,31250,59299,82862,33102,104590,633774,650839,51817,34752
2016/4/12,743572,42799,194100,54870,164298,106177,214349,30131,65116,91678,33172,114845,689834,707839,53739,35734
2016/4/19,735270,41210,195195,49506,164136,106405,219307,31277,61442,88980,31441,113821,680671,703717,54600,31553
2016/4/26,703778,38337,189694,48535,160677,102463,215149,31062,56904,87841,28585,104542,653771,673927,50007,29851
2016/5/3,816948,42019,219556,48080,194004,113648,258045,24407,79107,98446,32188,121785,761130,784694,55818,32254
2016/5/10,819565,42489,208046,48329,197061,114288,256187,30303,82044,96897,29373,123137,763372,784252,56194,35313
2016/5/17,847879,47045,204468,47674,213141,116357,256529,28878,92771,102427,31428,127718,790520,814759,57360,33120
2016/5/24,776500,84991,188238,41372,192164,100528,211311,41820,68327,92239,27655,119593,718361,738325,58139,38175
2016/5/31,679932,67775,166603,41927,176861,91068,196117,40341,48666,85786,25925,97086,628425,646550,51507,33382
2016/6/7,701199,48637,174056,40768,181114,97917,219813,33251,53315,89627,25512,100135,650212,665299,50986,35899
2016/6/14,794622,54225,208812,39890,208356,110370,267663,26801,57640,99034,33857,115381,744204,761217,50418,33405
2016/6/21,815220,57019,209265,36313,219009,117166,279379,22481,63262,91769,32142,117609,762517,780934,52703,34286
2016/6/28,854547,55887,211315,38472,237116,123004,297407,24228,73838,94305,37701,118025,800938,825227,53609,29320
2016/7/5,946255,60261,215476,40562,257356,133745,315643,28722,103736,99194,38369,136761,889903,914166,56352,32089
2016/7/12,910785,64745,212134,35358,245331,127293,303991,32462,93223,90645,32906,137751,853006,881101,57780,29685
2016/7/19,890097,60775,201384,33244,241384,127018,293879,29381,88661,87803,33512,137661,829041,859003,61056,31095
2016/7/26,798270,53671,192603,31963,228753,117200,284772,27842,63628,77012,28437,115443,743690,773907,54580,24363
2016/8/2,845903,53142,203994,33139,238659,123159,297024,29735,65310,88045,29070,126467,786285,816393,59618,29510
2016/8/9,823554,51333,191505,29996,229523,125807,287090,31317,67342,84130,27182,120450,766148,793126,57405,30428
2016/8/16,837871,51605,195157,30519,227102,128988,283303,29627,72990,84672,25910,127058,779135,806832,58736,31039
2016/8/23,832258,45366,188574,29246,232099,127126,289936,24982,73874,83362,25617,126929,775838,799200,56420,33058
2016/8/30,779556,42724,180835,30487,210266,118647,269964,31812,67514,79533,25977,112457,721325,747508,58230,32048
2016/9/6,831338,43402,200088,23709,219560,128876,301769,22775,69510,85634,34505,120068,772968,795381,58371,35958
2016/9/13,806108,44269,195475,26675,204805,129554,274579,25721,70153,85372,31904,117119,747721,774732,58387,31376
2016/9/20,793177,44466,185146,31258,198838,129874,248089,28955,67314,84074,30553,122256,727332,762936,65846,30242
2016/9/27,792666,44192,196901,29065,210846,127255,286710,24818,57820,82059,32829,108995,736095,759463,56570,33202
2016/10/4,761990,47511,175961,28058,189302,114733,244662,39486,67357,84595,28124,114687,701604,729651,60386,32339
2016/10/11,731252,50037,163608,32281,156884,112589,201353,47577,71478,84856,28035,118875,671470,699046,59782,32206
2016/10/18,728151,51176,157100,32998,147333,114755,189243,51983,75479,86275,28640,121415,671341,696705,56809,31445
2016/10/25,736562,49841,161085,31825,155178,116703,200568,48761,76760,87997,27390,117847,681541,703725,55021,32837
2016/11/1,739201,48219,174322,33939,157232,116194,208471,35939,73494,87594,35219,114636,682548,707037,56654,32164
2016/11/8,748147,47836,177651,27989,150464,126004,212887,36513,76821,79557,32782,121039,692132,721275,56015,26872
2016/11/15,712406,52885,153349,24772,123627,135017,175336,43272,70660,66376,23702,132030,657077,681657,55329,30750
2016/11/22,634083,40093,134351,23617,115148,110955,170982,49747,64447,64827,27347,105149,580070,607145,54013,26939
2016/11/29,600844,45512,133012,26769,99256,103554,159758,56366,35951,63266,23951,116073,550882,568163,49962,32681
2016/12/6,608167,44073,124577,30570,98199,101179,149368,68554,38164,70307,23466,123494,557155,577633,51011,30534
2016/12/13,623974,45402,124277,30805,95010,105083,145455,76550,41375,74500,23229,129450,572069,594975,51905,28999
2016/12/20,647827,46577,124177,39588,87304,106770,135232,81321,53109,69950,20244,143223,594449,616147,53377,31680
2016/12/27,597450,42681,116387,42632,81617,92657,129215,87968,54164,69719,19782,119127,550195,571701,47255,25749
2017/1/3,616679,43350,115847,46159,85868,88613,126891,92331,66585,74596,19039,118901,565097,587184,51582,29495
2017/1/10,646101,43180,115822,42023,92532,93027,135216,80817,87164,74926,22800,122348,597885,614509,48217,31592
2017/1/17,689307,43649,119229,52825,99744,89960,143408,83472,106092,75207,28262,129427,640568,656187,48739,33120
2017/1/24,703456,43369,127077,56497,96557,95270,136284,76605,121161,72249,24605,130204,655034,671478,48422,31978
2017/1/31,578481,38397,125006,54925,100537,80918,142567,70500,49393,69300,22274,99980,535480,548608,43001,29873
2017/2/7,622522,42822,133689,56940,104318,86825,146783,71056,62750,72125,26483,108822,577067,593942,45455,28580
2017/2/14,627910,42542,132262,60742,99757,87263,138099,70117,66904,71770,29315,116599,583919,602217,43991,25693
2017/2/21,651490,43164,140544,58691,106221,89350,145115,62651,73121,76765,29976,120804,607011,622668,44479,28823
2017/2/28,656489,38769,149814,54355,127721,88923,173523,51803,62281,77185,30800,112783,607819,624126,48669,32362
2017/3/7,645146,38573,138461,57407,109523,87449,154355,60462,70411,72448,34840,115470,596112,616616,49034,28530
2017/3/14,643969,39697,129060,57616,85416,94253,120289,70454,84446,77563,29665,119929,593794,613223,50176,30746
2017/3/21,677776,38041,143720,57188,86689,94318,137976,72005,94790,85779,29613,121435,629526,642570,48250,35206
2017/3/28,645306,35526,155187,56550,97388,92815,156448,57298,83483,74852,30114,101905,601579,618191,43727,27115
2017/4/4,628054,34070,163603,55977,103659,87138,167764,52159,61388,73886,28308,100171,580395,596427,47659,31627
2017/4/11,681606,40062,180339,56075,107945,93668,183591,43184,71774,70207,33483,113634,629012,644027,52595,37579
2017/4/18,725021,44785,197276,55121,117955,101667,202114,40851,71105,75385,36305,122840,673018,688000,52003,37021
2017/4/25,667987,35215,191991,58937,113482,93460,209290,44009,48467,70893,39914,104045,620306,635367,47681,32620
2017/5/2,656510,34312,192359,60774,103058,91666,197861,49429,48706,71622,35047,102487,607426,622752,49084,33758
2017/5/9,637559,35440,175165,61053,78679,100589,149372,49452,51448,73021,31556,115683,586606,602572,50953,34988
2017/5/16,640232,37548,169093,64361,70983,104146,132485,62562,57931,78220,27886,114838,589530,607440,50702,32792
2017/5/23,697601,39399,191408,56856,79828,122214,167181,49520,67474,72475,30525,121809,647409,662779,50193,34822
2017/5/30,625626,38995,192088,56265,91598,89238,181140,49568,45804,72494,32258,93355,577291,593908,48335,31718
2017/6/6,728589,40422,210250,62103,118116,99910,236038,61380,54168,82995,43552,103686,679323,691063,49266,37527
2017/6/13,682626,35117,197530,60671,109029,95979,220196,65159,45879,79871,37786,100101,637814,651464,44812,31162
2017/6/20,650158,33023,176723,66750,89780,95860,170369,65012,51983,81456,35229,102536,601978,617122,48181,33036
2017/6/27,634481,32514,167204,68320,85498,95677,147874,71142,55361,86448,31023,97165,583359,603070,51122,31410
2017/7/3,650201,34847,158070,74334,56375,103769,131097,93321,66769,83475,30570,102918,597210,611794,52991,38407
2017/7/11,677637,40818,153881,82626,39869,108688,122824,95724,76357,84065,56131,110519,625896,641168,51741,36469
2017/7/18,686311,39462,155835,86656,43127,110720,128121,99301,76608,84538,55314,110540,636645,651444,49666,34867
2017/7/25,673706,36752,169612,85129,57165,113770,139571,64523,61098,79639,62352,109885,625844,638405,47862,35301
2017/8/1,652786,33605,177698,76557,81719,101187,163695,40922,55190,80641,67773,95932,606806,620420,45980,32366
2017/8/8,637727,33367,177522,74302,90764,97173,167068,28502,50006,77126,65849,94369,593410,604184,44316,33543
2017/8/15,694319,32943,191174,71922,114046,106009,196453,16916,56496,80313,68019,105889,650025,658550,44294,35769
2017/8/22,741455,34042,209443,74818,126001,113034,209547,13216,58878,85227,66107,119090,694637,705769,46818,35686
2017/8/29,790158,37606,224623,74073,150026,107486,244971,13075,69531,84204,69661,120544,738415,754946,51744,35212
2017/9/5,860258,42926,235521,74976,162943,122414,262633,13045,79656,86977,71643,133834,803415,819056,56843,41202
2017/9/12,855055,38032,231841,75671,173484,117234,278311,13377,78690,82549,73064,130339,800827,818029,54229,37026
