Date,Open Interest,Dealer Longs,Dealer Shorts,Dealer Spreads,Asset Manager Longs,Asset Manager Shorts,Asset Manager Spreads,Leveraged Funds Longs,Leveraged Funds Shorts,Leveraged Funds Spreads,Other Reportable Longs,Other Reportable Shorts,Other Reportable Spreads,Total Reportable Longs,Total Reportable Shorts,Non Reportable Longs,Non Reportable Shorts
2006-06-13,40895.0,22845.0,13115.0,1569.0,0.0,846.0,0.0,9640.0,15501.0,4538.0,285.0,1682.0,105.0,38983.0,37357.0,1912.0,3538.0
2006-06-20,25349.0,8097.0,1348.0,1019.0,0.0,859.0,0.0,9494.0,13935.0,3476.0,1753.0,1693.0,1.0,23840.0,22330.0,1508.0,3019.0
2006-06-27,21600.0,3746.0,1855.0,317.0,0.0,667.0,0.0,10666.0,11458.0,2318.0,2844.0,2096.0,27.0,19919.0,18738.0,1681.0,2862.0
2006-07-03,19802.0,3469.0,1872.0,318.0,0.0,658.0,0.0,11149.0,9300.0,2350.0,1244.0,2016.0,133.0,18662.0,16646.0,1140.0,3156.0
2006-07-11,21508.0,4133.0,1758.0,422.0,0.0,873.0,0.0,12261.0,10289.0,2310.0,984.0,2290.0,118.0,20227.0,18058.0,1280.0,3450.0
2006-07-18,18170.0,1596.0,2707.0,183.0,95.0,608.0,0.0,9803.0,5971.0,3169.0,1281.0,2193.0,108.0,16234.0,14939.0,1936.0,3231.0
2006-07-25,17788.0,1245.0,3833.0,278.0,101.0,623.0,0.0,10746.0,5258.0,2709.0,893.0,2078.0,151.0,16123.0,14930.0,1665.0,2858.0
2006-08-01,16833.0,1377.0,2461.0,595.0,0.0,677.0,0.0,10222.0,4988.0,2430.0,728.0,1995.0,29.0,15381.0,13175.0,1452.0,3659.0
2006-08-08,19412.0,2829.0,1379.0,959.0,0.0,936.0,0.0,11628.0,7217.0,2416.0,476.0,2340.0,22.0,18329.0,15268.0,1083.0,4144.0
2006-08-15,19553.0,3176.0,1410.0,937.0,0.0,945.0,0.0,11393.0,7490.0,2451.0,402.0,2371.0,34.0,18393.0,15638.0,1160.0,3915.0
2006-08-22,20208.0,3912.0,1428.0,918.0,0.0,943.0,0.0,11162.0,8348.0,2515.0,603.0,2324.0,25.0,19135.0,16501.0,1073.0,3707.0
2006-08-29,20738.0,4169.0,1814.0,536.0,0.0,831.0,0.0,11728.0,8943.0,2564.0,683.0,2356.0,21.0,19700.0,17065.0,1038.0,3674.0
2006-09-05,21118.0,4862.0,1785.0,557.0,0.0,798.0,0.0,11409.0,9485.0,2559.0,584.0,2422.0,21.0,19992.0,17627.0,1126.0,3491.0
2006-09-12,22748.0,2351.0,3152.0,697.0,0.0,509.0,0.0,11405.0,8303.0,4672.0,753.0,2330.0,256.0,20135.0,19919.0,2614.0,2829.0
2006-09-19,17849.0,4042.0,2224.0,695.0,0.0,410.0,0.0,6257.0,6926.0,3178.0,1030.0,2111.0,14.0,15217.0,15557.0,2632.0,2292.0
2006-09-26,20217.0,5431.0,1916.0,647.0,62.0,420.0,0.0,8530.0,9386.0,2858.0,665.0,2308.0,7.0,18199.0,17542.0,2017.0,2675.0
2006-10-03,25193.0,5200.0,7629.0,694.0,0.0,420.0,0.0,12672.0,8123.0,3253.0,865.0,2376.0,17.0,22701.0,22513.0,2492.0,2681.0
2006-10-10,31633.0,5530.0,12635.0,651.0,0.0,406.0,0.0,17361.0,9704.0,3122.0,1500.0,2572.0,20.0,28183.0,29109.0,3450.0,2524.0
2006-10-17,37544.0,5372.0,15747.0,634.0,0.0,474.0,0.0,23850.0,13429.0,2667.0,1406.0,2426.0,21.0,33951.0,35398.0,3593.0,2146.0
2006-10-24,34556.0,4954.0,16512.0,631.0,0.0,171.0,0.0,20898.0,9824.0,2769.0,1457.0,2272.0,13.0,30723.0,32193.0,3833.0,2364.0
2006-10-31,33700.0,6909.0,14307.0,713.0,0.0,171.0,0.0,19549.0,10119.0,3127.0,420.0,1863.0,10.0,30730.0,30312.0,2971.0,3389.0
2006-11-07,35200.0,8154.0,13916.0,711.0,0.0,181.0,0.0,19826.0,11288.0,3585.0,339.0,1973.0,63.0,32677.0,31716.0,2523.0,3484.0
2006-11-14,35231.0,10571.0,13566.0,715.0,0.0,181.0,0.0,19591.0,12793.0,2528.0,299.0,2132.0,71.0,33776.0,31986.0,1455.0,3245.0
2006-11-21,34281.0,10437.0,13318.0,694.0,0.0,166.0,0.0,18670.0,11881.0,2524.0,310.0,2160.0,67.0,32702.0,30809.0,1579.0,3472.0
2006-11-28,38474.0,14462.0,10795.0,564.0,143.0,234.0,0.0,18344.0,16452.0,2537.0,297.0,2675.0,45.0,36391.0,33301.0,2083.0,5173.0
2006-12-05,41275.0,17464.0,9247.0,89.0,105.0,310.0,0.0,12331.0,20596.0,3040.0,6771.0,2736.0,44.0,39844.0,36062.0,1431.0,5212.0
2006-12-12,47549.0,18482.0,7437.0,2278.0,0.0,309.0,0.0,18976.0,23524.0,6250.0,308.0,2890.0,59.0,46352.0,42747.0,1197.0,4801.0
2006-12-19,31265.0,8860.0,424.0,1740.0,0.0,473.0,0.0,16877.0,19261.0,2518.0,287.0,2920.0,7.0,30290.0,27343.0,976.0,3922.0
2006-12-26,30332.0,8487.0,424.0,1739.0,0.0,454.0,0.0,16335.0,18518.0,2497.0,287.0,3011.0,1.0,29345.0,26643.0,986.0,3688.0
2007-01-03,29084.0,8015.0,1459.0,868.0,0.0,556.0,0.0,16295.0,17052.0,2720.0,300.0,2921.0,1.0,28198.0,25577.0,886.0,3507.0
2007-01-09,26288.0,6620.0,3496.0,878.0,0.0,510.0,0.0,14444.0,13155.0,2814.0,375.0,2670.0,12.0,25141.0,23535.0,1147.0,2753.0
2007-01-16,21520.0,3514.0,4390.0,878.0,0.0,471.0,0.0,12288.0,8103.0,2348.0,638.0,2599.0,10.0,19675.0,18798.0,1845.0,2722.0
2007-01-23,22346.0,3466.0,4681.0,867.0,0.0,431.0,0.0,13237.0,8890.0,2321.0,706.0,2470.0,11.0,20609.0,19671.0,1737.0,2675.0
2007-01-30,22599.0,1971.0,6389.0,759.0,0.0,450.0,0.0,15165.0,7411.0,2244.0,497.0,2587.0,8.0,20645.0,19847.0,1955.0,2752.0
2007-02-06,25047.0,2776.0,6304.0,879.0,0.0,472.0,0.0,17055.0,9813.0,2387.0,414.0,2464.0,13.0,23523.0,22332.0,1524.0,2716.0
2007-02-13,25550.0,2934.0,7445.0,871.0,51.0,362.0,0.0,16937.0,9101.0,2384.0,301.0,2606.0,7.0,23485.0,22776.0,2065.0,2774.0
2007-02-20,30436.0,6414.0,4681.0,1275.0,105.0,362.0,0.0,18192.0,15550.0,2521.0,476.0,2621.0,7.0,28990.0,27018.0,1446.0,3418.0
2007-02-27,33418.0,9207.0,3666.0,1196.0,0.0,525.0,0.0,19074.0,18723.0,2481.0,379.0,2795.0,15.0,32352.0,29401.0,1067.0,4017.0
2007-03-06,29826.0,8552.0,2151.0,529.0,0.0,743.0,0.0,16640.0,17310.0,2597.0,117.0,2698.0,197.0,28632.0,26224.0,1195.0,3603.0
2007-03-13,34461.0,8428.0,2068.0,7846.0,0.0,765.0,0.0,12605.0,13294.0,4071.0,62.0,2715.0,217.0,33228.0,30976.0,1233.0,3484.0
2007-03-20,28980.0,10496.0,117.0,2166.0,0.0,918.0,0.0,12987.0,17099.0,2498.0,68.0,2772.0,13.0,28228.0,25583.0,752.0,3398.0
2007-03-27,29150.0,11118.0,146.0,2044.0,0.0,882.0,0.0,12443.0,17108.0,2352.0,169.0,2666.0,21.0,28147.0,25219.0,1003.0,3930.0
2007-04-03,30509.0,11751.0,546.0,2044.0,0.0,903.0,0.0,13165.0,18327.0,2142.0,181.0,2786.0,6.0,29289.0,26753.0,1220.0,3756.0
2007-04-10,31571.0,11900.0,546.0,2067.0,0.0,840.0,0.0,13620.0,18992.0,2218.0,160.0,2632.0,23.0,29988.0,27318.0,1583.0,4253.0
2007-04-17,34547.0,12622.0,557.0,2260.0,0.0,741.0,0.0,15427.0,21381.0,2405.0,349.0,2697.0,56.0,33118.0,30098.0,1429.0,4449.0
2007-04-24,40353.0,15851.0,593.0,2388.0,0.0,762.0,0.0,17114.0,27218.0,2508.0,614.0,2642.0,69.0,38544.0,36180.0,1809.0,4173.0
2007-05-01,42425.0,18174.0,593.0,2462.0,0.0,759.0,0.0,16179.0,29039.0,2700.0,858.0,2636.0,44.0,40416.0,38233.0,2009.0,4193.0
2007-05-08,37659.0,17330.0,604.0,2461.0,0.0,747.0,0.0,11445.0,24773.0,3864.0,1053.0,2558.0,66.0,36219.0,35072.0,1440.0,2587.0
2007-05-15,36429.0,17405.0,604.0,2457.0,0.0,761.0,0.0,9643.0,23834.0,2855.0,1487.0,2371.0,64.0,33912.0,32947.0,2517.0,3482.0
2007-05-22,32610.0,16329.0,769.0,2521.0,0.0,741.0,0.0,7120.0,19939.0,2952.0,928.0,2594.0,25.0,29874.0,29539.0,2737.0,3071.0
2007-05-29,32923.0,16016.0,812.0,2518.0,0.0,667.0,0.0,7517.0,20362.0,3077.0,1372.0,2538.0,38.0,30536.0,30011.0,2387.0,2912.0
2007-06-05,29229.0,14579.0,767.0,1698.0,0.0,733.0,0.0,6647.0,17189.0,3025.0,1023.0,2532.0,116.0,27089.0,26061.0,2140.0,3168.0
2007-06-12,29147.0,12459.0,978.0,404.0,0.0,719.0,0.0,4837.0,14296.0,7451.0,944.0,2520.0,84.0,26180.0,26452.0,2967.0,2695.0
2007-06-19,20267.0,2090.0,1049.0,884.0,0.0,699.0,20.0,9362.0,9068.0,4379.0,838.0,1979.0,15.0,17587.0,18092.0,2680.0,2174.0
2007-06-26,25913.0,3947.0,1013.0,535.0,0.0,773.0,20.0,15031.0,15956.0,3285.0,771.0,1960.0,69.0,23658.0,23610.0,2255.0,2303.0
2007-07-03,36928.0,10999.0,396.0,529.0,0.0,943.0,20.0,19803.0,26234.0,3247.0,591.0,2429.0,83.0,35273.0,33881.0,1655.0,3047.0
2007-07-10,39816.0,16448.0,568.0,464.0,0.0,992.0,20.0,17621.0,27502.0,3351.0,345.0,2773.0,100.0,38349.0,35770.0,1467.0,4046.0
2007-07-17,46595.0,22812.0,677.0,609.0,0.0,1070.0,20.0,17763.0,33553.0,3540.0,363.0,2966.0,109.0,45215.0,42543.0,1379.0,4052.0
2007-07-24,49650.0,25927.0,677.0,591.0,0.0,939.0,20.0,16665.0,36543.0,3722.0,1023.0,2862.0,152.0,48100.0,45506.0,1549.0,4144.0
2007-07-31,46514.0,25953.0,737.0,661.0,0.0,479.0,20.0,13176.0,34500.0,3854.0,856.0,2552.0,136.0,44656.0,42939.0,1858.0,3575.0
2007-08-07,44491.0,24049.0,737.0,590.0,55.0,942.0,20.0,13560.0,32177.0,3731.0,652.0,2557.0,147.0,42805.0,40901.0,1686.0,3590.0
2007-08-14,35862.0,20413.0,783.0,664.0,72.0,366.0,291.0,7189.0,24521.0,3937.0,686.0,2057.0,103.0,33355.0,32722.0,2507.0,3140.0
2007-08-21,27682.0,14447.0,881.0,658.0,0.0,588.0,20.0,3512.0,14529.0,6332.0,630.0,1833.0,115.0,25714.0,24957.0,1969.0,2725.0
2007-08-28,25408.0,14749.0,724.0,631.0,0.0,263.0,20.0,3186.0,14834.0,4317.0,568.0,1748.0,124.0,23595.0,22661.0,1814.0,2748.0
2007-09-04,26000.0,15087.0,611.0,655.0,0.0,409.0,20.0,3708.0,15703.0,3860.0,540.0,1786.0,146.0,24015.0,23190.0,1984.0,2810.0
2007-09-11,36042.0,20553.0,595.0,1626.0,0.0,629.0,20.0,6869.0,22093.0,4344.0,523.0,2157.0,429.0,34365.0,31893.0,1677.0,4149.0
2007-09-18,41241.0,26806.0,912.0,469.0,0.0,1026.0,20.0,8032.0,28761.0,3230.0,546.0,2353.0,114.0,39216.0,36885.0,2025.0,4356.0
2007-09-25,42635.0,29964.0,1076.0,416.0,0.0,1077.0,20.0,6727.0,30419.0,2950.0,727.0,2267.0,124.0,40928.0,38349.0,1707.0,4286.0
2007-10-02,42667.0,29989.0,1013.0,513.0,0.0,937.0,20.0,6128.0,30419.0,3091.0,795.0,2444.0,110.0,40644.0,38546.0,2023.0,4121.0
2007-10-09,42603.0,30488.0,1005.0,517.0,0.0,835.0,20.0,5095.0,30864.0,3130.0,979.0,2069.0,140.0,40369.0,38579.0,2234.0,4024.0
2007-10-16,41911.0,30121.0,827.0,764.0,0.0,834.0,20.0,4361.0,29856.0,3203.0,741.0,1976.0,129.0,39339.0,37609.0,2572.0,4302.0
2007-10-23,43364.0,30266.0,880.0,631.0,0.0,960.0,20.0,5921.0,30862.0,3276.0,498.0,2139.0,97.0,40710.0,38866.0,2654.0,4498.0
2007-10-30,43417.0,29069.0,827.0,543.0,0.0,1187.0,20.0,6329.0,30407.0,3252.0,1468.0,2227.0,122.0,40802.0,38585.0,2615.0,4832.0
2007-11-06,43752.0,28394.0,645.0,530.0,0.0,1194.0,20.0,5790.0,30852.0,3238.0,2549.0,2331.0,186.0,40707.0,38996.0,3045.0,4756.0
2007-11-13,40414.0,26679.0,715.0,553.0,62.0,880.0,20.0,1989.0,27393.0,3546.0,3581.0,2407.0,166.0,36596.0,35679.0,3817.0,4734.0
2007-11-20,41163.0,27618.0,716.0,527.0,62.0,933.0,20.0,2271.0,28532.0,3434.0,3639.0,2323.0,122.0,37692.0,36606.0,3471.0,4557.0
2007-11-27,41296.0,27518.0,729.0,715.0,62.0,1553.0,20.0,2048.0,27696.0,3452.0,3659.0,2394.0,128.0,37602.0,36687.0,3695.0,4610.0
2007-12-04,40430.0,26269.0,514.0,869.0,0.0,1666.0,20.0,1498.0,26983.0,3720.0,3887.0,1963.0,188.0,36451.0,35923.0,3979.0,4507.0
2007-12-11,46919.0,24509.0,180.0,5780.0,0.0,2610.0,0.0,2101.0,26586.0,5644.0,3998.0,1898.0,224.0,42257.0,42922.0,4662.0,3998.0
2007-12-18,36987.0,17946.0,18412.0,1302.0,0.0,2098.0,0.0,7273.0,5164.0,4329.0,1065.0,2101.0,52.0,31968.0,33459.0,5019.0,3528.0
2007-12-24,35692.0,17635.0,19494.0,1369.0,0.0,1977.0,0.0,7475.0,3567.0,3823.0,907.0,2064.0,53.0,31261.0,32347.0,4431.0,3345.0
2007-12-31,36362.0,19625.0,19579.0,967.0,0.0,2707.0,0.0,8394.0,4424.0,3194.0,439.0,1999.0,70.0,32689.0,32938.0,3673.0,3424.0
2008-01-08,39260.0,22174.0,18770.0,693.0,19.0,2798.0,216.0,9126.0,7466.0,3008.0,320.0,2082.0,53.0,35608.0,35085.0,3652.0,4175.0
2008-01-15,41716.0,23473.0,19415.0,607.0,19.0,2899.0,216.0,10593.0,9517.0,2919.0,366.0,2320.0,79.0,38271.0,37972.0,3445.0,3744.0
2008-01-22,38272.0,22892.0,19489.0,796.0,19.0,687.0,216.0,6654.0,8812.0,3080.0,553.0,2116.0,76.0,34285.0,35272.0,3987.0,3000.0
2008-01-29,41561.0,25811.0,19566.0,582.0,19.0,656.0,216.0,8067.0,11648.0,3013.0,592.0,2316.0,58.0,38359.0,38055.0,3202.0,3506.0
2008-02-05,45805.0,29387.0,19034.0,630.0,1117.0,816.0,216.0,6715.0,14819.0,3113.0,410.0,2394.0,63.0,41652.0,41086.0,4153.0,4719.0
2008-02-12,39085.0,24490.0,19207.0,610.0,1298.0,718.0,216.0,4901.0,9006.0,3075.0,534.0,1931.0,60.0,35184.0,34822.0,3901.0,4263.0
2008-02-19,41514.0,25748.0,19170.0,496.0,1398.0,706.0,191.0,5843.0,12443.0,2327.0,1563.0,1860.0,58.0,37623.0,37250.0,3891.0,4265.0
2008-02-26,48334.0,29686.0,19043.0,362.0,1198.0,861.0,284.0,9380.0,17143.0,2571.0,1449.0,2330.0,59.0,44989.0,42653.0,3345.0,5681.0
2008-03-04,49711.0,30966.0,19215.0,370.0,1099.0,1342.0,431.0,9184.0,17129.0,2714.0,1555.0,2719.0,80.0,46399.0,44000.0,3312.0,5711.0
2008-03-11,56586.0,31846.0,19255.0,2436.0,1099.0,1925.0,210.0,11075.0,23048.0,1941.0,3651.0,2431.0,121.0,52378.0,51367.0,4208.0,5218.0
2008-03-18,45586.0,27155.0,13452.0,374.0,402.0,2668.0,210.0,4655.0,19437.0,1771.0,6133.0,2378.0,7.0,40705.0,40296.0,4881.0,5290.0
2008-03-25,44235.0,23040.0,13321.0,445.0,401.0,1729.0,196.0,8218.0,18728.0,2542.0,4344.0,2147.0,14.0,39200.0,39121.0,5036.0,5114.0
2008-04-01,44694.0,22004.0,13196.0,517.0,54.0,1789.0,418.0,7918.0,18582.0,2716.0,5143.0,2025.0,6.0,38777.0,39249.0,5917.0,5445.0
2008-04-08,43275.0,21284.0,13568.0,452.0,54.0,2032.0,378.0,9307.0,18277.0,2553.0,5307.0,2099.0,31.0,39365.0,39390.0,3909.0,3885.0
2008-04-15,44730.0,21335.0,13573.0,431.0,54.0,2343.0,500.0,10662.0,18509.0,2588.0,5154.0,2345.0,43.0,40766.0,40332.0,3964.0,4398.0
2008-04-22,47530.0,24387.0,13648.0,377.0,50.0,1898.0,587.0,9820.0,21757.0,2693.0,5468.0,2263.0,86.0,43469.0,43309.0,4061.0,4221.0
2008-04-29,38129.0,20286.0,14134.0,636.0,169.0,1154.0,878.0,4700.0,13619.0,2894.0,3403.0,1515.0,42.0,33009.0,34874.0,5119.0,3255.0
2008-05-06,36650.0,18799.0,14505.0,669.0,1025.0,715.0,795.0,5907.0,13008.0,2802.0,1710.0,943.0,48.0,31755.0,33483.0,4895.0,3166.0
2008-05-13,35028.0,18410.0,15612.0,492.0,1089.0,595.0,635.0,4826.0,11075.0,2884.0,1577.0,661.0,26.0,29939.0,31979.0,5089.0,3049.0
2008-05-20,39743.0,19266.0,14808.0,420.0,1427.0,940.0,732.0,9287.0,15365.0,2692.0,1670.0,1082.0,41.0,35535.0,36080.0,4208.0,3663.0
2008-05-27,41305.0,19201.0,14844.0,411.0,1410.0,970.0,799.0,10927.0,16180.0,3022.0,1230.0,1383.0,94.0,37095.0,37703.0,4211.0,3603.0
2008-06-03,39354.0,18105.0,14792.0,496.0,1596.0,907.0,650.0,9898.0,15601.0,2580.0,1664.0,1220.0,63.0,35052.0,36309.0,4302.0,3045.0
2008-06-10,50187.0,17850.0,15229.0,10338.0,1588.0,862.0,661.0,11861.0,15900.0,2957.0,1191.0,1444.0,131.0,46577.0,47522.0,3611.0,2666.0
2008-06-17,27464.0,7446.0,13008.0,1166.0,1730.0,881.0,486.0,6909.0,6359.0,2446.0,2560.0,688.0,165.0,22908.0,25199.0,4556.0,2265.0
2008-06-24,31349.0,7820.0,14186.0,1112.0,1340.0,672.0,646.0,10498.0,8779.0,2391.0,2916.0,781.0,148.0,26871.0,28715.0,4479.0,2635.0
2008-07-01,35623.0,7954.0,105.0,97.0,774.0,829.0,947.0,15665.0,13560.0,2568.0,2767.0,12622.0,1080.0,31852.0,31809.0,3770.0,3814.0
2008-07-08,36313.0,7968.0,185.0,93.0,604.0,901.0,1133.0,13058.0,13972.0,2521.0,6164.0,12982.0,1129.0,32670.0,32916.0,3643.0,3397.0
2008-07-15,40249.0,7237.0,190.0,81.0,271.0,1137.0,1360.0,18325.0,20242.0,2583.0,6202.0,8877.0,1132.0,37190.0,35602.0,3058.0,4647.0
2008-07-22,39171.0,7091.0,260.0,84.0,289.0,816.0,1422.0,15584.0,16553.0,2624.0,6100.0,11392.0,1136.0,34331.0,34287.0,4840.0,4884.0
2008-07-29,37948.0,6969.0,190.0,244.0,364.0,771.0,1389.0,13856.0,9823.0,2863.0,6262.0,17931.0,1093.0,33039.0,34303.0,4909.0,3645.0
2008-08-05,33576.0,7281.0,156.0,284.0,493.0,689.0,1309.0,13244.0,7680.0,2913.0,2473.0,16636.0,984.0,28980.0,30651.0,4596.0,2925.0
2008-08-12,35818.0,8945.0,469.0,898.0,1086.0,90.0,1203.0,10734.0,5903.0,3182.0,2776.0,20299.0,1048.0,29871.0,33092.0,5947.0,2726.0
2008-08-19,44484.0,9520.0,826.0,1167.0,1374.0,90.0,1149.0,19890.0,6770.0,2914.0,2454.0,28008.0,802.0,39271.0,41727.0,5214.0,2758.0
2008-08-26,46704.0,9764.0,1343.0,1155.0,965.0,90.0,1206.0,22702.0,4729.0,2945.0,2312.0,31620.0,682.0,41730.0,43770.0,4974.0,2934.0
2008-09-02,52711.0,10507.0,1310.0,1171.0,1556.0,90.0,1035.0,25528.0,7629.0,4101.0,3053.0,33891.0,471.0,47422.0,49697.0,5289.0,3014.0
2008-09-09,80878.0,11603.0,1334.0,22361.0,2217.0,90.0,957.0,28297.0,5801.0,6647.0,2768.0,39239.0,407.0,75257.0,76837.0,5620.0,4041.0
2008-09-16,54688.0,10371.0,38378.0,2004.0,1930.0,67.0,769.0,30612.0,860.0,2737.0,1995.0,3328.0,386.0,50805.0,48529.0,3884.0,6159.0
2008-09-23,51519.0,7730.0,36498.0,1976.0,1251.0,633.0,1746.0,24223.0,895.0,3428.0,7152.0,1629.0,479.0,47985.0,47282.0,3535.0,4237.0
2008-09-30,48362.0,6877.0,34027.0,2094.0,1958.0,760.0,1742.0,19908.0,796.0,2776.0,8617.0,1021.0,679.0,44649.0,43894.0,3713.0,4468.0
2008-10-07,47433.0,6872.0,35031.0,2063.0,2225.0,176.0,1676.0,18150.0,899.0,2974.0,9421.0,1861.0,531.0,43913.0,45212.0,3520.0,2221.0
2008-10-14,48907.0,6678.0,35114.0,2071.0,2519.0,125.0,1682.0,18990.0,357.0,3277.0,7960.0,1362.0,556.0,43733.0,44544.0,5174.0,4363.0
2008-10-21,46701.0,6056.0,35336.0,2102.0,3105.0,58.0,1499.0,19879.0,917.0,3144.0,6380.0,674.0,736.0,42900.0,44465.0,3801.0,2236.0
2008-10-28,42450.0,6763.0,30685.0,2216.0,3148.0,58.0,1439.0,13823.0,503.0,3223.0,6815.0,433.0,921.0,38348.0,39478.0,4102.0,2972.0
2008-11-04,41459.0,6379.0,29685.0,2191.0,2077.0,58.0,1548.0,13282.0,741.0,3235.0,7561.0,98.0,964.0,37236.0,38520.0,4224.0,2939.0
2008-11-11,41744.0,6172.0,29685.0,2244.0,2957.0,105.0,1364.0,14002.0,1972.0,3098.0,6775.0,6.0,990.0,37601.0,39463.0,4143.0,2281.0
2008-11-18,41569.0,6240.0,29777.0,2247.0,2793.0,255.0,1483.0,12604.0,670.0,3127.0,7886.0,19.0,1225.0,37604.0,38802.0,3965.0,2767.0
2008-11-25,43905.0,6372.0,29736.0,2198.0,1485.0,438.0,1942.0,15651.0,835.0,3389.0,8957.0,971.0,946.0,40940.0,40455.0,2964.0,3450.0
2008-12-02,42613.0,5695.0,29218.0,2235.0,1556.0,395.0,1802.0,14057.0,740.0,3182.0,10045.0,659.0,1133.0,39704.0,39363.0,2909.0,3250.0
2008-12-09,42604.0,4842.0,29220.0,816.0,1369.0,242.0,1833.0,15436.0,1139.0,4544.0,10374.0,714.0,865.0,40079.0,39373.0,2525.0,3231.0
2008-12-16,18127.0,4001.0,5100.0,59.0,100.0,776.0,2245.0,6638.0,2349.0,2638.0,358.0,875.0,133.0,16172.0,14174.0,1955.0,3953.0
2008-12-22,17142.0,2590.0,4813.0,71.0,0.0,1388.0,1197.0,6327.0,2633.0,2697.0,2457.0,895.0,131.0,15469.0,13825.0,1673.0,3317.0
2008-12-30,17261.0,2556.0,5265.0,67.0,0.0,1526.0,1195.0,6067.0,1854.0,2725.0,2480.0,916.0,122.0,15211.0,13669.0,2050.0,3592.0
2009-01-06,17378.0,2189.0,5356.0,90.0,74.0,1526.0,1220.0,7001.0,1964.0,2663.0,1387.0,1006.0,170.0,14793.0,13995.0,2585.0,3383.0
2009-01-13,15100.0,2166.0,5356.0,131.0,176.0,1147.0,1154.0,6009.0,729.0,2576.0,522.0,1313.0,183.0,12918.0,12589.0,2182.0,2510.0
2009-01-20,16954.0,2324.0,5684.0,135.0,241.0,770.0,1240.0,6966.0,1501.0,2790.0,178.0,2077.0,237.0,14111.0,14433.0,2843.0,2521.0
2009-01-27,20199.0,2378.0,7961.0,124.0,492.0,1009.0,1295.0,9197.0,1005.0,3442.0,326.0,2467.0,266.0,17519.0,17568.0,2680.0,2631.0
2009-02-03,20780.0,2324.0,8872.0,132.0,438.0,975.0,1249.0,10452.0,996.0,2756.0,160.0,3052.0,255.0,17766.0,18286.0,3014.0,2493.0
2009-02-10,20124.0,2184.0,8879.0,150.0,383.0,774.0,1274.0,10179.0,1142.0,2617.0,216.0,2064.0,284.0,17288.0,17185.0,2836.0,2938.0
2009-02-17,26593.0,2069.0,10924.0,143.0,461.0,371.0,1299.0,13700.0,2076.0,4812.0,297.0,4601.0,259.0,23039.0,24484.0,3554.0,2109.0
2009-02-24,24036.0,2165.0,11779.0,139.0,441.0,633.0,1316.0,13040.0,832.0,3362.0,387.0,3110.0,287.0,21136.0,21457.0,2900.0,2579.0
2009-03-03,25857.0,2058.0,12046.0,654.0,482.0,541.0,1336.0,12848.0,871.0,4187.0,248.0,3281.0,246.0,22059.0,23162.0,3798.0,2695.0
2009-03-10,30214.0,2181.0,18242.0,1083.0,489.0,809.0,1307.0,15983.0,724.0,2326.0,1710.0,754.0,1885.0,26963.0,27130.0,3251.0,3085.0
2009-03-17,24077.0,1680.0,12270.0,1110.0,304.0,817.0,1246.0,13256.0,1239.0,2389.0,1148.0,1696.0,348.0,21480.0,21114.0,2598.0,2963.0
2009-03-24,26102.0,7263.0,11087.0,1278.0,233.0,1249.0,907.0,9566.0,3619.0,2608.0,1219.0,1779.0,89.0,23163.0,22615.0,2939.0,3487.0
2009-03-31,24799.0,7185.0,11087.0,1472.0,273.0,1194.0,862.0,9909.0,3237.0,2648.0,1189.0,1567.0,144.0,23682.0,22211.0,1118.0,2589.0
2009-04-07,24920.0,5527.0,11279.0,1461.0,114.0,960.0,748.0,11914.0,2557.0,2635.0,1111.0,1838.0,75.0,23585.0,21552.0,1334.0,3367.0
2009-04-14,25192.0,5459.0,11094.0,1419.0,102.0,1163.0,629.0,13116.0,2466.0,2627.0,313.0,2428.0,67.0,23731.0,21891.0,1461.0,3301.0
2009-04-21,24495.0,3660.0,12193.0,1468.0,136.0,626.0,843.0,11552.0,3453.0,2561.0,1507.0,734.0,71.0,21798.0,21948.0,2697.0,2547.0
2009-04-28,23584.0,4397.0,11952.0,1470.0,148.0,838.0,880.0,10421.0,2121.0,2650.0,1613.0,681.0,51.0,21629.0,20641.0,1955.0,2942.0
2009-05-05,25250.0,7578.0,11842.0,1333.0,135.0,743.0,885.0,10158.0,3363.0,2794.0,341.0,675.0,65.0,23288.0,21699.0,1962.0,3551.0
2009-05-12,29754.0,10143.0,11862.0,1126.0,84.0,1242.0,678.0,12632.0,6528.0,2946.0,598.0,560.0,92.0,28299.0,25034.0,1456.0,4720.0
2009-05-19,32005.0,12143.0,11862.0,1152.0,84.0,1474.0,612.0,12968.0,8580.0,3026.0,392.0,755.0,100.0,30476.0,27560.0,1529.0,4445.0
2009-05-26,39196.0,17890.0,12507.0,1147.0,68.0,1928.0,507.0,13963.0,13396.0,3416.0,467.0,1503.0,177.0,37635.0,34580.0,1561.0,4616.0
2009-06-02,42690.0,20499.0,12635.0,1410.0,100.0,2076.0,505.0,12706.0,15313.0,3876.0,1430.0,1604.0,286.0,40811.0,37705.0,1879.0,4985.0
2009-06-09,43688.0,21136.0,12881.0,3953.0,100.0,1900.0,550.0,10670.0,14828.0,3366.0,1416.0,1563.0,181.0,41371.0,39222.0,2317.0,4467.0
2009-06-16,21880.0,11565.0,1710.0,314.0,98.0,1781.0,607.0,2639.0,9366.0,2597.0,1459.0,1524.0,0.0,19279.0,17899.0,2600.0,3981.0
2009-06-23,22140.0,10578.0,1339.0,333.0,98.0,2039.0,646.0,3693.0,9912.0,2638.0,1848.0,1460.0,0.0,19833.0,18366.0,2306.0,3774.0
2009-06-30,21624.0,11264.0,1137.0,317.0,98.0,1915.0,637.0,3058.0,9515.0,2742.0,1257.0,1502.0,5.0,19377.0,17769.0,2247.0,3854.0
2009-07-07,21548.0,10361.0,1230.0,278.0,98.0,1971.0,637.0,3623.0,9843.0,2664.0,1286.0,1594.0,0.0,18946.0,18217.0,2602.0,3331.0
2009-07-14,22769.0,10875.0,1195.0,217.0,98.0,2181.0,635.0,5277.0,10721.0,2646.0,484.0,1965.0,0.0,20232.0,19560.0,2537.0,3209.0
2009-07-21,28626.0,15058.0,1242.0,85.0,108.0,2523.0,626.0,6905.0,15079.0,2682.0,1294.0,1682.0,0.0,26758.0,23920.0,1869.0,4707.0
2009-07-28,27294.0,14648.0,1463.0,249.0,108.0,2691.0,584.0,5673.0,12735.0,2722.0,1245.0,1906.0,0.0,25228.0,22349.0,2066.0,4945.0
2009-08-04,30352.0,17678.0,1194.0,243.0,128.0,2973.0,580.0,6171.0,16761.0,2797.0,1571.0,1814.0,0.0,29167.0,26361.0,1184.0,3990.0
2009-08-11,29207.0,16952.0,1367.0,244.0,150.0,3481.0,653.0,4043.0,14815.0,2846.0,1834.0,1623.0,4.0,26726.0,25032.0,2482.0,4175.0
2009-08-18,26603.0,14990.0,840.0,244.0,239.0,3220.0,719.0,1598.0,13630.0,2940.0,2090.0,1442.0,31.0,22852.0,23066.0,3751.0,3537.0
2009-08-25,28903.0,16895.0,169.0,92.0,154.0,3224.0,764.0,2379.0,15971.0,3031.0,2214.0,1339.0,0.0,25529.0,24589.0,3374.0,4315.0
2009-09-01,31839.0,16350.0,203.0,103.0,345.0,3096.0,829.0,5044.0,19394.0,3135.0,2260.0,1399.0,0.0,28066.0,28159.0,3773.0,3680.0
2009-09-08,38994.0,18577.0,225.0,4121.0,132.0,3441.0,844.0,6475.0,19378.0,4147.0,1880.0,1495.0,25.0,36201.0,33675.0,2793.0,5319.0
2009-09-15,35319.0,16974.0,332.0,1996.0,132.0,3739.0,747.0,8578.0,18912.0,3267.0,1271.0,1537.0,10.0,32976.0,30540.0,2343.0,4779.0
2009-09-22,34691.0,17993.0,459.0,1893.0,142.0,3613.0,779.0,8301.0,19905.0,2292.0,1133.0,1585.0,20.0,32554.0,30546.0,2137.0,4145.0
2009-09-29,30950.0,16011.0,956.0,1887.0,142.0,2638.0,881.0,4974.0,16844.0,2397.0,1660.0,1382.0,66.0,28017.0,27050.0,2933.0,3900.0
2009-10-06,33322.0,16474.0,563.0,1884.0,205.0,2590.0,856.0,6632.0,18982.0,2712.0,1886.0,1457.0,15.0,30663.0,29058.0,2659.0,4264.0
2009-10-13,34990.0,18345.0,818.0,1900.0,211.0,2827.0,763.0,7457.0,19352.0,2430.0,966.0,1569.0,0.0,32071.0,29659.0,2918.0,5331.0
2009-10-20,37862.0,18775.0,717.0,1912.0,226.0,3027.0,695.0,9713.0,21247.0,2612.0,870.0,2001.0,30.0,34833.0,32242.0,3029.0,5621.0
2009-10-27,37569.0,17365.0,1105.0,1958.0,232.0,2797.0,914.0,8976.0,21174.0,2762.0,1085.0,1527.0,40.0,33332.0,32276.0,4237.0,5292.0
2009-11-03,37297.0,17614.0,2213.0,2143.0,123.0,2323.0,924.0,8158.0,21694.0,2248.0,1341.0,1686.0,88.0,32638.0,33318.0,4659.0,3979.0
2009-11-09,38506.0,19320.0,3004.0,2097.0,141.0,2583.0,919.0,7264.0,21065.0,2457.0,1887.0,1707.0,51.0,34136.0,33882.0,4371.0,4624.0
2009-11-17,43497.0,23084.0,3145.0,2109.0,153.0,2816.0,905.0,8911.0,24768.0,2566.0,1838.0,1821.0,32.0,39597.0,38162.0,3900.0,5336.0
2009-11-24,41331.0,20642.0,3633.0,2320.0,160.0,2726.0,938.0,8034.0,22768.0,2629.0,1707.0,1562.0,39.0,36470.0,36615.0,4861.0,4716.0
2009-12-01,41255.0,21197.0,3470.0,2379.0,81.0,2887.0,798.0,8061.0,22430.0,2689.0,1117.0,1868.0,45.0,36367.0,36566.0,4888.0,4689.0
2009-12-08,49584.0,17325.0,4075.0,7660.0,81.0,2389.0,928.0,10125.0,22690.0,5842.0,2253.0,1969.0,112.0,44325.0,45664.0,5260.0,3921.0
2009-12-15,52580.0,23356.0,15518.0,3318.0,108.0,1641.0,1180.0,12904.0,21947.0,3799.0,2644.0,1560.0,1.0,47310.0,48965.0,5270.0,3615.0
2009-12-22,61272.0,36310.0,18240.0,3409.0,0.0,805.0,1405.0,8196.0,29156.0,3703.0,2982.0,1268.0,1.0,56005.0,57986.0,5267.0,3286.0
2009-12-29,64714.0,36248.0,22616.0,3404.0,0.0,990.0,1422.0,12353.0,29856.0,2628.0,3965.0,1183.0,1.0,60022.0,62100.0,4692.0,2613.0
2010-01-05,63512.0,34653.0,23965.0,3433.0,0.0,841.0,1439.0,11103.0,27283.0,2641.0,4861.0,989.0,25.0,58155.0,60617.0,5356.0,2895.0
2010-01-12,53265.0,28028.0,22036.0,3115.0,0.0,781.0,1415.0,10695.0,20018.0,2474.0,2134.0,909.0,72.0,47934.0,50821.0,5331.0,2444.0
2010-01-19,50704.0,25134.0,21687.0,3603.0,0.0,975.0,1366.0,9572.0,16930.0,2693.0,2680.0,967.0,71.0,45118.0,48292.0,5586.0,2412.0
2010-01-26,61443.0,23310.0,26137.0,4185.0,0.0,545.0,1485.0,19902.0,22719.0,2381.0,2614.0,795.0,59.0,53936.0,58305.0,7507.0,3138.0
2010-02-02,69674.0,24870.0,29829.0,4346.0,501.0,280.0,1224.0,27946.0,28468.0,2373.0,2255.0,1026.0,55.0,63569.0,67600.0,6105.0,2074.0
2010-02-09,61564.0,23478.0,36501.0,3109.0,818.0,38.0,1247.0,21149.0,14389.0,3520.0,2385.0,756.0,11.0,55716.0,59570.0,5847.0,1993.0
2010-02-16,61223.0,22586.0,36158.0,2877.0,965.0,0.0,1159.0,21708.0,14418.0,3598.0,2604.0,760.0,28.0,55524.0,58997.0,5700.0,2226.0
2010-02-23,60454.0,22626.0,37377.0,2986.0,1431.0,109.0,1089.0,20756.0,11752.0,3737.0,2074.0,833.0,5.0,54703.0,57888.0,5751.0,2567.0
2010-03-02,58416.0,22459.0,37843.0,1918.0,1448.0,109.0,1096.0,19388.0,10616.0,4056.0,2707.0,638.0,15.0,53088.0,56291.0,5328.0,2125.0
2010-03-09,59488.0,19802.0,36838.0,3410.0,1051.0,109.0,1113.0,20539.0,9262.0,5263.0,2192.0,607.0,443.0,53813.0,57045.0,5675.0,2443.0
2010-03-16,48078.0,18714.0,30891.0,3217.0,1001.0,109.0,1117.0,14543.0,7683.0,2580.0,2328.0,391.0,0.0,43500.0,45987.0,4579.0,2091.0
2010-03-23,52804.0,17672.0,32824.0,3296.0,871.0,169.0,997.0,21068.0,9363.0,2548.0,1074.0,1288.0,0.0,47526.0,50485.0,5278.0,2319.0
2010-03-30,61950.0,18104.0,34668.0,3190.0,1419.0,0.0,917.0,28669.0,17090.0,2513.0,1319.0,1928.0,0.0,56131.0,60307.0,5819.0,1644.0
2010-04-06,51634.0,17920.0,33746.0,3229.0,1567.0,0.0,901.0,17580.0,7233.0,2574.0,1901.0,1047.0,10.0,45682.0,48740.0,5952.0,2894.0
2010-04-13,48011.0,16351.0,31531.0,3058.0,1014.0,0.0,1024.0,15700.0,6138.0,2392.0,2941.0,1088.0,13.0,42492.0,45243.0,5519.0,2768.0
2010-04-20,45924.0,15041.0,30301.0,2711.0,312.0,131.0,1154.0,17470.0,4693.0,2413.0,1578.0,1748.0,69.0,40747.0,43220.0,5177.0,2704.0
2010-04-27,48733.0,15554.0,30842.0,2778.0,777.0,81.0,987.0,19062.0,7924.0,2388.0,1184.0,1107.0,113.0,42843.0,46220.0,5891.0,2513.0
2010-05-04,50568.0,15027.0,31715.0,2648.0,724.0,67.0,938.0,22049.0,9338.0,2436.0,1291.0,929.0,100.0,45214.0,48171.0,5354.0,2397.0
2010-05-11,45241.0,12800.0,21622.0,2720.0,1218.0,0.0,824.0,18879.0,14629.0,2553.0,453.0,320.0,4.0,39451.0,42673.0,5791.0,2569.0
2010-05-18,42693.0,13084.0,16267.0,2906.0,1361.0,0.0,743.0,16235.0,17370.0,2485.0,572.0,512.0,3.0,37389.0,40286.0,5305.0,2408.0
2010-05-25,41080.0,11624.0,14197.0,2944.0,1203.0,0.0,719.0,15114.0,17101.0,3611.0,385.0,320.0,0.0,35600.0,38892.0,5480.0,2188.0
2010-06-01,39512.0,10979.0,12467.0,2915.0,1474.0,0.0,688.0,13507.0,16521.0,4704.0,565.0,226.0,29.0,34861.0,37550.0,4651.0,1962.0
2010-06-08,38632.0,11949.0,11619.0,412.0,1446.0,0.0,640.0,14853.0,19740.0,2725.0,469.0,169.0,571.0,33065.0,35875.0,5567.0,2757.0
2010-06-15,32662.0,11775.0,21022.0,49.0,1077.0,0.0,713.0,13313.0,8177.0,555.0,624.0,273.0,6.0,28112.0,30795.0,4550.0,1867.0
2010-06-22,32418.0,12241.0,19269.0,52.0,1139.0,0.0,708.0,12107.0,9662.0,1323.0,535.0,125.0,4.0,28109.0,31143.0,4310.0,1275.0
2010-06-29,30647.0,12748.0,18273.0,52.0,1063.0,0.0,722.0,9957.0,8664.0,1409.0,642.0,70.0,4.0,26597.0,29194.0,4050.0,1453.0
2010-07-06,28318.0,11260.0,17093.0,79.0,591.0,0.0,789.0,10010.0,6790.0,1036.0,690.0,396.0,4.0,24458.0,26187.0,3860.0,2132.0
2010-07-13,25915.0,10858.0,15441.0,112.0,387.0,50.0,838.0,8221.0,5165.0,1489.0,643.0,912.0,4.0,22553.0,24011.0,3362.0,1904.0
2010-07-20,24562.0,10199.0,15449.0,146.0,263.0,50.0,845.0,7453.0,4239.0,1284.0,582.0,528.0,4.0,20775.0,22545.0,3787.0,2018.0
2010-07-27,22919.0,10146.0,15302.0,114.0,90.0,50.0,828.0,6395.0,3034.0,683.0,500.0,723.0,4.0,18759.0,20738.0,4159.0,2181.0
2010-08-03,23230.0,9760.0,15185.0,42.0,84.0,135.0,839.0,6582.0,2736.0,899.0,914.0,919.0,4.0,19124.0,20758.0,4106.0,2472.0
2010-08-10,29090.0,10417.0,16057.0,118.0,148.0,145.0,792.0,11517.0,7099.0,766.0,818.0,1096.0,4.0,24580.0,26077.0,4509.0,3012.0
2010-08-17,32292.0,11163.0,16879.0,160.0,313.0,0.0,797.0,14090.0,10780.0,798.0,640.0,652.0,4.0,27965.0,30069.0,4327.0,2224.0
2010-08-24,29335.0,11807.0,16218.0,143.0,585.0,0.0,729.0,9310.0,8686.0,679.0,617.0,649.0,5.0,23876.0,27110.0,5459.0,2225.0
2010-08-31,24712.0,11627.0,14118.0,139.0,680.0,0.0,736.0,5065.0,6458.0,830.0,711.0,571.0,0.0,19788.0,22852.0,4924.0,1860.0
2010-09-07,24438.0,11281.0,13365.0,173.0,677.0,0.0,725.0,5843.0,6115.0,1006.0,403.0,840.0,292.0,20400.0,22516.0,4037.0,1921.0
2010-09-14,25099.0,11252.0,7706.0,131.0,802.0,0.0,807.0,6682.0,11681.0,807.0,543.0,1039.0,1.0,21024.0,22172.0,4075.0,2927.0
2010-09-21,28923.0,13182.0,7106.0,130.0,435.0,0.0,869.0,9270.0,15473.0,785.0,584.0,1362.0,1.0,25255.0,25726.0,3668.0,3197.0
2010-09-28,33482.0,12680.0,7565.0,122.0,401.0,400.0,742.0,13586.0,18589.0,854.0,2333.0,1536.0,1.0,30719.0,29810.0,2762.0,3672.0
2010-10-05,35015.0,14927.0,7389.0,147.0,416.0,828.0,740.0,13055.0,18863.0,892.0,1829.0,2107.0,1.0,32007.0,30968.0,3007.0,4047.0
2010-10-12,35360.0,16965.0,7454.0,145.0,299.0,915.0,662.0,11105.0,20809.0,771.0,1757.0,788.0,0.0,31703.0,31544.0,3656.0,3815.0
2010-10-19,38247.0,18734.0,7824.0,165.0,269.0,810.0,927.0,9450.0,23062.0,1034.0,3260.0,909.0,0.0,33839.0,34732.0,4408.0,3515.0
2010-10-26,39153.0,20082.0,7423.0,158.0,333.0,762.0,992.0,8915.0,24165.0,1107.0,2974.0,1078.0,0.0,34560.0,35685.0,4593.0,3469.0
2010-11-02,40847.0,19641.0,7565.0,153.0,360.0,727.0,1083.0,10335.0,25684.0,941.0,3533.0,1123.0,92.0,36139.0,37369.0,4708.0,3478.0
2010-11-09,39192.0,18024.0,7666.0,188.0,284.0,786.0,1034.0,11585.0,22696.0,1246.0,2530.0,1258.0,3.0,34895.0,34877.0,4297.0,4315.0
2010-11-16,33668.0,15471.0,7375.0,212.0,1209.0,707.0,888.0,7754.0,18559.0,1489.0,1504.0,1063.0,31.0,28558.0,30324.0,5110.0,3344.0
2010-11-23,34670.0,14917.0,7046.0,245.0,1275.0,511.0,820.0,9119.0,20591.0,1407.0,1704.0,812.0,72.0,29560.0,31505.0,5109.0,3165.0
2010-11-30,35522.0,15402.0,7046.0,262.0,1275.0,312.0,768.0,8970.0,21188.0,2238.0,1282.0,653.0,0.0,30197.0,32467.0,5325.0,3055.0
2010-12-07,35407.0,14818.0,7718.0,353.0,976.0,297.0,820.0,9432.0,19464.0,2055.0,1042.0,1351.0,189.0,29686.0,32249.0,5721.0,3158.0
2010-12-14,25567.0,11926.0,4519.0,37.0,1026.0,346.0,801.0,5716.0,14901.0,1110.0,1184.0,1589.0,0.0,21800.0,23303.0,3766.0,2264.0
2010-12-21,27469.0,11778.0,4490.0,27.0,1306.0,376.0,735.0,6778.0,17662.0,875.0,900.0,1064.0,2.0,22401.0,25232.0,5068.0,2238.0
2010-12-28,26794.0,11431.0,4403.0,28.0,1225.0,437.0,730.0,7098.0,17155.0,876.0,772.0,904.0,2.0,22162.0,24535.0,4632.0,2259.0
2011-01-04,28106.0,10876.0,2815.0,209.0,1074.0,188.0,727.0,8804.0,19484.0,904.0,1323.0,1133.0,21.0,23939.0,25481.0,4167.0,2625.0
2011-01-11,36854.0,10809.0,14160.0,17.0,1276.0,180.0,627.0,13933.0,16672.0,2184.0,1912.0,972.0,15.0,30773.0,34827.0,6081.0,2028.0
2011-01-18,33352.0,10718.0,12759.0,30.0,817.0,237.0,719.0,12551.0,13978.0,911.0,2250.0,1035.0,0.0,27996.0,29669.0,5356.0,3683.0
2011-01-25,39751.0,11144.0,9368.0,158.0,460.0,240.0,816.0,17236.0,22521.0,1005.0,3016.0,1016.0,1.0,33836.0,35125.0,5915.0,4626.0
2011-02-01,42970.0,10971.0,5264.0,122.0,351.0,495.0,715.0,20815.0,29539.0,1066.0,2765.0,1008.0,0.0,36804.0,38209.0,6166.0,4761.0
2011-02-08,44385.0,10680.0,2567.0,129.0,425.0,294.0,830.0,22364.0,34160.0,1084.0,3186.0,989.0,1.0,38698.0,40054.0,5687.0,4331.0
2011-02-15,40409.0,10595.0,2603.0,432.0,441.0,289.0,775.0,17743.0,29778.0,1925.0,2795.0,1063.0,19.0,34725.0,36885.0,5684.0,3525.0
2011-02-22,40668.0,13100.0,2606.0,677.0,248.0,308.0,788.0,16773.0,30662.0,1015.0,2073.0,934.0,1.0,34676.0,36990.0,5992.0,3678.0
2011-03-01,46846.0,13303.0,2521.0,777.0,203.0,365.0,811.0,24025.0,35549.0,1040.0,2002.0,1359.0,2.0,42162.0,42423.0,4684.0,4423.0
2011-03-08,52872.0,13177.0,2596.0,1228.0,235.0,506.0,770.0,28803.0,40076.0,1041.0,2285.0,1718.0,393.0,47932.0,48328.0,4940.0,4544.0
2011-03-15,51371.0,25527.0,1723.0,61.0,90.0,628.0,731.0,16494.0,41162.0,832.0,1845.0,1933.0,158.0,45738.0,47227.0,5633.0,4143.0
2011-03-22,53140.0,25251.0,2972.0,61.0,73.0,812.0,705.0,18512.0,39944.0,1055.0,1482.0,1585.0,290.0,47430.0,47424.0,5710.0,5716.0
2011-03-29,53402.0,24712.0,2439.0,37.0,73.0,692.0,743.0,18372.0,41108.0,1079.0,2118.0,1315.0,353.0,47486.0,47766.0,5916.0,5636.0
2011-04-05,50960.0,24695.0,5147.0,117.0,73.0,765.0,693.0,15804.0,35831.0,1237.0,1982.0,1232.0,309.0,44909.0,45330.0,6051.0,5630.0
2011-04-12,50870.0,24528.0,5616.0,78.0,83.0,1005.0,602.0,16120.0,33967.0,1183.0,2317.0,2597.0,377.0,45289.0,45425.0,5581.0,5445.0
2011-04-19,51170.0,24335.0,6541.0,70.0,83.0,861.0,615.0,14002.0,34213.0,1345.0,1790.0,2597.0,400.0,42640.0,46642.0,8529.0,4528.0
2011-04-26,52972.0,24161.0,6958.0,66.0,83.0,990.0,565.0,15352.0,34688.0,1447.0,2752.0,2857.0,376.0,44802.0,47948.0,8171.0,5025.0
2011-05-03,55535.0,25471.0,8054.0,67.0,83.0,869.0,573.0,15404.0,35997.0,1525.0,3628.0,2789.0,349.0,47101.0,50224.0,8434.0,5311.0
2011-05-10,53535.0,26765.0,11697.0,40.0,50.0,145.0,810.0,12516.0,32201.0,1761.0,3827.0,2203.0,297.0,46066.0,49154.0,7470.0,4381.0
2011-05-17,57064.0,27349.0,13674.0,76.0,345.0,51.0,803.0,16004.0,35722.0,1479.0,3246.0,1846.0,13.0,49315.0,53664.0,7749.0,3401.0
2011-05-24,63120.0,27430.0,14220.0,49.0,527.0,57.0,747.0,19883.0,41571.0,1642.0,4472.0,1572.0,43.0,54793.0,59901.0,8327.0,3219.0
2011-05-31,56948.0,27504.0,14146.0,258.0,500.0,0.0,840.0,14995.0,34715.0,1582.0,3800.0,1815.0,5.0,49484.0,53362.0,7464.0,3587.0
2011-06-07,63201.0,27379.0,11229.0,510.0,419.0,555.0,917.0,19551.0,40509.0,2812.0,4027.0,2079.0,432.0,56046.0,59043.0,7155.0,4159.0
2011-06-14,54172.0,13088.0,14225.0,220.0,0.0,880.0,1066.0,27320.0,30837.0,1191.0,4096.0,1709.0,0.0,46980.0,50128.0,7191.0,4044.0
2011-06-21,46937.0,12763.0,14421.0,15.0,143.0,840.0,1064.0,19422.0,24629.0,1672.0,4536.0,1552.0,0.0,39615.0,44194.0,7321.0,2743.0
2011-06-28,51217.0,12485.0,17505.0,15.0,314.0,692.0,1053.0,24601.0,26478.0,1364.0,3773.0,1354.0,0.0,43606.0,48462.0,7611.0,2754.0
2011-07-05,48108.0,12399.0,14828.0,346.0,314.0,922.0,918.0,21568.0,24831.0,1683.0,3859.0,1264.0,0.0,41086.0,44792.0,7022.0,3316.0
2011-07-12,50441.0,13161.0,18685.0,217.0,868.0,158.0,882.0,22889.0,24866.0,1696.0,2430.0,1281.0,0.0,42143.0,47785.0,8298.0,2656.0
2011-07-19,47389.0,12062.0,19087.0,255.0,1036.0,56.0,884.0,21650.0,20926.0,1538.0,2709.0,1405.0,22.0,40155.0,44173.0,7234.0,3216.0
2011-07-26,61788.0,14245.0,15580.0,528.0,407.0,288.0,1201.0,33652.0,34859.0,1783.0,2410.0,2409.0,29.0,54256.0,56678.0,7532.0,5110.0
2011-08-02,61418.0,16212.0,15912.0,533.0,433.0,1018.0,1014.0,31213.0,34140.0,1465.0,2803.0,2307.0,35.0,53709.0,56424.0,7709.0,4994.0
2011-08-09,58014.0,16100.0,15964.0,378.0,379.0,640.0,1087.0,30654.0,29462.0,1213.0,1207.0,1733.0,32.0,51050.0,50509.0,6964.0,7505.0
2011-08-16,55135.0,16245.0,14561.0,360.0,518.0,6668.0,1108.0,28825.0,23754.0,1207.0,760.0,2073.0,29.0,49053.0,49759.0,6082.0,5375.0
2011-08-23,58412.0,17586.0,14558.0,349.0,281.0,6303.0,1102.0,31163.0,26908.0,1497.0,872.0,2244.0,10.0,52861.0,52971.0,5551.0,5441.0
2011-08-30,56093.0,17882.0,14059.0,333.0,301.0,4987.0,1096.0,28517.0,27587.0,1320.0,1118.0,2151.0,15.0,50584.0,51549.0,5509.0,4545.0
2011-09-06,51199.0,15348.0,14942.0,53.0,1547.0,564.0,796.0,20952.0,26814.0,3707.0,2371.0,1299.0,12.0,44785.0,48186.0,6414.0,3013.0
2011-09-13,63303.0,18958.0,24169.0,2487.0,1485.0,655.0,736.0,27194.0,29450.0,2035.0,2381.0,743.0,258.0,55534.0,60532.0,7770.0,2772.0
2011-09-20,62968.0,17541.0,47427.0,555.0,1524.0,619.0,686.0,29360.0,10224.0,848.0,3998.0,854.0,2.0,54514.0,61215.0,8454.0,1753.0
2011-09-27,69298.0,19971.0,53866.0,561.0,2228.0,244.0,664.0,28934.0,9481.0,1596.0,4801.0,748.0,31.0,58785.0,67190.0,10512.0,2108.0
2011-10-04,73277.0,21140.0,57581.0,578.0,4149.0,244.0,450.0,31046.0,10533.0,1418.0,3449.0,722.0,2.0,62233.0,71528.0,11044.0,1749.0
2011-10-11,70145.0,21848.0,60392.0,553.0,4154.0,181.0,692.0,30778.0,5135.0,997.0,3250.0,656.0,29.0,62302.0,68636.0,7843.0,1509.0
2011-10-18,68660.0,21247.0,56937.0,556.0,3758.0,181.0,522.0,26842.0,5806.0,1487.0,4404.0,881.0,4.0,58820.0,66374.0,9840.0,2286.0
2011-10-25,64488.0,21979.0,47900.0,576.0,3186.0,181.0,527.0,22673.0,10831.0,995.0,5089.0,750.0,4.0,55031.0,61765.0,9457.0,2723.0
2011-11-01,64324.0,21422.0,42070.0,618.0,878.0,233.0,460.0,28471.0,14286.0,1118.0,3787.0,883.0,122.0,56876.0,59790.0,7449.0,4534.0
2011-11-08,60328.0,20271.0,41321.0,548.0,1415.0,181.0,452.0,26651.0,13683.0,941.0,3945.0,439.0,0.0,54223.0,57566.0,6105.0,2762.0
2011-11-15,58090.0,18900.0,41893.0,559.0,2413.0,457.0,395.0,22081.0,10442.0,1090.0,4475.0,356.0,2.0,49915.0,55193.0,8175.0,2897.0
2011-11-22,55275.0,18193.0,43216.0,554.0,4102.0,455.0,388.0,17151.0,6994.0,1183.0,4777.0,463.0,12.0,46360.0,53265.0,8916.0,2011.0
2011-11-29,59623.0,18115.0,45685.0,559.0,5380.0,308.0,375.0,21282.0,8345.0,1571.0,4979.0,383.0,25.0,52287.0,57252.0,7336.0,2371.0
2011-12-06,58532.0,18262.0,45795.0,551.0,4761.0,308.0,340.0,22033.0,7693.0,1879.0,4189.0,212.0,4.0,52019.0,56781.0,6514.0,1751.0
2011-12-13,67349.0,18487.0,46281.0,27.0,5249.0,308.0,304.0,26326.0,13868.0,2920.0,4902.0,372.0,136.0,58352.0,64218.0,8997.0,3132.0
2011-12-20,68148.0,23573.0,31170.0,33.0,6064.0,285.0,298.0,22060.0,32827.0,1795.0,4969.0,148.0,11.0,58803.0,66567.0,9345.0,1581.0
2011-12-27,65705.0,22417.0,31578.0,32.0,6166.0,285.0,296.0,23072.0,29955.0,1582.0,5665.0,210.0,4.0,59233.0,63942.0,6472.0,1763.0
2012-01-03,67118.0,21469.0,32510.0,32.0,6387.0,335.0,307.0,22268.0,30488.0,1777.0,5942.0,280.0,9.0,58191.0,65738.0,8927.0,1380.0
2012-01-10,69570.0,20958.0,33733.0,24.0,6640.0,360.0,478.0,25210.0,32010.0,882.0,5449.0,630.0,5.0,59646.0,68121.0,9925.0,1449.0
2012-01-17,69030.0,20576.0,33546.0,25.0,6843.0,360.0,479.0,24776.0,30849.0,876.0,5516.0,330.0,7.0,59098.0,66472.0,9932.0,2558.0
2012-01-24,64667.0,21236.0,31643.0,4.0,5103.0,360.0,514.0,22692.0,28084.0,1868.0,5361.0,452.0,5.0,56783.0,62930.0,7884.0,1737.0
2012-01-31,55521.0,18145.0,29892.0,189.0,2981.0,360.0,537.0,20240.0,20322.0,1516.0,4202.0,765.0,5.0,47814.0,53585.0,7707.0,1936.0
2012-02-07,53864.0,18093.0,29781.0,190.0,2585.0,360.0,567.0,18030.0,16432.0,1099.0,3685.0,653.0,3.0,44252.0,49085.0,9612.0,4779.0
2012-02-14,52476.0,18672.0,29879.0,199.0,2171.0,137.0,499.0,17120.0,18540.0,1009.0,3943.0,470.0,28.0,43639.0,50760.0,8837.0,1716.0
2012-02-21,51145.0,18038.0,30100.0,6.0,2090.0,137.0,541.0,16650.0,16460.0,1140.0,3756.0,522.0,25.0,42246.0,48930.0,8899.0,2215.0
2012-02-28,49113.0,15592.0,30020.0,58.0,1797.0,137.0,458.0,19263.0,13804.0,1265.0,4029.0,1043.0,39.0,42501.0,46824.0,6612.0,2289.0
2012-03-06,53756.0,15808.0,30041.0,213.0,2364.0,204.0,415.0,19921.0,18192.0,2849.0,4401.0,361.0,1.0,45971.0,52276.0,7785.0,1480.0
2012-03-13,63369.0,15920.0,30724.0,2.0,3149.0,22.0,484.0,28056.0,26681.0,3158.0,3620.0,536.0,34.0,54423.0,61642.0,8946.0,1727.0
2012-03-20,60975.0,17006.0,21244.0,2.0,3633.0,22.0,476.0,25613.0,36530.0,923.0,4120.0,234.0,31.0,51804.0,59462.0,9171.0,1513.0
2012-03-27,52459.0,16253.0,21031.0,2.0,2670.0,0.0,546.0,19409.0,27299.0,1122.0,3801.0,379.0,24.0,43827.0,50404.0,8633.0,2056.0
2012-04-03,45177.0,15637.0,20525.0,2.0,1913.0,56.0,394.0,13895.0,19986.0,1337.0,3971.0,397.0,41.0,37190.0,42738.0,7987.0,2438.0
2012-04-10,46892.0,15749.0,20894.0,2.0,2319.0,81.0,360.0,15302.0,22643.0,660.0,3996.0,377.0,39.0,38427.0,45056.0,8465.0,1836.0
2012-04-17,46000.0,15530.0,20353.0,1.0,2528.0,0.0,360.0,13780.0,22475.0,648.0,3651.0,283.0,27.0,36526.0,44148.0,9474.0,1852.0
2012-04-24,43473.0,15180.0,20120.0,1.0,2155.0,0.0,531.0,10135.0,18128.0,1335.0,4791.0,420.0,37.0,34165.0,40572.0,9308.0,2901.0
2012-05-01,46062.0,15283.0,19746.0,177.0,2117.0,1439.0,244.0,13159.0,19516.0,1502.0,7652.0,1156.0,41.0,40175.0,43821.0,5887.0,2241.0
2012-05-08,46552.0,15347.0,19799.0,72.0,2165.0,987.0,254.0,14452.0,21621.0,1515.0,6979.0,509.0,53.0,40837.0,44810.0,5715.0,1742.0
2012-05-15,60022.0,13799.0,23258.0,1.0,4075.0,0.0,234.0,26411.0,32944.0,1233.0,8342.0,652.0,9.0,54104.0,58332.0,5918.0,1690.0
2012-05-22,75200.0,14063.0,36901.0,19.0,5863.0,63.0,225.0,42633.0,34427.0,1207.0,5107.0,711.0,18.0,69136.0,73571.0,6064.0,1629.0
2012-05-29,77603.0,14220.0,45818.0,41.0,5951.0,0.0,225.0,43231.0,27963.0,1340.0,5546.0,469.0,71.0,70624.0,75926.0,6979.0,1677.0
2012-06-05,81142.0,15264.0,45933.0,51.0,6175.0,153.0,225.0,46968.0,30561.0,1624.0,3671.0,805.0,158.0,74136.0,79510.0,7006.0,1633.0
2012-06-12,81758.0,14853.0,48307.0,577.0,6972.0,0.0,246.0,46717.0,29200.0,1393.0,4409.0,446.0,130.0,75296.0,80299.0,6462.0,1459.0
2012-06-19,70563.0,14573.0,29859.0,519.0,6731.0,0.0,381.0,36926.0,37005.0,1009.0,4597.0,504.0,67.0,64803.0,69344.0,5761.0,1220.0
2012-06-26,67317.0,13977.0,29525.0,526.0,6608.0,0.0,362.0,31985.0,34661.0,1068.0,5951.0,75.0,0.0,60477.0,66218.0,6840.0,1100.0
2012-07-03,65668.0,13661.0,28685.0,516.0,5797.0,100.0,307.0,32807.0,33109.0,1091.0,5317.0,366.0,0.0,59496.0,64174.0,6172.0,1494.0
2012-07-10,65412.0,13408.0,33346.0,528.0,5903.0,60.0,228.0,31882.0,28669.0,887.0,5576.0,370.0,15.0,58428.0,64103.0,6984.0,1309.0
2012-07-17,69197.0,13993.0,37744.0,1454.0,6626.0,69.0,217.0,32773.0,27042.0,1069.0,6216.0,403.0,21.0,62369.0,68019.0,6828.0,1178.0
2012-07-24,70165.0,13982.0,37956.0,1472.0,6695.0,84.0,210.0,34510.0,27881.0,1228.0,4830.0,184.0,31.0,62959.0,69046.0,7206.0,1119.0
2012-07-31,66807.0,14440.0,37198.0,1496.0,5833.0,70.0,253.0,32818.0,25209.0,1117.0,4791.0,221.0,29.0,60777.0,65593.0,6030.0,1214.0
2012-08-07,66461.0,14225.0,37098.0,1476.0,5159.0,95.0,212.0,33359.0,24690.0,1147.0,5214.0,275.0,17.0,60810.0,65010.0,5651.0,1451.0
2012-08-14,63185.0,13935.0,37138.0,1478.0,4413.0,117.0,216.0,30389.0,21113.0,1247.0,5578.0,396.0,0.0,57256.0,61705.0,5929.0,1481.0
2012-08-21,66056.0,13485.0,37035.0,1511.0,3958.0,104.0,240.0,33542.0,23163.0,1457.0,6109.0,763.0,18.0,60320.0,64291.0,5736.0,1765.0
2012-08-28,65638.0,13821.0,37205.0,1541.0,2267.0,120.0,197.0,35379.0,21828.0,1676.0,6256.0,1091.0,19.0,61157.0,63676.0,4481.0,1961.0
2012-09-04,65796.0,13963.0,36677.0,1594.0,1749.0,209.0,123.0,35782.0,20579.0,1842.0,5560.0,1604.0,142.0,60754.0,62769.0,5041.0,3026.0
2012-09-11,72756.0,13523.0,36602.0,2410.0,1456.0,790.0,127.0,44439.0,26851.0,1132.0,5684.0,1718.0,69.0,68840.0,69699.0,3916.0,3057.0
2012-09-18,41179.0,13108.0,6097.0,1086.0,1307.0,3303.0,342.0,18216.0,24321.0,993.0,2884.0,2260.0,43.0,37978.0,38444.0,3201.0,2735.0
2012-09-25,48784.0,13033.0,5115.0,1449.0,1582.0,4336.0,172.0,25618.0,31500.0,1051.0,2824.0,2243.0,4.0,45734.0,45870.0,3051.0,2915.0
2012-10-02,46035.0,12655.0,4922.0,1882.0,1487.0,4619.0,182.0,21631.0,28991.0,1207.0,4148.0,1717.0,0.0,43193.0,43520.0,2842.0,2515.0
2012-10-09,43194.0,11636.0,5122.0,1259.0,1382.0,4919.0,212.0,19512.0,25924.0,1256.0,4505.0,1869.0,0.0,39761.0,40560.0,3433.0,2634.0
2012-10-16,46554.0,11228.0,5140.0,1362.0,1247.0,5068.0,232.0,21773.0,29190.0,1120.0,5847.0,1508.0,0.0,42810.0,43620.0,3745.0,2934.0
2012-10-23,44759.0,10940.0,5949.0,1288.0,1475.0,5669.0,188.0,18567.0,24844.0,1384.0,6779.0,2183.0,0.0,40621.0,41505.0,4138.0,3254.0
2012-10-30,42030.0,10337.0,6058.0,1294.0,1907.0,5295.0,202.0,14935.0,23711.0,1596.0,7753.0,745.0,67.0,38092.0,38968.0,3939.0,3062.0
2012-11-06,37968.0,10194.0,6178.0,1334.0,2046.0,4248.0,186.0,9414.0,20868.0,1940.0,10675.0,526.0,4.0,35793.0,35284.0,2176.0,2684.0
2012-11-13,39519.0,9857.0,7872.0,1321.0,2105.0,3675.0,223.0,12483.0,21342.0,1935.0,7896.0,658.0,5.0,35825.0,37031.0,3695.0,2488.0
2012-11-20,40328.0,9448.0,8174.0,1312.0,2226.0,3473.0,303.0,14121.0,21202.0,1666.0,7741.0,2030.0,5.0,36821.0,38164.0,3508.0,2164.0
2012-11-27,36621.0,9761.0,8174.0,1288.0,2156.0,3421.0,311.0,10450.0,18575.0,1750.0,7188.0,684.0,5.0,32909.0,34207.0,3712.0,2414.0
2012-12-04,44461.0,9831.0,7477.0,1599.0,1932.0,4544.0,351.0,16469.0,22532.0,2985.0,7812.0,1511.0,274.0,41252.0,41272.0,3209.0,3189.0
2012-12-11,49362.0,9302.0,7760.0,1978.0,1909.0,4774.0,323.0,21445.0,29615.0,2046.0,9274.0,834.0,215.0,46491.0,47544.0,2870.0,1817.0
2012-12-18,44136.0,11246.0,710.0,1595.0,1682.0,5766.0,400.0,19579.0,29855.0,732.0,6176.0,1878.0,0.0,41410.0,40936.0,2726.0,3200.0
2012-12-24,43977.0,10170.0,994.0,1462.0,1718.0,6329.0,312.0,19898.0,29975.0,923.0,7201.0,1274.0,15.0,41700.0,41284.0,2278.0,2693.0
2012-12-31,43604.0,10230.0,1166.0,1421.0,1611.0,6716.0,318.0,18289.0,27616.0,1160.0,7483.0,1329.0,26.0,40539.0,39753.0,3065.0,3851.0
2013-01-08,45376.0,8732.0,15699.0,1782.0,1711.0,3800.0,316.0,18016.0,19157.0,1223.0,9438.0,940.0,20.0,41239.0,42938.0,4137.0,2438.0
2013-01-15,47347.0,8419.0,15465.0,2138.0,1083.0,4110.0,375.0,21065.0,20954.0,850.0,8816.0,1193.0,19.0,42767.0,45105.0,4581.0,2242.0
2013-01-22,43534.0,8536.0,15458.0,2143.0,1060.0,4105.0,385.0,16610.0,17917.0,1344.0,10590.0,794.0,17.0,40686.0,42164.0,2847.0,1369.0
2013-01-29,44446.0,7331.0,15587.0,2061.0,1026.0,4599.0,372.0,18616.0,16048.0,1296.0,9871.0,1264.0,16.0,40589.0,41243.0,3857.0,3203.0
2013-02-05,56206.0,7644.0,13870.0,2362.0,1108.0,5331.0,341.0,33540.0,27827.0,1019.0,7054.0,2049.0,60.0,53127.0,52858.0,3079.0,3348.0
2013-02-12,47231.0,7333.0,13706.0,2089.0,1132.0,3604.0,298.0,25107.0,21167.0,1933.0,5162.0,1934.0,21.0,43075.0,44752.0,4156.0,2479.0
2013-02-19,51118.0,7261.0,14228.0,1971.0,1108.0,1213.0,393.0,26920.0,28215.0,1764.0,6114.0,1120.0,24.0,45555.0,48927.0,5563.0,2191.0
2013-02-26,71020.0,7623.0,14749.0,2048.0,3593.0,421.0,326.0,41916.0,47955.0,2529.0,6037.0,1131.0,250.0,64321.0,69408.0,6699.0,1612.0
2013-03-05,79429.0,8323.0,14861.0,1909.0,4911.0,55.0,259.0,48123.0,57995.0,1917.0,6751.0,625.0,44.0,72238.0,77666.0,7191.0,1763.0
2013-03-12,80300.0,8735.0,16055.0,1334.0,6212.0,0.0,272.0,45656.0,57950.0,1804.0,8190.0,599.0,264.0,72466.0,78277.0,7834.0,2023.0
2013-03-19,86157.0,9340.0,32071.0,1305.0,5729.0,119.0,272.0,54554.0,49283.0,1006.0,6838.0,825.0,53.0,79097.0,84934.0,7060.0,1223.0
2013-03-26,83531.0,9398.0,31825.0,1300.0,6012.0,100.0,281.0,52502.0,45755.0,1431.0,6288.0,1583.0,35.0,77247.0,82310.0,6283.0,1221.0
2013-04-02,90621.0,9661.0,32101.0,1348.0,6843.0,50.0,246.0,54348.0,51901.0,1795.0,9558.0,1654.0,36.0,83836.0,89132.0,6786.0,1490.0
2013-04-09,87897.0,9614.0,31164.0,1198.0,6759.0,183.0,197.0,53075.0,50579.0,1210.0,8430.0,1700.0,34.0,80518.0,86266.0,7379.0,1630.0
2013-04-16,78181.0,9303.0,29701.0,1202.0,6158.0,203.0,204.0,43183.0,40026.0,920.0,9304.0,4224.0,38.0,70311.0,76517.0,7870.0,1664.0
2013-04-23,78650.0,8942.0,29968.0,1198.0,6688.0,218.0,69.0,40223.0,43470.0,1116.0,10276.0,670.0,32.0,68544.0,76741.0,10106.0,1909.0
2013-04-30,71236.0,9022.0,29707.0,1293.0,7065.0,243.0,66.0,35751.0,36055.0,984.0,8172.0,1057.0,164.0,62517.0,69569.0,8719.0,1667.0
2013-05-07,69432.0,9643.0,29592.0,1193.0,6070.0,194.0,96.0,29399.0,35134.0,1123.0,13238.0,849.0,86.0,60847.0,68266.0,8585.0,1166.0
2013-05-14,80455.0,8258.0,30832.0,1159.0,5619.0,142.0,83.0,39581.0,44852.0,1063.0,13471.0,632.0,94.0,69327.0,78857.0,11127.0,1598.0
2013-05-21,95185.0,8990.0,37395.0,1201.0,7176.0,133.0,79.0,46132.0,53567.0,873.0,17670.0,553.0,154.0,82274.0,93954.0,12911.0,1231.0
2013-05-28,93195.0,8769.0,37195.0,1206.0,7353.0,149.0,78.0,45267.0,50769.0,738.0,15645.0,462.0,938.0,79994.0,91536.0,13201.0,1660.0
2013-06-04,81293.0,9130.0,36674.0,1173.0,7209.0,121.0,85.0,37390.0,39579.0,1199.0,12795.0,791.0,286.0,69268.0,79908.0,12026.0,1386.0
2013-06-11,79511.0,9048.0,37516.0,1009.0,4084.0,314.0,111.0,37958.0,32596.0,5125.0,13834.0,805.0,279.0,71448.0,77755.0,8063.0,1755.0
2013-06-18,51381.0,9073.0,13113.0,886.0,2999.0,1384.0,224.0,14302.0,31389.0,1415.0,15225.0,613.0,18.0,44142.0,49042.0,7239.0,2339.0
2013-06-25,53496.0,9812.0,13673.0,941.0,4077.0,1015.0,193.0,11867.0,31250.0,2616.0,16206.0,1283.0,97.0,45808.0,51067.0,7688.0,2429.0
2013-07-02,56391.0,11054.0,16088.0,973.0,3543.0,709.0,338.0,14275.0,32852.0,1772.0,15866.0,966.0,529.0,48351.0,54227.0,8040.0,2164.0
2013-07-09,70538.0,11347.0,30200.0,878.0,7873.0,384.0,333.0,23235.0,33760.0,1125.0,16475.0,1991.0,43.0,61310.0,68715.0,9229.0,1824.0
2013-07-16,65230.0,12511.0,30021.0,887.0,7937.0,384.0,372.0,21406.0,29920.0,1048.0,13389.0,1104.0,68.0,57617.0,63803.0,7612.0,1426.0
2013-07-23,61674.0,11514.0,29530.0,912.0,7498.0,674.0,206.0,18729.0,26374.0,1052.0,14620.0,1182.0,59.0,54591.0,59989.0,7083.0,1685.0
2013-07-30,64539.0,11522.0,29403.0,932.0,6894.0,637.0,208.0,15620.0,28828.0,1017.0,18406.0,989.0,115.0,54713.0,62128.0,9826.0,2412.0
2013-08-06,68302.0,11833.0,28749.0,1068.0,6319.0,637.0,217.0,20514.0,33050.0,1331.0,18342.0,944.0,150.0,59775.0,66147.0,8528.0,2155.0
2013-08-13,74926.0,11913.0,28783.0,1005.0,5067.0,3106.0,309.0,27636.0,35733.0,1799.0,18302.0,1535.0,209.0,66240.0,72479.0,8686.0,2447.0
2013-08-20,75984.0,11961.0,28783.0,1069.0,5177.0,3634.0,325.0,27165.0,36008.0,2079.0,19397.0,1256.0,289.0,67462.0,73443.0,8522.0,2541.0
2013-08-27,74727.0,11930.0,28783.0,1132.0,5176.0,3779.0,325.0,26597.0,34432.0,2305.0,18473.0,1231.0,336.0,66274.0,72323.0,8453.0,2404.0
2013-09-03,68565.0,11620.0,29266.0,948.0,5190.0,3192.0,248.0,19157.0,29280.0,2807.0,18513.0,734.0,281.0,58763.0,66755.0,9802.0,1810.0
2013-09-10,71275.0,11315.0,31004.0,826.0,5414.0,2530.0,338.0,22582.0,27183.0,5170.0,14606.0,475.0,47.0,60299.0,67573.0,10976.0,3702.0
2013-09-17,68943.0,11294.0,30849.0,815.0,5150.0,3034.0,321.0,25839.0,26456.0,4317.0,12295.0,881.0,5.0,60035.0,66678.0,8908.0,2265.0
2013-09-24,53945.0,10418.0,9756.0,1264.0,5018.0,4847.0,254.0,19623.0,31781.0,865.0,9338.0,2358.0,4.0,46783.0,51129.0,7162.0,2816.0
2013-10-01,54828.0,10471.0,9518.0,1389.0,5022.0,4714.0,260.0,21002.0,31396.0,1594.0,7600.0,2332.0,24.0,47363.0,51227.0,7465.0,3601.0
2013-10-08,60025.0,10447.0,9595.0,1097.0,4911.0,5594.0,272.0,25318.0,36185.0,1818.0,8572.0,2284.0,22.0,52456.0,56867.0,7569.0,3158.0
2013-10-15,51060.0,10481.0,9624.0,1251.0,5203.0,5166.0,268.0,16792.0,28304.0,1479.0,8152.0,1964.0,25.0,43650.0,48082.0,7410.0,2978.0
2013-10-22,55134.0,10288.0,9624.0,1331.0,4610.0,5819.0,274.0,21185.0,30961.0,1433.0,9178.0,2631.0,13.0,48314.0,52087.0,6820.0,3047.0
2013-10-29,53106.0,9974.0,9018.0,1537.0,4681.0,6018.0,263.0,18945.0,29599.0,1435.0,9037.0,2023.0,24.0,45896.0,49918.0,7210.0,3188.0
2013-11-05,45541.0,10029.0,9768.0,1771.0,5325.0,3402.0,292.0,11031.0,24842.0,1944.0,8782.0,838.0,90.0,39264.0,42947.0,6277.0,2594.0
2013-11-12,43027.0,9833.0,9535.0,1751.0,5473.0,2237.0,339.0,7947.0,24964.0,1966.0,8866.0,356.0,74.0,36250.0,41222.0,6777.0,1805.0
2013-11-19,44887.0,9624.0,9616.0,1608.0,5264.0,2021.0,473.0,10851.0,26646.0,2076.0,8473.0,714.0,97.0,38466.0,43251.0,6421.0,1637.0
2013-11-26,44517.0,9556.0,10183.0,1070.0,5544.0,1779.0,471.0,9586.0,26273.0,2110.0,9472.0,976.0,111.0,37920.0,42973.0,6597.0,1544.0
2013-12-03,47794.0,9864.0,10432.0,924.0,5291.0,2062.0,467.0,11606.0,28577.0,2561.0,9739.0,992.0,105.0,40557.0,46120.0,7237.0,1675.0
2013-12-10,50124.0,9802.0,10543.0,880.0,4973.0,2178.0,471.0,16946.0,29919.0,2333.0,8510.0,1353.0,70.0,43987.0,47747.0,6137.0,2377.0
2013-12-17,40441.0,9863.0,2832.0,838.0,5507.0,2802.0,541.0,7817.0,28612.0,1259.0,8441.0,891.0,71.0,34337.0,37846.0,6104.0,2595.0
2013-12-24,44725.0,10978.0,3165.0,836.0,5908.0,2793.0,504.0,6220.0,32609.0,1553.0,11624.0,530.0,71.0,37694.0,42061.0,7031.0,2664.0
2013-12-31,44855.0,9563.0,3142.0,865.0,5939.0,4013.0,464.0,8197.0,30325.0,1620.0,11602.0,1810.0,82.0,38332.0,42321.0,6522.0,2534.0
2014-01-07,47658.0,9579.0,5317.0,900.0,5839.0,2947.0,552.0,7461.0,34157.0,1386.0,13217.0,218.0,61.0,38995.0,45537.0,8664.0,2121.0
2014-01-14,43935.0,9949.0,8397.0,907.0,6155.0,1116.0,550.0,8289.0,28987.0,1438.0,9113.0,367.0,115.0,36516.0,41877.0,7419.0,2058.0
2014-01-21,51090.0,10075.0,8863.0,883.0,8412.0,848.0,614.0,10631.0,35950.0,1699.0,9690.0,685.0,147.0,42150.0,49689.0,8940.0,1401.0
2014-01-28,49978.0,10069.0,8284.0,888.0,7940.0,619.0,552.0,8900.0,34911.0,1938.0,10975.0,553.0,111.0,41374.0,47857.0,8603.0,2120.0
2014-02-04,48868.0,10077.0,8329.0,874.0,9922.0,529.0,421.0,7613.0,35262.0,1512.0,9977.0,348.0,191.0,40588.0,47468.0,8280.0,1401.0
2014-02-11,47977.0,10612.0,8169.0,751.0,8953.0,492.0,416.0,6795.0,33983.0,1521.0,10105.0,581.0,37.0,39191.0,45951.0,8786.0,2026.0
2014-02-18,50326.0,10303.0,8379.0,751.0,6706.0,3291.0,397.0,7695.0,31284.0,2050.0,12966.0,1635.0,44.0,40912.0,47832.0,9413.0,2494.0
2014-02-25,50461.0,10094.0,8078.0,751.0,6724.0,4703.0,389.0,7166.0,30775.0,2098.0,14291.0,1364.0,44.0,41557.0,48202.0,8903.0,2259.0
2014-03-04,53280.0,10130.0,8094.0,751.0,6454.0,6086.0,158.0,13375.0,31028.0,3159.0,10645.0,1532.0,43.0,44714.0,50850.0,8566.0,2430.0
2014-03-11,58302.0,9922.0,7863.0,971.0,6475.0,6555.0,246.0,17798.0,35576.0,2094.0,12483.0,1856.0,5.0,49994.0,55167.0,8307.0,3135.0
2014-03-18,52024.0,13122.0,240.0,768.0,7091.0,6675.0,242.0,8413.0,36861.0,2414.0,11861.0,1836.0,2.0,43913.0,49038.0,8111.0,2985.0
2014-03-25,50878.0,12455.0,658.0,783.0,7830.0,5575.0,153.0,5122.0,37788.0,2441.0,13889.0,1068.0,11.0,42684.0,48477.0,8195.0,2402.0
2014-04-01,52738.0,12457.0,963.0,813.0,8082.0,4649.0,150.0,5793.0,39992.0,2810.0,14170.0,1305.0,41.0,44316.0,50723.0,8422.0,2014.0
2014-04-08,51480.0,9782.0,8799.0,1046.0,7405.0,3638.0,145.0,5805.0,31760.0,3287.0,14992.0,801.0,7.0,42470.0,49482.0,9011.0,1998.0
2014-04-15,53043.0,9851.0,7936.0,1048.0,7362.0,4635.0,143.0,12544.0,32906.0,1969.0,11891.0,1513.0,7.0,44814.0,50157.0,8228.0,2886.0
2014-04-22,50893.0,9851.0,7898.0,1052.0,7662.0,4467.0,223.0,9360.0,31323.0,2140.0,11733.0,1386.0,6.0,42027.0,48495.0,8866.0,2398.0
2014-04-29,53627.0,9851.0,7828.0,1068.0,7907.0,4278.0,185.0,9323.0,34089.0,2299.0,14204.0,1485.0,4.0,44842.0,51236.0,8786.0,2391.0
2014-05-06,60515.0,9862.0,6838.0,965.0,6537.0,4580.0,390.0,13140.0,38547.0,3810.0,15780.0,2371.0,3.0,50487.0,57504.0,10028.0,3012.0
2014-05-13,51150.0,10389.0,6581.0,991.0,6269.0,2389.0,369.0,8462.0,33321.0,2899.0,13467.0,1204.0,4.0,42850.0,47758.0,8299.0,3392.0
2014-05-20,48066.0,10133.0,6883.0,1002.0,6468.0,1782.0,367.0,6825.0,32459.0,2453.0,13131.0,698.0,2.0,40381.0,45647.0,7685.0,2420.0
2014-05-27,49932.0,10213.0,7205.0,1008.0,7532.0,1206.0,145.0,6849.0,34798.0,2682.0,13711.0,651.0,0.0,42140.0,47695.0,7791.0,2236.0
2014-06-03,54741.0,10203.0,7459.0,1013.0,9298.0,968.0,137.0,9859.0,39032.0,3018.0,12693.0,846.0,202.0,46423.0,52674.0,8318.0,2066.0
2014-06-10,54424.0,9837.0,7485.0,741.0,9880.0,1093.0,126.0,11654.0,36885.0,5318.0,9086.0,769.0,0.0,46641.0,52415.0,7783.0,2009.0
2014-06-17,55781.0,10876.0,29853.0,723.0,9587.0,1221.0,229.0,13747.0,20234.0,1711.0,12073.0,318.0,10.0,48956.0,54300.0,6825.0,1481.0
2014-06-24,59073.0,10783.0,29773.0,764.0,8757.0,1184.0,238.0,14469.0,22144.0,2318.0,13960.0,547.0,11.0,51300.0,56979.0,7773.0,2094.0
2014-07-01,58866.0,10574.0,28815.0,732.0,6990.0,1494.0,141.0,17461.0,21679.0,2515.0,12063.0,1169.0,8.0,50483.0,56552.0,8383.0,2314.0
2014-07-08,54447.0,10574.0,28470.0,752.0,6836.0,1463.0,141.0,13790.0,18021.0,2742.0,11729.0,625.0,14.0,46579.0,52229.0,7869.0,2219.0
2014-07-15,54442.0,10937.0,28434.0,799.0,7165.0,1190.0,132.0,12674.0,18486.0,2633.0,11572.0,594.0,16.0,45927.0,52283.0,8515.0,2159.0
2014-07-22,58285.0,11328.0,28904.0,841.0,7671.0,1124.0,171.0,16033.0,22334.0,2429.0,11840.0,486.0,23.0,50336.0,56311.0,7949.0,1974.0
2014-07-29,74776.0,12031.0,30064.0,906.0,9051.0,156.0,142.0,28451.0,38814.0,2408.0,13190.0,288.0,139.0,66318.0,72918.0,8458.0,1859.0
2014-08-05,82810.0,12317.0,33228.0,959.0,11644.0,0.0,132.0,34297.0,43800.0,2608.0,11698.0,338.0,36.0,73691.0,81101.0,9119.0,1710.0
2014-08-12,84790.0,12938.0,33322.0,692.0,11665.0,0.0,69.0,35042.0,44952.0,2561.0,11396.0,658.0,45.0,74407.0,82298.0,10383.0,2492.0
2014-08-19,90019.0,13350.0,33318.0,691.0,12272.0,0.0,140.0,38385.0,49683.0,2622.0,12927.0,1209.0,107.0,80494.0,87770.0,9524.0,2249.0
2014-08-26,91611.0,13783.0,33451.0,696.0,12300.0,0.0,173.0,38293.0,50200.0,3179.0,13269.0,2227.0,112.0,81804.0,90038.0,9807.0,1573.0
2014-09-02,88669.0,13805.0,33201.0,697.0,12138.0,0.0,174.0,35860.0,47007.0,2711.0,13249.0,2848.0,146.0,78780.0,86784.0,9889.0,1884.0
2014-09-09,90062.0,13991.0,33075.0,654.0,13055.0,190.0,132.0,32714.0,49273.0,2862.0,16833.0,1526.0,254.0,80496.0,87967.0,9566.0,2095.0
2014-09-16,91523.0,14006.0,56217.0,607.0,13458.0,380.0,125.0,35462.0,30505.0,1377.0,17215.0,744.0,83.0,82334.0,90039.0,9189.0,1484.0
2014-09-23,93661.0,13275.0,56543.0,621.0,12996.0,380.0,147.0,36082.0,31012.0,1904.0,18290.0,304.0,113.0,83428.0,91025.0,10233.0,2636.0
2014-09-30,96338.0,13596.0,56462.0,648.0,12087.0,0.0,145.0,34090.0,33997.0,2291.0,22344.0,323.0,131.0,85332.0,93997.0,11006.0,2341.0
2014-10-07,95025.0,14219.0,56264.0,816.0,11296.0,0.0,68.0,34202.0,33180.0,2643.0,20049.0,194.0,41.0,83334.0,93206.0,11691.0,1819.0
2014-10-14,92857.0,15012.0,56680.0,881.0,11335.0,100.0,83.0,33636.0,30574.0,2753.0,17863.0,109.0,43.0,81605.0,91222.0,11252.0,1635.0
2014-10-21,81089.0,15759.0,56197.0,881.0,10157.0,0.0,182.0,26787.0,19139.0,2332.0,14173.0,210.0,431.0,70702.0,79372.0,10387.0,1716.0
2014-10-28,80143.0,16021.0,56099.0,885.0,8629.0,0.0,202.0,26169.0,18213.0,2380.0,14915.0,266.0,596.0,69798.0,78642.0,10345.0,1501.0
2014-11-04,93257.0,16772.0,56606.0,882.0,10297.0,0.0,118.0,26488.0,31924.0,2109.0,23492.0,176.0,122.0,80279.0,91937.0,12978.0,1319.0
2014-11-11,96177.0,16735.0,56998.0,843.0,11296.0,0.0,91.0,27100.0,30549.0,2070.0,21157.0,210.0,172.0,79464.0,90932.0,16713.0,5245.0
2014-11-18,91732.0,15409.0,57054.0,844.0,11952.0,86.0,86.0,28642.0,29771.0,2032.0,19874.0,359.0,177.0,79017.0,90410.0,12715.0,1322.0
2014-11-25,99123.0,16310.0,57387.0,880.0,11349.0,86.0,73.0,30134.0,33805.0,2701.0,21831.0,419.0,158.0,83435.0,95508.0,15688.0,3615.0
2014-12-02,98696.0,16106.0,57575.0,840.0,10435.0,0.0,92.0,31143.0,33681.0,4116.0,21400.0,749.0,115.0,84247.0,97168.0,14448.0,1527.0
2014-12-09,94910.0,16719.0,57318.0,812.0,9570.0,0.0,117.0,30799.0,31348.0,3786.0,18206.0,120.0,134.0,80142.0,93633.0,14768.0,1277.0
2014-12-16,88000.0,15407.0,54681.0,792.0,9240.0,0.0,96.0,26515.0,29083.0,1750.0,18551.0,385.0,49.0,72399.0,86837.0,15600.0,1163.0
2014-12-23,95088.0,16640.0,56231.0,511.0,9835.0,0.0,94.0,30422.0,34550.0,2149.0,20676.0,282.0,58.0,80385.0,93875.0,14703.0,1213.0
2014-12-30,107347.0,17324.0,56155.0,576.0,9837.0,0.0,94.0,32297.0,47185.0,1513.0,29390.0,182.0,115.0,91146.0,105820.0,16201.0,1527.0
2015-01-06,127023.0,17810.0,80066.0,625.0,12554.0,0.0,21.0,41559.0,42148.0,1544.0,35262.0,452.0,210.0,109585.0,125065.0,17438.0,1958.0
2015-01-13,128104.0,14111.0,88637.0,505.0,13200.0,50.0,269.0,43140.0,34142.0,1862.0,37355.0,482.0,180.0,110623.0,126128.0,17480.0,1976.0
2015-01-20,130745.0,13677.0,90845.0,506.0,13272.0,0.0,78.0,43557.0,34802.0,1777.0,39290.0,233.0,155.0,112311.0,128396.0,18434.0,2349.0
2015-01-27,130266.0,13021.0,90588.0,513.0,12028.0,0.0,81.0,37892.0,33286.0,2259.0,41647.0,323.0,158.0,107599.0,127208.0,22667.0,3058.0
2015-02-03,125793.0,13891.0,90395.0,580.0,10836.0,140.0,125.0,34206.0,29379.0,2227.0,42363.0,519.0,174.0,104401.0,123539.0,21392.0,2254.0
2015-02-10,115581.0,13883.0,89772.0,990.0,9963.0,236.0,104.0,25199.0,18378.0,3869.0,40083.0,206.0,111.0,94203.0,113667.0,21379.0,1914.0
2015-02-17,116374.0,14350.0,89667.0,1104.0,10283.0,1362.0,104.0,22923.0,17848.0,4068.0,40945.0,81.0,105.0,93882.0,114339.0,22491.0,2034.0
2015-02-24,119685.0,15303.0,91546.0,783.0,12521.0,1386.0,102.0,25528.0,20105.0,3953.0,39950.0,80.0,127.0,98267.0,118082.0,21419.0,1604.0
2015-03-03,124757.0,15421.0,91413.0,805.0,12937.0,1506.0,99.0,27186.0,24053.0,4446.0,42285.0,183.0,148.0,103326.0,122652.0,21431.0,2105.0
2015-03-10,148866.0,17337.0,91829.0,680.0,12586.0,1487.0,29.0,26601.0,32218.0,18531.0,51383.0,959.0,81.0,127228.0,145813.0,21638.0,3053.0
2015-03-17,133005.0,18313.0,70436.0,443.0,12860.0,1517.0,54.0,20011.0,55944.0,1634.0,56319.0,778.0,90.0,109723.0,130896.0,23281.0,2109.0
2015-03-24,116666.0,14826.0,70768.0,503.0,10513.0,1487.0,435.0,19483.0,37324.0,1528.0,48058.0,704.0,67.0,95414.0,112816.0,21253.0,3850.0
2015-03-31,119272.0,16425.0,72121.0,494.0,11556.0,1445.0,101.0,17670.0,41345.0,1395.0,50383.0,437.0,4.0,98028.0,117342.0,21244.0,1930.0
2015-04-07,114140.0,16248.0,72068.0,495.0,11979.0,1249.0,101.0,16897.0,35313.0,2155.0,47054.0,658.0,30.0,94959.0,112069.0,19182.0,2071.0
2015-04-14,119487.0,16979.0,73357.0,513.0,13143.0,1392.0,114.0,16034.0,37662.0,1875.0,53968.0,1883.0,25.0,102650.0,116821.0,16837.0,2667.0
2015-04-21,116408.0,17458.0,72922.0,543.0,11058.0,0.0,96.0,13668.0,37565.0,2328.0,52266.0,704.0,25.0,97441.0,114182.0,18967.0,2227.0
2015-04-28,113196.0,17273.0,72503.0,443.0,9039.0,282.0,111.0,15343.0,27885.0,3520.0,44299.0,536.0,240.0,90268.0,105519.0,22928.0,7677.0
2015-05-05,102742.0,17460.0,72304.0,570.0,7421.0,534.0,109.0,18052.0,20481.0,4021.0,39056.0,242.0,122.0,86811.0,98384.0,15930.0,4358.0
2015-05-12,100247.0,4024.0,72073.0,107.0,6703.0,524.0,116.0,18372.0,15683.0,4572.0,48924.0,582.0,770.0,83588.0,94427.0,16659.0,5820.0
2015-05-19,98590.0,4468.0,71927.0,117.0,19633.0,449.0,547.0,18990.0,13227.0,5743.0,34219.0,891.0,355.0,84072.0,93256.0,14518.0,5333.0
2015-05-26,103824.0,5271.0,72276.0,80.0,20504.0,1559.0,517.0,17619.0,20692.0,4431.0,38662.0,1224.0,454.0,87539.0,101234.0,16286.0,2590.0
2015-06-02,102725.0,5345.0,72416.0,93.0,21642.0,836.0,473.0,16338.0,23674.0,3103.0,40980.0,926.0,148.0,88122.0,101669.0,14604.0,1056.0
2015-06-09,105689.0,1871.0,72162.0,137.0,22838.0,484.0,485.0,22662.0,24665.0,4831.0,37771.0,1046.0,147.0,90741.0,103957.0,14948.0,1732.0
2015-06-16,86514.0,1841.0,54308.0,82.0,21409.0,134.0,550.0,14052.0,28662.0,617.0,34409.0,261.0,197.0,73156.0,84811.0,13358.0,1703.0
2015-06-23,86188.0,1816.0,58979.0,18.0,19860.0,302.0,559.0,15691.0,22861.0,1355.0,33581.0,118.0,235.0,73115.0,84427.0,13073.0,1761.0
2015-06-30,83543.0,2044.0,62873.0,113.0,18687.0,249.0,578.0,13246.0,14649.0,2700.0,32339.0,318.0,227.0,69935.0,81707.0,13608.0,1836.0
2015-07-07,89638.0,2922.0,69717.0,101.0,21952.0,0.0,519.0,14002.0,15351.0,1964.0,33360.0,388.0,248.0,75069.0,88290.0,14569.0,1348.0
2015-07-14,89047.0,3574.0,72049.0,117.0,20379.0,0.0,526.0,14556.0,12633.0,1343.0,33569.0,384.0,225.0,74289.0,87276.0,14758.0,1771.0
2015-07-21,99016.0,3752.0,78572.0,77.0,22898.0,0.0,479.0,15947.0,14860.0,1437.0,37288.0,615.0,334.0,82212.0,96374.0,16804.0,2642.0
2015-07-28,96499.0,3530.0,78219.0,191.0,21721.0,0.0,511.0,16883.0,14008.0,1253.0,36745.0,104.0,263.0,81097.0,94549.0,15402.0,1950.0
2015-08-04,100973.0,3727.0,81996.0,190.0,23302.0,0.0,487.0,15768.0,14532.0,1841.0,39733.0,124.0,221.0,85268.0,99391.0,15705.0,1582.0
2015-08-11,102031.0,4029.0,84498.0,488.0,22887.0,0.0,494.0,18833.0,10153.0,4065.0,35464.0,118.0,209.0,86469.0,100025.0,15562.0,2006.0
2015-08-18,105388.0,3820.0,82728.0,610.0,19992.0,0.0,509.0,24392.0,12151.0,6895.0,34627.0,226.0,306.0,91152.0,103426.0,14236.0,1962.0
2015-08-25,101347.0,3329.0,71304.0,959.0,18958.0,2324.0,600.0,32121.0,13387.0,9180.0,25842.0,78.0,641.0,91631.0,98473.0,9716.0,2874.0
2015-09-01,100629.0,3113.0,66768.0,939.0,16552.0,1703.0,574.0,28582.0,9068.0,9839.0,24469.0,1485.0,415.0,84484.0,90792.0,16145.0,9837.0
2015-09-08,94515.0,1766.0,68536.0,16.0,16529.0,1810.0,577.0,32548.0,9413.0,9496.0,23968.0,1400.0,204.0,85104.0,91452.0,9411.0,3063.0
2015-09-15,65547.0,1764.0,45481.0,17.0,16726.0,1820.0,609.0,15152.0,14578.0,920.0,22003.0,357.0,259.0,57450.0,64040.0,8097.0,1507.0
2015-09-22,68614.0,1944.0,48332.0,15.0,15870.0,969.0,626.0,12377.0,11775.0,969.0,27166.0,3994.0,180.0,59147.0,66861.0,9467.0,1753.0
2015-09-29,71748.0,2003.0,53598.0,17.0,16204.0,99.0,721.0,17854.0,8862.0,1150.0,24406.0,4649.0,182.0,62538.0,69278.0,9210.0,2470.0
2015-10-06,71216.0,2014.0,55859.0,159.0,16709.0,348.0,718.0,17383.0,7472.0,772.0,24372.0,4071.0,194.0,62321.0,69592.0,8895.0,1624.0
2015-10-13,72965.0,2321.0,55896.0,124.0,16201.0,2627.0,738.0,22738.0,5739.0,1948.0,19375.0,2460.0,173.0,63617.0,69704.0,9348.0,3261.0
2015-10-20,81735.0,2392.0,55909.0,128.0,16026.0,2869.0,885.0,32108.0,15649.0,2257.0,18888.0,1565.0,176.0,72860.0,79438.0,8875.0,2297.0
2015-10-27,75704.0,3346.0,54683.0,171.0,17405.0,0.0,1185.0,18426.0,13016.0,2207.0,22950.0,2431.0,185.0,65875.0,73879.0,9829.0,1825.0
2015-11-03,77133.0,3474.0,56282.0,203.0,17819.0,0.0,1120.0,18914.0,10351.0,2892.0,22866.0,3602.0,204.0,67492.0,74654.0,9641.0,2479.0
2015-11-10,84781.0,3172.0,58462.0,255.0,19269.0,0.0,1592.0,19873.0,16704.0,1455.0,27081.0,3819.0,196.0,72893.0,82483.0,11888.0,2298.0
2015-11-17,90306.0,2973.0,61616.0,178.0,21988.0,0.0,1487.0,19511.0,19303.0,1446.0,28712.0,3762.0,208.0,76504.0,88001.0,13802.0,2305.0
2015-11-24,91490.0,2896.0,61745.0,169.0,23402.0,50.0,1487.0,18293.0,17680.0,2827.0,28475.0,5593.0,216.0,77766.0,89767.0,13724.0,1723.0
2015-12-01,95421.0,2844.0,62083.0,181.0,23772.0,50.0,1527.0,18587.0,19412.0,4198.0,29471.0,4976.0,214.0,80794.0,92642.0,14627.0,2779.0
2015-12-08,97011.0,2556.0,62838.0,98.0,22551.0,0.0,1542.0,21418.0,18613.0,6341.0,29543.0,5382.0,932.0,84982.0,95746.0,12029.0,1265.0
2015-12-15,71751.0,2058.0,44123.0,55.0,19999.0,0.0,1520.0,11065.0,17382.0,1079.0,25757.0,6206.0,19.0,61552.0,70384.0,10199.0,1367.0
2015-12-22,65354.0,1934.0,44429.0,54.0,18996.0,305.0,1786.0,10899.0,8129.0,1463.0,20755.0,7504.0,20.0,55906.0,63689.0,9448.0,1665.0
2015-12-29,64695.0,1934.0,44393.0,53.0,18473.0,0.0,1564.0,10968.0,8415.0,1677.0,20838.0,7224.0,42.0,55550.0,63368.0,9145.0,1327.0
2016-01-05,74834.0,983.0,53665.0,27.0,22791.0,0.0,1548.0,16870.0,11578.0,1568.0,21051.0,4623.0,94.0,64931.0,73103.0,9903.0,1731.0
2016-01-12,74146.0,855.0,56558.0,30.0,19715.0,161.0,1350.0,20054.0,8525.0,1553.0,20384.0,4367.0,72.0,64014.0,72616.0,10132.0,1530.0
2016-01-19,76515.0,458.0,56973.0,34.0,20341.0,161.0,1312.0,21064.0,10601.0,1654.0,22498.0,4083.0,115.0,67476.0,74933.0,9039.0,1582.0
2016-01-26,76100.0,310.0,57653.0,30.0,19958.0,161.0,1325.0,20036.0,9270.0,1722.0,23569.0,4218.0,192.0,67142.0,74572.0,8958.0,1528.0
2016-02-02,76408.0,303.0,57090.0,69.0,19169.0,64.0,1482.0,21533.0,10523.0,2147.0,22415.0,3411.0,83.0,67200.0,74869.0,9208.0,1539.0
2016-02-09,76211.0,756.0,53724.0,86.0,17099.0,2828.0,579.0,27608.0,11811.0,3261.0,19508.0,1134.0,111.0,69008.0,73534.0,7203.0,2677.0
2016-02-16,70308.0,916.0,47831.0,88.0,15107.0,2253.0,838.0,25090.0,13026.0,2495.0,18798.0,613.0,102.0,63434.0,67245.0,6874.0,3063.0
2016-02-23,69607.0,679.0,46502.0,105.0,15079.0,2368.0,887.0,24746.0,12436.0,3572.0,18505.0,1213.0,94.0,63666.0,67177.0,5941.0,2430.0
2016-03-01,64679.0,438.0,42434.0,97.0,14104.0,1804.0,1236.0,22106.0,11125.0,3976.0,16157.0,1696.0,84.0,58197.0,62451.0,6482.0,2228.0
2016-03-08,63963.0,633.0,42239.0,63.0,14196.0,1866.0,1038.0,23117.0,10514.0,4778.0,14401.0,1483.0,88.0,58315.0,62069.0,5648.0,1894.0
2016-03-15,49989.0,782.0,26387.0,71.0,14536.0,2276.0,620.0,11725.0,16693.0,690.0,15599.0,1442.0,95.0,44118.0,48274.0,5871.0,1715.0
2016-03-22,53003.0,425.0,26320.0,91.0,14627.0,2262.0,634.0,11022.0,18273.0,1313.0,18289.0,1148.0,127.0,46528.0,50167.0,6475.0,2836.0
2016-03-29,54079.0,373.0,26157.0,106.0,14873.0,2279.0,629.0,11708.0,19560.0,1494.0,18529.0,611.0,134.0,47847.0,50971.0,6232.0,3108.0
2016-04-05,56780.0,429.0,26338.0,115.0,14477.0,2513.0,629.0,9803.0,21123.0,1900.0,22030.0,1140.0,140.0,49523.0,53898.0,7257.0,2882.0
2016-04-12,59426.0,891.0,26534.0,84.0,15015.0,2675.0,536.0,14006.0,22903.0,1975.0,18898.0,1450.0,136.0,51541.0,56293.0,7885.0,3133.0
2016-04-19,62891.0,327.0,26189.0,63.0,14887.0,2815.0,546.0,17914.0,25580.0,2733.0,17882.0,1689.0,160.0,54513.0,59775.0,8378.0,3116.0
2016-04-26,64523.0,400.0,26145.0,59.0,14875.0,2805.0,547.0,17065.0,26723.0,4296.0,18821.0,880.0,149.0,56211.0,61604.0,8312.0,2919.0
2016-05-03,72078.0,440.0,26116.0,83.0,16063.0,3192.0,536.0,20255.0,32635.0,4759.0,20558.0,845.0,238.0,62933.0,68405.0,9145.0,3673.0
2016-05-10,68339.0,303.0,26117.0,77.0,15324.0,3311.0,765.0,18772.0,28358.0,4970.0,19912.0,1327.0,147.0,60271.0,65072.0,8068.0,3267.0
2016-05-17,65826.0,195.0,25641.0,74.0,15014.0,2793.0,792.0,17034.0,26344.0,5747.0,19134.0,1533.0,122.0,58113.0,63047.0,7713.0,2779.0
2016-05-24,61676.0,163.0,25718.0,86.0,14990.0,1077.0,1442.0,13533.0,23368.0,6276.0,17693.0,1183.0,79.0,54262.0,59230.0,7414.0,2446.0
2016-05-31,62617.0,163.0,25651.0,85.0,15255.0,884.0,1246.0,13302.0,24494.0,6383.0,17618.0,1474.0,83.0,54136.0,60300.0,8481.0,2317.0
2016-06-07,70416.0,164.0,25573.0,101.0,15665.0,1172.0,1147.0,17360.0,28887.0,10074.0,18200.0,653.0,62.0,62774.0,67669.0,7642.0,2747.0
2016-06-14,50623.0,149.0,10928.0,0.0,15538.0,1605.0,1153.0,6889.0,30603.0,3601.0,16176.0,343.0,108.0,43614.0,48341.0,7009.0,2282.0
2016-06-21,51008.0,170.0,10914.0,0.0,15530.0,2407.0,1147.0,6959.0,30530.0,3210.0,17645.0,283.0,122.0,44783.0,48612.0,6225.0,2396.0
2016-06-28,48326.0,180.0,10885.0,0.0,16801.0,57.0,1806.0,6946.0,28216.0,3338.0,13153.0,599.0,67.0,42291.0,44967.0,6035.0,3359.0
2016-07-05,51696.0,191.0,11089.0,0.0,17253.0,0.0,1825.0,6379.0,32092.0,3895.0,14799.0,848.0,54.0,44396.0,49802.0,7300.0,1894.0
2016-07-12,52816.0,210.0,12628.0,0.0,16129.0,0.0,1753.0,6660.0,31129.0,4728.0,16018.0,565.0,10.0,45508.0,50813.0,7308.0,2003.0
2016-07-19,56971.0,224.0,14800.0,1.0,15420.0,0.0,1755.0,12298.0,32656.0,5286.0,13051.0,730.0,6.0,48041.0,55234.0,8930.0,1737.0
2016-07-26,63312.0,1177.0,19698.0,1.0,15773.0,0.0,1740.0,17006.0,33661.0,5527.0,13657.0,430.0,19.0,54901.0,61076.0,8411.0,2236.0
2016-08-02,55117.0,272.0,19634.0,3.0,14131.0,540.0,1742.0,11962.0,21896.0,8532.0,11943.0,543.0,62.0,48646.0,52951.0,6471.0,2166.0
2016-08-09,56570.0,208.0,19942.0,3.0,13977.0,606.0,1743.0,10772.0,22870.0,9193.0,12953.0,374.0,52.0,48901.0,54782.0,7669.0,1788.0
2016-08-16,58063.0,184.0,19091.0,5.0,12934.0,1233.0,1746.0,10949.0,24932.0,8151.0,17105.0,545.0,53.0,51128.0,55756.0,6935.0,2307.0
2016-08-23,58071.0,308.0,18815.0,66.0,12840.0,1803.0,1745.0,8314.0,22522.0,9312.0,17556.0,780.0,83.0,50224.0,55126.0,7847.0,2945.0
2016-08-30,55870.0,740.0,18887.0,209.0,13128.0,1356.0,1741.0,8566.0,20859.0,10082.0,13469.0,269.0,55.0,47990.0,53458.0,7880.0,2412.0
2016-09-06,58575.0,191.0,20051.0,9.0,13150.0,543.0,1759.0,10408.0,23747.0,9247.0,14856.0,222.0,71.0,49692.0,55650.0,8883.0,2925.0
2016-09-13,55885.0,194.0,20154.0,98.0,12915.0,1644.0,1744.0,11833.0,23003.0,6590.0,14614.0,249.0,92.0,48080.0,53574.0,7805.0,2311.0
2016-09-20,48376.0,257.0,18131.0,4.0,13207.0,761.0,1751.0,7293.0,21207.0,3829.0,14853.0,301.0,89.0,41283.0,46073.0,7093.0,2303.0
2016-09-27,50879.0,201.0,17971.0,4.0,12397.0,649.0,1760.0,6939.0,23105.0,4702.0,17189.0,253.0,145.0,43337.0,48589.0,7542.0,2290.0
2016-10-04,54218.0,306.0,18244.0,5.0,13837.0,797.0,527.0,9778.0,27467.0,4532.0,17107.0,344.0,153.0,46244.0,52068.0,7974.0,2150.0
2016-10-11,70154.0,409.0,33324.0,2.0,18995.0,355.0,487.0,22425.0,29445.0,3532.0,16095.0,465.0,140.0,62085.0,67748.0,8069.0,2406.0
2016-10-18,80405.0,470.0,44239.0,3.0,22110.0,0.0,1023.0,26234.0,28396.0,3534.0,18444.0,971.0,144.0,71962.0,78310.0,8443.0,2095.0
2016-10-25,87341.0,413.0,49877.0,2.0,24094.0,0.0,1190.0,29064.0,28019.0,3811.0,20599.0,1626.0,216.0,79390.0,84741.0,7951.0,2600.0
2016-11-01,86405.0,541.0,51660.0,3.0,25209.0,0.0,1243.0,29395.0,26493.0,3626.0,18036.0,893.0,154.0,78207.0,84071.0,8198.0,2334.0
2016-11-08,86423.0,470.0,51638.0,3.0,23038.0,0.0,970.0,30100.0,27697.0,3246.0,19694.0,505.0,99.0,77619.0,84158.0,8804.0,2265.0
2016-11-15,82020.0,787.0,51338.0,45.0,20869.0,100.0,1275.0,27421.0,21135.0,3320.0,19601.0,950.0,123.0,73442.0,78286.0,8578.0,3734.0
2016-11-22,94942.0,831.0,51894.0,75.0,20855.0,300.0,1760.0,33147.0,32375.0,3659.0,24878.0,1139.0,192.0,85397.0,91394.0,9545.0,3548.0
2016-11-29,93202.0,753.0,51011.0,627.0,21594.0,300.0,1771.0,34316.0,29249.0,5579.0,18673.0,1177.0,164.0,83477.0,89879.0,9725.0,3323.0
2016-12-06,94624.0,841.0,51083.0,629.0,20759.0,200.0,1599.0,37599.0,28917.0,5907.0,14768.0,720.0,387.0,82488.0,89440.0,12136.0,5184.0
2016-12-13,96643.0,1136.0,51411.0,108.0,22272.0,200.0,1594.0,33379.0,31997.0,5642.0,21039.0,837.0,77.0,85247.0,91866.0,11396.0,4777.0
2016-12-20,84928.0,860.0,59184.0,111.0,21182.0,350.0,1550.0,29328.0,17809.0,1658.0,19863.0,614.0,121.0,74672.0,81396.0,10256.0,3532.0
2016-12-27,87857.0,784.0,59265.0,99.0,22271.0,350.0,1497.0,30483.0,20953.0,1530.0,20139.0,556.0,81.0,76884.0,84332.0,10973.0,3525.0
2017-01-03,85625.0,1179.0,59248.0,108.0,20342.0,425.0,1498.0,32635.0,14591.0,1884.0,16775.0,2788.0,84.0,74504.0,80626.0,11121.0,4999.0
2017-01-10,80876.0,789.0,59246.0,9.0,19474.0,774.0,1502.0,29957.0,13063.0,2041.0,16712.0,672.0,31.0,70516.0,77338.0,10360.0,3538.0
2017-01-17,78079.0,648.0,58949.0,33.0,17786.0,1047.0,1405.0,28932.0,11001.0,2092.0,15885.0,368.0,40.0,66821.0,74934.0,11258.0,3145.0
2017-01-24,75265.0,474.0,58882.0,32.0,16656.0,1118.0,1032.0,27075.0,9185.0,2032.0,16943.0,126.0,54.0,64297.0,72462.0,10968.0,2803.0
2017-01-31,76093.0,485.0,58475.0,40.0,16386.0,1396.0,1043.0,27753.0,9546.0,2720.0,16053.0,65.0,60.0,64541.0,73345.0,11552.0,2748.0
2017-02-07,74468.0,515.0,58484.0,22.0,15984.0,1196.0,1039.0,29871.0,6450.0,2909.0,14262.0,1162.0,96.0,64698.0,71359.0,9770.0,3109.0
2017-02-14,74786.0,656.0,58641.0,13.0,15781.0,1059.0,1119.0,29554.0,5985.0,2560.0,14866.0,2295.0,102.0,64651.0,71774.0,10135.0,3012.0
2017-02-21,75404.0,241.0,58416.0,77.0,16214.0,1059.0,1432.0,31294.0,5772.0,2963.0,13726.0,2244.0,105.0,66053.0,72068.0,9351.0,3336.0
2017-02-28,75463.0,293.0,58690.0,208.0,15666.0,1059.0,1438.0,30537.0,5704.0,3049.0,14798.0,2259.0,100.0,66090.0,72508.0,9373.0,2955.0
2017-03-07,83738.0,352.0,64749.0,3141.0,16408.0,831.0,1421.0,31082.0,7599.0,2162.0,18599.0,721.0,35.0,73201.0,80659.0,10537.0,3079.0
2017-03-14,74736.0,225.0,61049.0,62.0,15182.0,831.0,1446.0,28145.0,7303.0,1038.0,19256.0,214.0,47.0,65402.0,71991.0,9334.0,2745.0
2017-03-21,72994.0,225.0,61000.0,54.0,12494.0,1099.0,1287.0,28676.0,5446.0,1315.0,19619.0,257.0,58.0,63729.0,70517.0,9265.0,2477.0
2017-03-28,74915.0,199.0,60218.0,123.0,12093.0,2077.0,841.0,30874.0,6657.0,2092.0,20529.0,359.0,61.0,66813.0,72428.0,8102.0,2487.0
2017-04-04,69622.0,75.0,58169.0,99.0,12116.0,1575.0,545.0,28695.0,4607.0,1555.0,18367.0,348.0,66.0,61518.0,66963.0,8104.0,2659.0
2017-04-11,71796.0,275.0,58083.0,95.0,12407.0,563.0,512.0,27142.0,5258.0,1511.0,18855.0,547.0,51.0,60848.0,66620.0,10948.0,5176.0
2017-04-18,66976.0,641.0,57677.0,143.0,12262.0,637.0,520.0,26296.0,2952.0,2037.0,17152.0,478.0,49.0,59100.0,64493.0,7876.0,2483.0
2017-04-25,70525.0,694.0,58027.0,161.0,12159.0,1676.0,485.0,26945.0,4538.0,2112.0,19263.0,352.0,61.0,61881.0,67412.0,8644.0,3113.0
2017-05-02,74170.0,597.0,56891.0,160.0,12304.0,2617.0,475.0,30960.0,7779.0,2799.0,18272.0,371.0,55.0,65621.0,71146.0,8549.0,3024.0
2017-05-09,75003.0,650.0,54430.0,86.0,12422.0,2148.0,488.0,29936.0,10895.0,3232.0,18421.0,209.0,91.0,65327.0,71579.0,9676.0,3424.0
2017-05-16,78223.0,51.0,54330.0,50.0,12104.0,2032.0,540.0,32756.0,15086.0,2927.0,20821.0,449.0,147.0,69395.0,75561.0,8828.0,2662.0
2017-05-23,85334.0,51.0,54181.0,50.0,11760.0,3841.0,562.0,43367.0,16046.0,3148.0,17009.0,4147.0,217.0,76165.0,82193.0,9169.0,3141.0
2017-05-30,85038.0,51.0,50343.0,50.0,11784.0,4333.0,540.0,40901.0,18250.0,3526.0,15717.0,1594.0,327.0,72897.0,78963.0,12141.0,6075.0
2017-06-06,87469.0,101.0,50912.0,50.0,11687.0,5083.0,547.0,40864.0,20015.0,3290.0,18233.0,993.0,349.0,75120.0,81238.0,12349.0,6231.0
2017-06-13,85059.0,101.0,51013.0,0.0,11205.0,4764.0,488.0,44155.0,18391.0,2952.0,13869.0,1120.0,79.0,72850.0,78807.0,12209.0,6252.0
2017-06-20,46897.0,285.0,18943.0,0.0,10717.0,3952.0,517.0,14862.0,14178.0,1885.0,10378.0,4869.0,37.0,38681.0,44381.0,8216.0,2516.0
2017-06-27,48246.0,393.0,18868.0,0.0,10814.0,3954.0,548.0,10371.0,17618.0,3356.0,14794.0,1032.0,37.0,40312.0,45413.0,7934.0,2833.0
2017-07-03,50819.0,401.0,18943.0,0.0,10771.0,5559.0,564.0,11380.0,17635.0,3229.0,16319.0,1623.0,37.0,42701.0,47590.0,8118.0,3229.0
2017-07-11,53219.0,399.0,18886.0,0.0,11088.0,5740.0,568.0,20174.0,17468.0,2944.0,10386.0,4609.0,41.0,45600.0,50255.0,7619.0,2964.0
2017-07-18,53236.0,415.0,18884.0,0.0,11161.0,6227.0,578.0,19822.0,19239.0,2525.0,9474.0,1525.0,44.0,44018.0,49022.0,9218.0,4214.0
2017-07-25,50134.0,407.0,15335.0,0.0,11789.0,6772.0,548.0,18911.0,20568.0,2164.0,7759.0,1549.0,44.0,41623.0,46980.0,8511.0,3154.0
2017-08-01,51618.0,425.0,15082.0,0.0,12719.0,6832.0,550.0,14709.0,20753.0,3355.0,11313.0,1867.0,47.0,43118.0,48486.0,8500.0,3132.0
2017-08-08,52929.0,394.0,14969.0,0.0,13568.0,6364.0,519.0,15487.0,21426.0,3793.0,9437.0,2852.0,1.0,43199.0,49924.0,9730.0,3005.0
2017-08-15,51434.0,384.0,14734.0,0.0,13146.0,6602.0,518.0,14515.0,21155.0,3884.0,9244.0,1740.0,2.0,41694.0,48635.0,9740.0,2799.0
2017-08-22,52535.0,348.0,14731.0,450.0,13068.0,7053.0,565.0,13476.0,20550.0,4239.0,11207.0,1874.0,1.0,43354.0,49462.0,9181.0,3073.0
2017-08-29,58299.0,401.0,14749.0,0.0,13664.0,7056.0,569.0,22082.0,23315.0,4795.0,7805.0,4616.0,0.0,49317.0,55101.0,8982.0,3198.0
