,id,code,pe_ratio,turnover_ratio,pb_ratio,ps_ratio,pcf_ratio,capitalization,market_cap,circulating_cap,circulating_market_cap,day,pe_ratio_lyr
0,4871987.0,601198.XSHG,31.81,0.03,4.45,12.74,3.84,250400.0,331.03,50000.0,66.1,2015-02-26,31.8114
0,4871988.0,601198.XSHG,34.99,0.01,4.9,14.02,4.22,250400.0,364.08,50000.0,72.7,2015-02-27,34.9877
0,4871988.0,601198.XSHG,34.99,0.01,4.9,14.02,4.22,250400.0,364.08,50000.0,72.7,2015-02-27,34.9877
0,4871988.0,601198.XSHG,34.99,0.01,4.9,14.02,4.22,250400.0,364.08,50000.0,72.7,2015-02-27,34.9877
0,4871989.0,601198.XSHG,38.48,0.01,5.39,15.41,4.64,250400.0,400.39,50000.0,79.95,2015-03-02,38.4769
0,4871990.0,601198.XSHG,42.33,0.05,5.92,16.96,5.11,250400.0,440.45,50000.0,87.95,2015-03-03,42.327
0,4871991.0,601198.XSHG,46.56,0.19,6.52,18.65,5.62,250400.0,484.52,50000.0,96.75,2015-03-04,46.5621
0,4871992.0,601198.XSHG,51.23,0.61,7.17,20.52,6.18,250400.0,533.1,50000.0,106.45,2015-03-05,51.2303
0,4871993.0,601198.XSHG,56.36,1.49,7.89,22.57,6.8,250400.0,586.44,50000.0,117.1,2015-03-06,56.3558
0,4871993.0,601198.XSHG,56.36,1.49,7.89,22.57,6.8,250400.0,586.44,50000.0,117.1,2015-03-06,56.3558
0,4871993.0,601198.XSHG,56.36,1.49,7.89,22.57,6.8,250400.0,586.44,50000.0,117.1,2015-03-06,56.3558
0,4871994.0,601198.XSHG,54.05,54.8,7.56,21.65,6.52,250400.0,562.4,50000.0,112.3,2015-03-09,54.0457
0,4871995.0,601198.XSHG,51.9,27.74,7.26,20.79,6.26,250400.0,540.11,50000.0,107.85,2015-03-10,51.9041
0,4871996.0,601198.XSHG,50.22,20.28,7.03,20.12,6.06,250400.0,522.58,50000.0,104.35,2015-03-11,50.2197
0,4871997.0,601198.XSHG,51.45,25.13,7.2,20.61,6.21,250400.0,535.36,50000.0,106.9,2015-03-12,51.4469
0,4871998.0,601198.XSHG,50.48,16.78,7.07,20.22,6.09,250400.0,525.34,50000.0,104.9,2015-03-13,50.4844
0,4871998.0,601198.XSHG,50.48,16.78,7.07,20.22,6.09,250400.0,525.34,50000.0,104.9,2015-03-13,50.4844
0,4871998.0,601198.XSHG,50.48,16.78,7.07,20.22,6.09,250400.0,525.34,50000.0,104.9,2015-03-13,50.4844
0,4871999.0,601198.XSHG,55.54,36.73,7.77,22.25,6.7,250400.0,577.92,50000.0,115.4,2015-03-16,55.5376
0,4872000.0,601198.XSHG,56.38,35.22,7.89,22.58,6.8,250400.0,586.69,50000.0,117.15,2015-03-17,56.3798
0,4872001.0,601198.XSHG,56.21,23.6,7.87,22.52,6.78,250400.0,584.93,50000.0,116.8,2015-03-18,56.2114
0,4872002.0,601198.XSHG,57.9,23.67,8.1,23.19,6.98,250400.0,602.46,50000.0,120.3,2015-03-19,57.8958
0,4872003.0,601198.XSHG,60.18,26.66,8.42,24.11,7.26,250400.0,626.25,50000.0,125.05,2015-03-20,60.1818
0,4872003.0,601198.XSHG,60.18,26.66,8.42,24.11,7.26,250400.0,626.25,50000.0,125.05,2015-03-20,60.1818
0,4872003.0,601198.XSHG,60.18,26.66,8.42,24.11,7.26,250400.0,626.25,50000.0,125.05,2015-03-20,60.1818
0,4872004.0,601198.XSHG,60.23,19.15,8.43,24.13,7.26,250400.0,626.75,50000.0,125.15,2015-03-23,60.2299
0,4872005.0,601198.XSHG,57.87,17.98,8.1,23.18,6.98,250400.0,602.21,50000.0,120.25,2015-03-24,57.8717
0,4872006.0,601198.XSHG,57.51,11.5,8.05,23.04,6.94,250400.0,598.46,50000.0,119.5,2015-03-25,57.5108
0,4872007.0,601198.XSHG,59.15,20.85,8.28,23.69,7.13,250400.0,615.48,50000.0,122.9,2015-03-26,59.1471
0,4872008.0,601198.XSHG,58.21,11.83,8.15,23.32,7.02,250400.0,605.72,50000.0,120.95,2015-03-27,58.2086
0,4872008.0,601198.XSHG,58.21,11.83,8.15,23.32,7.02,250400.0,605.72,50000.0,120.95,2015-03-27,58.2086
0,4872008.0,601198.XSHG,58.21,11.83,8.15,23.32,7.02,250400.0,605.72,50000.0,120.95,2015-03-27,58.2086
0,4872009.0,601198.XSHG,58.71,14.99,8.22,23.52,7.08,250400.0,610.98,50000.0,122.0,2015-03-30,58.7139
0,4872010.0,601198.XSHG,60.57,25.84,5.01,24.26,7.31,250400.0,630.26,50000.0,125.85,2015-03-31,60.5668
0,4872011.0,601198.XSHG,63.43,19.46,5.24,25.41,7.65,250400.0,660.05,50000.0,131.8,2015-04-01,63.4303
0,4872012.0,601198.XSHG,63.36,12.39,5.24,25.38,7.64,250400.0,659.3,50000.0,131.65,2015-04-02,63.3581
0,4872013.0,601198.XSHG,69.4,19.85,5.74,27.8,8.37,250400.0,722.15,50000.0,144.2,2015-04-03,69.398
0,4872013.0,601198.XSHG,69.4,19.85,5.74,27.8,8.37,250400.0,722.15,50000.0,144.2,2015-04-03,69.398
0,4872013.0,601198.XSHG,69.4,19.85,5.74,27.8,8.37,250400.0,722.15,50000.0,144.2,2015-04-03,69.398
0,4872013.0,601198.XSHG,69.4,19.85,5.74,27.8,8.37,250400.0,722.15,50000.0,144.2,2015-04-03,69.398
0,4872014.0,601198.XSHG,71.15,25.76,5.88,28.5,8.58,250400.0,740.43,50000.0,147.85,2015-04-07,71.1546
0,4872015.0,601198.XSHG,78.28,21.38,6.47,31.36,9.44,250400.0,814.55,50000.0,162.65,2015-04-08,78.2772
0,4872016.0,601198.XSHG,81.91,31.69,6.77,32.81,9.88,250400.0,852.36,50000.0,170.2,2015-04-09,81.9108
0,4872017.0,601198.XSHG,83.47,21.97,6.9,33.44,10.07,250400.0,868.64,50000.0,173.45,2015-04-10,83.4749
0,4872017.0,601198.XSHG,83.47,21.97,6.9,33.44,10.07,250400.0,868.64,50000.0,173.45,2015-04-10,83.4749
0,4872017.0,601198.XSHG,83.47,21.97,6.9,33.44,10.07,250400.0,868.64,50000.0,173.45,2015-04-10,83.4749
0,4872018.0,601198.XSHG,80.83,17.52,6.68,32.38,9.75,250400.0,841.09,50000.0,167.95,2015-04-13,80.8279
0,4872019.0,601198.XSHG,78.95,14.55,6.53,31.63,9.52,250400.0,821.56,50000.0,164.05,2015-04-14,78.951
0,4872020.0,601198.XSHG,75.32,10.75,6.23,30.17,9.08,250400.0,783.75,50000.0,156.5,2015-04-15,75.3175
0,4872021.0,601198.XSHG,75.22,8.83,6.22,30.13,9.07,250400.0,782.75,50000.0,156.3,2015-04-16,75.2212
0,4872022.0,601198.XSHG,75.8,12.72,6.26,30.36,9.14,250400.0,788.76,50000.0,157.5,2015-04-17,75.7987
0,4872022.0,601198.XSHG,75.8,12.72,6.26,30.36,9.14,250400.0,788.76,50000.0,157.5,2015-04-17,75.7987
0,4872022.0,601198.XSHG,75.8,12.72,6.26,30.36,9.14,250400.0,788.76,50000.0,157.5,2015-04-17,75.7987
0,4872023.0,601198.XSHG,70.99,12.23,5.87,28.44,8.56,250400.0,738.68,50000.0,147.5,2015-04-20,70.9861
0,4872024.0,601198.XSHG,78.08,16.77,6.45,31.28,9.42,250400.0,812.55,50000.0,162.25,2015-04-21,78.0847
0,4872025.0,601198.XSHG,81.36,20.75,6.72,32.59,9.81,250400.0,846.6,50000.0,169.05,2015-04-22,81.3573
0,4872026.0,601198.XSHG,79.67,13.79,6.59,31.91,9.61,250400.0,829.07,50000.0,165.55,2015-04-23,79.6729
0,4872027.0,601198.XSHG,76.45,10.5,6.32,30.62,9.22,250400.0,795.52,50000.0,158.85,2015-04-24,76.4484
0,4872027.0,601198.XSHG,76.45,10.5,6.32,30.62,9.22,250400.0,795.52,50000.0,158.85,2015-04-24,76.4484
0,4872027.0,601198.XSHG,76.45,10.5,6.32,30.62,9.22,250400.0,795.52,50000.0,158.85,2015-04-24,76.4484
0,4872028.0,601198.XSHG,76.83,8.6,6.35,30.78,9.27,250400.0,799.53,50000.0,159.65,2015-04-27,76.8335
0,4872029.0,601198.XSHG,76.26,10.2,6.3,30.55,9.2,250400.0,793.52,50000.0,158.45,2015-04-28,76.2559
0,4872030.0,601198.XSHG,76.81,6.98,6.35,30.77,9.26,250400.0,799.28,50000.0,159.6,2015-04-29,76.8094
0,4872031.0,601198.XSHG,53.0,7.68,6.26,23.01,5.5,250400.0,788.26,50000.0,157.4,2015-04-30,75.7506
0,4872031.0,601198.XSHG,53.0,7.68,6.26,23.01,5.5,250400.0,788.26,50000.0,157.4,2015-04-30,75.7506
0,4872031.0,601198.XSHG,53.0,7.68,6.26,23.01,5.5,250400.0,788.26,50000.0,157.4,2015-04-30,75.7506
0,4872031.0,601198.XSHG,53.0,7.68,6.26,23.01,5.5,250400.0,788.26,50000.0,157.4,2015-04-30,75.7506
0,4872032.0,601198.XSHG,51.97,7.01,6.14,22.56,5.39,250400.0,772.98,50000.0,154.35,2015-05-04,74.2828
0,4872033.0,601198.XSHG,50.57,7.56,5.97,21.95,5.25,250400.0,752.2,50000.0,150.2,2015-05-05,72.2855
0,4872034.0,601198.XSHG,50.64,6.58,5.98,21.98,5.25,250400.0,753.2,50000.0,150.4,2015-05-06,72.3818
0,4872035.0,601198.XSHG,50.93,5.29,6.02,22.11,5.28,250400.0,757.46,50000.0,151.25,2015-05-07,72.7909
0,4872036.0,601198.XSHG,51.35,6.32,6.07,22.29,5.33,250400.0,763.72,50000.0,152.5,2015-05-08,73.3924
0,4872036.0,601198.XSHG,51.35,6.32,6.07,22.29,5.33,250400.0,763.72,50000.0,152.5,2015-05-08,73.3924
0,4872036.0,601198.XSHG,51.35,6.32,6.07,22.29,5.33,250400.0,763.72,50000.0,152.5,2015-05-08,73.3924
0,4872037.0,601198.XSHG,53.55,9.33,6.33,23.25,5.56,250400.0,796.52,50000.0,159.05,2015-05-11,76.5447
0,4872038.0,601198.XSHG,55.15,12.84,6.52,23.94,5.72,250400.0,820.31,50000.0,163.8,2015-05-12,78.8307
0,4872039.0,601198.XSHG,53.67,8.31,6.34,23.3,5.57,250400.0,798.28,50000.0,159.4,2015-05-13,76.7131
0,4872040.0,601198.XSHG,53.32,6.59,6.3,23.14,5.53,250400.0,793.02,50000.0,158.35,2015-05-14,76.2078
0,4872041.0,601198.XSHG,51.21,5.88,6.05,22.23,5.31,250400.0,761.72,50000.0,152.1,2015-05-15,73.1999
0,4872041.0,601198.XSHG,51.21,5.88,6.05,22.23,5.31,250400.0,761.72,50000.0,152.1,2015-05-15,73.1999
0,4872041.0,601198.XSHG,51.21,5.88,6.05,22.23,5.31,250400.0,761.72,50000.0,152.1,2015-05-15,73.1999
0,4872042.0,601198.XSHG,51.65,6.03,6.1,22.42,5.36,250400.0,768.23,50000.0,153.4,2015-05-18,73.8256
0,4872043.0,601198.XSHG,56.82,21.37,6.71,24.67,5.89,250400.0,845.1,50000.0,168.75,2015-05-19,81.2129
0,4872044.0,601198.XSHG,55.39,17.24,6.54,24.04,5.75,250400.0,823.82,50000.0,164.5,2015-05-20,79.1676
0,4872045.0,601198.XSHG,56.8,13.74,6.71,24.66,5.89,250400.0,844.85,50000.0,168.7,2015-05-21,81.1889
0,4872046.0,601198.XSHG,62.48,24.2,7.38,27.12,6.48,250400.0,929.23,50000.0,185.55,2015-05-22,89.2981
0,4872046.0,601198.XSHG,62.48,24.2,7.38,27.12,6.48,250400.0,929.23,50000.0,185.55,2015-05-22,89.2981
0,4872046.0,601198.XSHG,62.48,24.2,7.38,27.12,6.48,250400.0,929.23,50000.0,185.55,2015-05-22,89.2981
0,4872047.0,601198.XSHG,64.98,26.98,7.68,28.21,6.74,250400.0,966.54,50000.0,193.0,2015-05-25,92.8835
0,4872048.0,601198.XSHG,67.32,21.52,7.95,29.23,6.98,250400.0,1001.35,50000.0,199.95,2015-05-26,96.2283
0,4872049.0,601198.XSHG,66.87,15.52,7.9,29.03,6.94,250400.0,994.59,50000.0,198.6,2015-05-27,95.5786
0,4872050.0,601198.XSHG,63.65,20.89,7.52,27.63,6.6,250400.0,946.76,50000.0,189.05,2015-05-28,90.9826
0,4872051.0,601198.XSHG,67.36,20.63,7.96,29.24,6.99,250400.0,1001.85,50000.0,200.05,2015-05-29,96.2764
0,4872051.0,601198.XSHG,67.36,20.63,7.96,29.24,6.99,250400.0,1001.85,50000.0,200.05,2015-05-29,96.2764
0,4872051.0,601198.XSHG,67.36,20.63,7.96,29.24,6.99,250400.0,1001.85,50000.0,200.05,2015-05-29,96.2764
0,4872052.0,601198.XSHG,71.45,19.68,8.44,31.02,7.41,250400.0,1062.7,50000.0,212.2,2015-06-01,102.1238
0,4872053.0,601198.XSHG,70.1,13.71,8.28,30.43,7.27,250400.0,1042.67,50000.0,208.2,2015-06-02,100.1987
0,4872054.0,601198.XSHG,67.71,10.48,8.0,29.39,7.02,250400.0,1007.11,50000.0,201.1,2015-06-03,96.7818
0,4872055.0,601198.XSHG,67.78,12.31,8.01,29.42,7.03,250400.0,1008.11,50000.0,201.3,2015-06-04,96.878
0,4872056.0,601198.XSHG,67.78,,8.01,29.42,7.03,250400.0,1008.11,50000.0,201.3,2015-06-05,96.878
0,4872056.0,601198.XSHG,67.78,,8.01,29.42,7.03,250400.0,1008.11,50000.0,201.3,2015-06-05,96.878
0,4872056.0,601198.XSHG,67.78,,8.01,29.42,7.03,250400.0,1008.11,50000.0,201.3,2015-06-05,96.878
0,4872057.0,601198.XSHG,67.78,,8.01,29.42,7.03,250400.0,1008.11,50000.0,201.3,2015-06-08,96.878
0,4872058.0,601198.XSHG,67.78,,8.01,29.42,7.03,250400.0,1008.11,50000.0,201.3,2015-06-09,96.878
0,4872059.0,601198.XSHG,67.29,13.43,7.95,29.21,6.98,250400.0,1000.85,50000.0,199.85,2015-06-10,96.1802
0,4872060.0,601198.XSHG,64.7,9.81,7.64,28.09,6.71,250400.0,962.29,50000.0,192.15,2015-06-11,92.4745
0,4872061.0,601198.XSHG,65.09,7.62,7.69,28.25,6.75,250400.0,968.05,50000.0,193.3,2015-06-12,93.0279
0,4872061.0,601198.XSHG,65.09,7.62,7.69,28.25,6.75,250400.0,968.05,50000.0,193.3,2015-06-12,93.0279
0,4872061.0,601198.XSHG,65.09,7.62,7.69,28.25,6.75,250400.0,968.05,50000.0,193.3,2015-06-12,93.0279
0,4872062.0,601198.XSHG,63.44,6.99,7.49,27.54,6.58,250400.0,943.51,50000.0,188.4,2015-06-15,90.6697
0,4872063.0,601198.XSHG,61.57,6.79,7.27,26.73,6.39,250400.0,915.71,50000.0,182.85,2015-06-16,87.9987
0,4872064.0,601198.XSHG,61.31,5.88,7.24,26.62,6.36,250400.0,911.96,50000.0,182.1,2015-06-17,87.6378
0,4872065.0,601198.XSHG,58.05,5.88,6.86,25.2,6.02,250400.0,863.38,50000.0,172.4,2015-06-18,82.9695
0,4872066.0,601198.XSHG,55.17,5.91,6.52,23.95,5.72,250400.0,820.56,50000.0,163.85,2015-06-19,78.8548
0,4872066.0,601198.XSHG,55.17,5.91,6.52,23.95,5.72,250400.0,820.56,50000.0,163.85,2015-06-19,78.8548
0,4872066.0,601198.XSHG,55.17,5.91,6.52,23.95,5.72,250400.0,820.56,50000.0,163.85,2015-06-19,78.8548
0,4872066.0,601198.XSHG,55.17,5.91,6.52,23.95,5.72,250400.0,820.56,50000.0,163.85,2015-06-19,78.8548
0,4872067.0,601198.XSHG,57.21,6.26,6.76,24.83,5.93,250400.0,850.86,50000.0,169.9,2015-06-23,81.7664
0,4872068.0,601198.XSHG,59.48,8.0,7.03,25.82,6.17,250400.0,884.66,50000.0,176.65,2015-06-24,85.0149
0,4872069.0,601198.XSHG,55.57,8.17,6.57,24.12,5.77,250400.0,826.57,50000.0,165.05,2015-06-25,79.4323
0,4872070.0,601198.XSHG,50.02,8.63,5.91,21.71,5.19,250400.0,743.94,50000.0,148.55,2015-06-26,71.4915
0,4872070.0,601198.XSHG,50.02,8.63,5.91,21.71,5.19,250400.0,743.94,50000.0,148.55,2015-06-26,71.4915
0,4872070.0,601198.XSHG,50.02,8.63,5.91,21.71,5.19,250400.0,743.94,50000.0,148.55,2015-06-26,71.4915
0,4872071.0,601198.XSHG,46.16,9.76,5.45,20.04,4.79,250400.0,686.6,50000.0,137.1,2015-06-29,65.981
0,4872072.0,601198.XSHG,50.35,10.25,5.78,21.86,5.22,250400.0,748.95,50000.0,149.55,2015-06-30,71.9727
0,4872073.0,601198.XSHG,45.71,8.2,5.25,19.84,4.74,250400.0,679.84,50000.0,135.75,2015-07-01,65.3313
0,4872074.0,601198.XSHG,44.56,9.18,5.12,19.34,4.62,250400.0,662.81,50000.0,132.35,2015-07-02,63.695
0,4872075.0,601198.XSHG,40.51,8.5,4.65,17.58,4.2,250400.0,602.46,50000.0,120.3,2015-07-03,57.8958
0,4872075.0,601198.XSHG,40.51,8.5,4.65,17.58,4.2,250400.0,602.46,50000.0,120.3,2015-07-03,57.8958
0,4872075.0,601198.XSHG,40.51,8.5,4.65,17.58,4.2,250400.0,602.46,50000.0,120.3,2015-07-03,57.8958
0,4872076.0,601198.XSHG,42.64,11.01,4.9,18.51,4.42,250400.0,634.26,50000.0,126.65,2015-07-06,60.9518
0,4872077.0,601198.XSHG,38.38,8.32,4.41,16.66,3.98,250400.0,570.91,50000.0,114.0,2015-07-07,54.8639
0,4872078.0,601198.XSHG,34.55,0.64,3.97,15.0,3.58,250400.0,513.82,50000.0,102.6,2015-07-08,49.3775
0,4872079.0,601198.XSHG,38.0,18.34,4.36,16.49,3.94,250400.0,565.15,50000.0,112.85,2015-07-09,54.3104
0,4872080.0,601198.XSHG,41.8,18.17,4.8,18.15,4.34,250400.0,621.74,50000.0,124.15,2015-07-10,59.7487
0,4872080.0,601198.XSHG,41.8,18.17,4.8,18.15,4.34,250400.0,621.74,50000.0,124.15,2015-07-10,59.7487
0,4872080.0,601198.XSHG,41.8,18.17,4.8,18.15,4.34,250400.0,621.74,50000.0,124.15,2015-07-10,59.7487
0,4872081.0,601198.XSHG,44.04,18.45,5.06,19.12,4.57,250400.0,655.05,50000.0,130.8,2015-07-13,62.9491
0,4872082.0,601198.XSHG,41.31,14.17,4.74,17.93,4.29,250400.0,614.48,50000.0,122.7,2015-07-14,59.0508
0,4872083.0,601198.XSHG,37.21,10.66,4.27,16.15,3.86,250400.0,553.38,50000.0,110.5,2015-07-15,53.1794
0,4872084.0,601198.XSHG,37.31,7.79,4.28,16.19,3.87,250400.0,554.89,50000.0,110.8,2015-07-16,53.3238
0,4872085.0,601198.XSHG,39.55,7.94,4.54,17.17,4.1,250400.0,588.19,50000.0,117.45,2015-07-17,56.5242
0,4872085.0,601198.XSHG,39.55,7.94,4.54,17.17,4.1,250400.0,588.19,50000.0,117.45,2015-07-17,56.5242
0,4872085.0,601198.XSHG,39.55,7.94,4.54,17.17,4.1,250400.0,588.19,50000.0,117.45,2015-07-17,56.5242
0,4872086.0,601198.XSHG,38.92,7.92,4.47,16.9,4.04,250400.0,578.92,50000.0,115.6,2015-07-20,55.6339
0,4872087.0,601198.XSHG,40.49,11.38,4.65,17.58,4.2,250400.0,602.21,50000.0,120.25,2015-07-21,57.8717
0,4872088.0,601198.XSHG,40.0,7.49,4.59,17.36,4.15,250400.0,594.95,50000.0,118.8,2015-07-22,57.1739
0,4872089.0,601198.XSHG,42.9,14.55,4.93,18.62,4.45,250400.0,638.02,50000.0,127.4,2015-07-23,61.3128
0,4872090.0,601198.XSHG,40.99,13.17,4.71,17.8,4.25,250400.0,609.72,50000.0,121.75,2015-07-24,58.5936
0,4872090.0,601198.XSHG,40.99,13.17,4.71,17.8,4.25,250400.0,609.72,50000.0,121.75,2015-07-24,58.5936
0,4872090.0,601198.XSHG,40.99,13.17,4.71,17.8,4.25,250400.0,609.72,50000.0,121.75,2015-07-24,58.5936
0,4872091.0,601198.XSHG,36.9,9.05,4.24,16.02,3.83,250400.0,548.88,50000.0,109.6,2015-07-27,52.7463
0,4872092.0,601198.XSHG,38.5,15.47,4.42,16.71,3.99,250400.0,572.66,50000.0,114.35,2015-07-28,38.5025
0,4872093.0,601198.XSHG,38.62,8.76,4.43,16.76,4.01,250400.0,574.42,50000.0,114.7,2015-07-29,55.2007
0,4872094.0,601198.XSHG,36.65,7.54,4.21,15.91,3.8,250400.0,545.12,50000.0,108.85,2015-07-30,52.3854
0,4872095.0,601198.XSHG,36.23,4.83,4.16,15.73,3.76,250400.0,538.86,50000.0,107.6,2015-07-31,51.7838
0,4872095.0,601198.XSHG,36.23,4.83,4.16,15.73,3.76,250400.0,538.86,50000.0,107.6,2015-07-31,51.7838
0,4872095.0,601198.XSHG,36.23,4.83,4.16,15.73,3.76,250400.0,538.86,50000.0,107.6,2015-07-31,51.7838
0,4872096.0,601198.XSHG,35.61,5.53,4.09,15.46,3.69,250400.0,529.6,50000.0,105.75,2015-08-03,50.8934
0,4872097.0,601198.XSHG,37.14,5.95,4.26,16.12,3.85,250400.0,552.38,50000.0,110.3,2015-08-04,53.0832
0,4872098.0,601198.XSHG,36.04,4.82,4.14,15.65,3.74,250400.0,536.11,50000.0,107.05,2015-08-05,51.5191
0,4872099.0,601198.XSHG,35.15,3.53,4.04,15.26,3.65,250400.0,522.84,50000.0,104.4,2015-08-06,50.2437
0,4872100.0,601198.XSHG,36.4,5.06,4.18,15.8,3.78,250400.0,541.36,50000.0,108.1,2015-08-07,52.0244
0,4872100.0,601198.XSHG,36.4,5.06,4.18,15.8,3.78,250400.0,541.36,50000.0,108.1,2015-08-07,52.0244
0,4872100.0,601198.XSHG,36.4,5.06,4.18,15.8,3.78,250400.0,541.36,50000.0,108.1,2015-08-07,52.0244
0,4872101.0,601198.XSHG,40.03,10.31,4.6,17.38,4.15,250400.0,595.45,50000.0,118.9,2015-08-10,57.222
0,4872102.0,601198.XSHG,40.84,15.88,4.69,17.73,4.24,250400.0,607.47,50000.0,121.3,2015-08-11,58.3771
0,4872103.0,601198.XSHG,41.04,12.11,4.71,17.82,4.26,250400.0,610.48,50000.0,121.9,2015-08-12,58.6658
0,4872104.0,601198.XSHG,42.34,10.88,4.86,18.38,4.39,250400.0,629.76,50000.0,125.75,2015-08-13,60.5187
0,4872105.0,601198.XSHG,43.76,12.69,5.02,18.99,4.54,250400.0,650.79,50000.0,129.95,2015-08-14,62.54
0,4872105.0,601198.XSHG,43.76,12.69,5.02,18.99,4.54,250400.0,650.79,50000.0,129.95,2015-08-14,62.54
0,4872105.0,601198.XSHG,43.76,12.69,5.02,18.99,4.54,250400.0,650.79,50000.0,129.95,2015-08-14,62.54
0,4872106.0,601198.XSHG,42.41,10.33,4.87,18.41,4.4,250400.0,630.76,50000.0,125.95,2015-08-17,60.6149
0,4872107.0,601198.XSHG,27.75,14.58,4.42,11.84,2.05,250400.0,572.16,50000.0,114.25,2015-08-18,54.9842
0,4872108.0,601198.XSHG,28.37,9.32,4.52,12.11,2.09,250400.0,584.93,50000.0,116.8,2015-08-19,56.2114
0,4872109.0,601198.XSHG,26.65,6.42,4.24,11.37,1.96,250400.0,549.38,50000.0,109.7,2015-08-20,52.7944
0,4872110.0,601198.XSHG,25.24,6.2,4.02,10.77,1.86,250400.0,520.33,50000.0,103.9,2015-08-21,50.0031
0,4872110.0,601198.XSHG,25.24,6.2,4.02,10.77,1.86,250400.0,520.33,50000.0,103.9,2015-08-21,50.0031
0,4872110.0,601198.XSHG,25.24,6.2,4.02,10.77,1.86,250400.0,520.33,50000.0,103.9,2015-08-21,50.0031
0,4872111.0,601198.XSHG,22.71,6.75,3.61,9.69,1.67,250400.0,468.25,50000.0,93.5,2015-08-24,44.998
0,4872112.0,601198.XSHG,20.44,6.4,3.25,8.72,1.51,250400.0,421.42,50000.0,84.15,2015-08-25,40.4982
0,4872113.0,601198.XSHG,18.77,8.89,2.99,8.01,1.38,250400.0,386.87,50000.0,77.25,2015-08-26,37.1775
0,4872114.0,601198.XSHG,20.51,8.12,3.26,8.75,1.51,250400.0,422.93,50000.0,84.45,2015-08-27,40.6426
0,4872115.0,601198.XSHG,21.83,9.72,3.47,9.31,1.61,250400.0,449.97,50000.0,89.85,2015-08-28,43.2414
0,4872115.0,601198.XSHG,21.83,9.72,3.47,9.31,1.61,250400.0,449.97,50000.0,89.85,2015-08-28,43.2414
0,4872115.0,601198.XSHG,21.83,9.72,3.47,9.31,1.61,250400.0,449.97,50000.0,89.85,2015-08-28,43.2414
0,4872116.0,601198.XSHG,20.43,7.69,3.25,8.72,1.51,250400.0,421.17,50000.0,84.1,2015-08-31,40.4741
0,4872117.0,601198.XSHG,19.53,9.55,3.11,8.33,1.44,250400.0,402.64,50000.0,80.4,2015-09-01,38.6935
0,4872118.0,601198.XSHG,18.1,7.23,2.88,7.72,1.33,250400.0,373.1,50000.0,74.5,2015-09-02,35.854
0,4872118.0,601198.XSHG,18.1,7.23,2.88,7.72,1.33,250400.0,373.1,50000.0,74.5,2015-09-02,35.854
0,4872118.0,601198.XSHG,18.1,7.23,2.88,7.72,1.33,250400.0,373.1,50000.0,74.5,2015-09-02,35.854
0,4872118.0,601198.XSHG,18.1,7.23,2.88,7.72,1.33,250400.0,373.1,50000.0,74.5,2015-09-02,35.854
0,4872118.0,601198.XSHG,18.1,7.23,2.88,7.72,1.33,250400.0,373.1,50000.0,74.5,2015-09-02,35.854
0,4872119.0,601198.XSHG,18.64,5.95,2.97,7.96,1.37,250400.0,384.36,50000.0,76.75,2015-09-07,36.9368
0,4872120.0,601198.XSHG,19.65,7.42,3.13,8.39,1.45,250400.0,405.15,50000.0,80.9,2015-09-08,38.9341
0,4872121.0,601198.XSHG,21.26,14.92,3.38,9.07,1.57,250400.0,438.2,50000.0,87.5,2015-09-09,42.1104
0,4872122.0,601198.XSHG,20.42,8.09,3.25,8.71,1.5,250400.0,420.92,50000.0,84.05,2015-09-10,40.4501
0,4872123.0,601198.XSHG,20.57,5.26,3.27,8.78,1.52,250400.0,424.18,50000.0,84.7,2015-09-11,40.7629
0,4872123.0,601198.XSHG,20.57,5.26,3.27,8.78,1.52,250400.0,424.18,50000.0,84.7,2015-09-11,40.7629
0,4872123.0,601198.XSHG,20.57,5.26,3.27,8.78,1.52,250400.0,424.18,50000.0,84.7,2015-09-11,40.7629
0,4872124.0,601198.XSHG,18.52,10.74,2.95,7.9,1.37,250400.0,381.86,50000.0,76.25,2015-09-14,36.6962
0,4872125.0,601198.XSHG,17.16,6.5,2.73,7.32,1.26,250400.0,353.82,50000.0,70.65,2015-09-15,34.0012
0,4872126.0,601198.XSHG,18.87,8.7,3.0,8.05,1.39,250400.0,389.12,50000.0,77.7,2015-09-16,37.394
0,4872127.0,601198.XSHG,18.1,9.51,2.88,7.72,1.33,250400.0,373.1,50000.0,74.5,2015-09-17,35.854
0,4872128.0,601198.XSHG,18.24,4.92,2.9,7.78,1.34,250400.0,376.1,50000.0,75.1,2015-09-18,36.1428
0,4872128.0,601198.XSHG,18.24,4.92,2.9,7.78,1.34,250400.0,376.1,50000.0,75.1,2015-09-18,36.1428
0,4872128.0,601198.XSHG,18.24,4.92,2.9,7.78,1.34,250400.0,376.1,50000.0,75.1,2015-09-18,36.1428
0,4872129.0,601198.XSHG,19.11,6.52,3.04,8.15,1.41,250400.0,393.88,50000.0,78.65,2015-09-21,37.8512
0,4872130.0,601198.XSHG,19.89,11.14,3.17,8.49,1.47,250400.0,410.16,50000.0,81.9,2015-09-22,39.4153
0,4872131.0,601198.XSHG,19.09,6.68,3.04,8.15,1.41,250400.0,393.63,50000.0,78.6,2015-09-23,37.8272
0,4872132.0,601198.XSHG,19.48,5.26,3.1,8.31,1.44,250400.0,401.64,50000.0,80.2,2015-09-24,38.5972
0,4872133.0,601198.XSHG,18.35,5.54,2.92,7.83,1.35,250400.0,378.35,50000.0,75.55,2015-09-25,36.3593
0,4872133.0,601198.XSHG,18.35,5.54,2.92,7.83,1.35,250400.0,378.35,50000.0,75.55,2015-09-25,36.3593
0,4872133.0,601198.XSHG,18.35,5.54,2.92,7.83,1.35,250400.0,378.35,50000.0,75.55,2015-09-25,36.3593
0,4872134.0,601198.XSHG,18.83,3.56,3.0,8.03,1.39,250400.0,388.12,50000.0,77.5,2015-09-28,37.2978
0,4872135.0,601198.XSHG,18.85,5.76,3.0,8.04,1.39,250400.0,388.62,50000.0,77.6,2015-09-29,37.3459
0,4872136.0,601198.XSHG,19.08,5.68,3.04,8.14,1.41,250400.0,393.38,50000.0,78.55,2015-09-30,37.8031
0,4872136.0,601198.XSHG,19.08,5.68,3.04,8.14,1.41,250400.0,393.38,50000.0,78.55,2015-09-30,37.8031
0,4872136.0,601198.XSHG,19.08,5.68,3.04,8.14,1.41,250400.0,393.38,50000.0,78.55,2015-09-30,37.8031
0,4872136.0,601198.XSHG,19.08,5.68,3.04,8.14,1.41,250400.0,393.38,50000.0,78.55,2015-09-30,37.8031
0,4872136.0,601198.XSHG,19.08,5.68,3.04,8.14,1.41,250400.0,393.38,50000.0,78.55,2015-09-30,37.8031
0,4872136.0,601198.XSHG,19.08,5.68,3.04,8.14,1.41,250400.0,393.38,50000.0,78.55,2015-09-30,37.8031
0,4872136.0,601198.XSHG,19.08,5.68,3.04,8.14,1.41,250400.0,393.38,50000.0,78.55,2015-09-30,37.8031
0,4872136.0,601198.XSHG,19.08,5.68,3.04,8.14,1.41,250400.0,393.38,50000.0,78.55,2015-09-30,37.8031
0,4872137.0,601198.XSHG,19.8,8.31,3.15,8.45,1.46,250400.0,408.15,50000.0,81.5,2015-10-08,39.2228
0,4872138.0,601198.XSHG,20.59,9.44,3.28,8.78,1.52,250400.0,424.43,50000.0,84.75,2015-10-09,40.7869
0,4872138.0,601198.XSHG,20.59,9.44,3.28,8.78,1.52,250400.0,424.43,50000.0,84.75,2015-10-09,40.7869
0,4872138.0,601198.XSHG,20.59,9.44,3.28,8.78,1.52,250400.0,424.43,50000.0,84.75,2015-10-09,40.7869
0,4872139.0,601198.XSHG,21.84,12.82,3.48,9.32,1.61,250400.0,450.22,50000.0,89.9,2015-10-12,43.2654
0,4872140.0,601198.XSHG,21.61,6.53,3.44,9.22,1.59,250400.0,445.46,50000.0,88.95,2015-10-13,42.8082
0,4872141.0,601198.XSHG,21.27,8.38,3.38,9.07,1.57,250400.0,438.45,50000.0,87.55,2015-10-14,42.1345
0,5035368.0,601198.XSHG,22.01,7.04,3.5,9.39,1.62,250400.0,453.72,50000.0,90.6,2015-10-15,43.6023
0,5035367.0,601198.XSHG,22.74,11.44,3.62,9.7,1.68,250400.0,468.75,50000.0,93.6,2015-10-16,45.0461
0,5035367.0,601198.XSHG,22.74,11.44,3.62,9.7,1.68,250400.0,468.75,50000.0,93.6,2015-10-16,45.0461
0,5035367.0,601198.XSHG,22.74,11.44,3.62,9.7,1.68,250400.0,468.75,50000.0,93.6,2015-10-16,45.0461
0,5035366.0,601198.XSHG,23.26,12.23,3.7,9.92,1.71,250400.0,479.52,50000.0,95.75,2015-10-19,46.0808
0,5035365.0,601198.XSHG,23.55,7.53,3.75,10.05,1.74,250400.0,485.53,50000.0,96.95,2015-10-20,46.6583
0,5038862.0,601198.XSHG,21.52,10.21,3.43,9.18,1.59,250400.0,443.71,50000.0,88.6,2015-10-21,42.6398
0,5049764.0,601198.XSHG,21.86,8.78,3.48,9.33,1.61,250400.0,450.72,50000.0,90.0,2015-10-22,43.3136
0,5049763.0,601198.XSHG,22.7,8.33,3.61,9.69,1.67,250400.0,468.0,50000.0,93.45,2015-10-23,44.9739
0,5049763.0,601198.XSHG,22.7,8.33,3.61,9.69,1.67,250400.0,468.0,50000.0,93.45,2015-10-23,44.9739
0,5049763.0,601198.XSHG,22.7,8.33,3.61,9.69,1.67,250400.0,468.0,50000.0,93.45,2015-10-23,44.9739
0,5051879.0,601198.XSHG,23.09,10.99,3.67,9.85,1.7,250400.0,476.01,50000.0,95.05,2015-10-26,45.7439
0,5053777.0,601198.XSHG,22.69,6.86,3.73,9.68,1.67,250400.0,467.75,50000.0,93.4,2015-10-27,44.9499
0,5055675.0,601198.XSHG,21.41,5.56,3.57,9.0,3.36,250400.0,447.97,50000.0,89.45,2015-10-28,43.0489
0,5057573.0,601198.XSHG,21.42,4.62,3.57,9.0,3.36,250400.0,448.22,50000.0,89.5,2015-10-29,43.0729
0,5060407.0,601198.XSHG,22.28,10.77,3.72,9.36,3.5,250400.0,466.24,50000.0,93.1,2015-10-30,44.8055
0,5060407.0,601198.XSHG,22.28,10.77,3.72,9.36,3.5,250400.0,466.24,50000.0,93.1,2015-10-30,44.8055
0,5060407.0,601198.XSHG,22.28,10.77,3.72,9.36,3.5,250400.0,466.24,50000.0,93.1,2015-10-30,44.8055
0,5066715.0,601198.XSHG,21.51,7.0,3.59,9.04,3.38,250400.0,449.97,50000.0,89.85,2015-11-02,43.2414
0,5069496.0,601198.XSHG,21.59,4.96,3.6,9.07,3.39,250400.0,451.72,50000.0,90.2,2015-11-03,43.4098
0,5072278.0,601198.XSHG,23.74,11.99,3.96,9.98,3.73,250400.0,496.79,50000.0,99.2,2015-11-04,47.7412
0,5075058.0,601198.XSHG,26.11,4.91,4.35,10.97,4.1,250400.0,546.37,50000.0,109.1,2015-11-05,52.5057
0,5077838.0,601198.XSHG,28.72,18.41,4.79,12.07,4.51,250400.0,600.96,50000.0,120.0,2015-11-06,57.7514
0,5077838.0,601198.XSHG,28.72,18.41,4.79,12.07,4.51,250400.0,600.96,50000.0,120.0,2015-11-06,57.7514
0,5077838.0,601198.XSHG,28.72,18.41,4.79,12.07,4.51,250400.0,600.96,50000.0,120.0,2015-11-06,57.7514
0,5080621.0,601198.XSHG,31.59,2.98,5.27,13.28,4.96,250400.0,661.06,50000.0,132.0,2015-11-09,63.5266
0,5083401.0,601198.XSHG,34.75,39.37,5.79,14.6,5.46,250400.0,727.16,50000.0,145.2,2015-11-10,69.8792
0,5086181.0,601198.XSHG,34.75,0.0,5.79,14.6,5.46,250400.0,727.16,50000.0,145.2,2015-11-11,69.8792
0,5088961.0,601198.XSHG,34.75,0.0,5.79,14.6,5.46,250400.0,727.16,50000.0,145.2,2015-11-12,69.8792
0,5091741.0,601198.XSHG,34.75,0.0,5.79,14.6,5.46,250400.0,727.16,50000.0,145.2,2015-11-13,69.8792
0,5091741.0,601198.XSHG,34.75,0.0,5.79,14.6,5.46,250400.0,727.16,50000.0,145.2,2015-11-13,69.8792
0,5091741.0,601198.XSHG,34.75,0.0,5.79,14.6,5.46,250400.0,727.16,50000.0,145.2,2015-11-13,69.8792
0,5094521.0,601198.XSHG,34.75,0.0,5.79,14.6,5.46,250400.0,727.16,50000.0,145.2,2015-11-16,69.8792
0,5097301.0,601198.XSHG,34.75,0.0,5.79,14.6,5.46,250400.0,727.16,50000.0,145.2,2015-11-17,69.8792
0,5100081.0,601198.XSHG,33.98,40.06,5.66,14.28,5.34,250400.0,710.89,50000.0,141.95,2015-11-18,68.3151
0,5102861.0,601198.XSHG,34.96,28.39,5.83,14.69,5.49,250400.0,731.42,50000.0,146.05,2015-11-19,70.2883
0,5167609.0,601198.XSHG,33.67,20.12,5.61,14.15,5.29,250400.0,704.38,50000.0,140.65,2015-11-20,67.6895
0,5167609.0,601198.XSHG,33.67,20.12,5.61,14.15,5.29,250400.0,704.38,50000.0,140.65,2015-11-20,67.6895
0,5167609.0,601198.XSHG,33.67,20.12,5.61,14.15,5.29,250400.0,704.38,50000.0,140.65,2015-11-20,67.6895
0,5170389.0,601198.XSHG,33.01,20.84,5.5,13.87,5.18,250400.0,690.6,50000.0,137.9,2015-11-23,66.366
0,5173169.0,601198.XSHG,33.08,20.31,5.51,13.9,5.19,250400.0,692.11,50000.0,138.2,2015-11-24,66.5104
0,5175949.0,601198.XSHG,33.68,17.7,5.61,14.15,5.29,250400.0,704.63,50000.0,140.7,2015-11-25,67.7135
0,5178729.0,601198.XSHG,32.29,19.87,5.38,13.57,5.07,250400.0,675.58,50000.0,134.9,2015-11-26,64.9222
0,5181509.0,601198.XSHG,29.06,22.02,4.84,12.21,4.56,250400.0,607.97,50000.0,121.4,2015-11-27,58.4252
0,5181509.0,601198.XSHG,29.06,22.02,4.84,12.21,4.56,250400.0,607.97,50000.0,121.4,2015-11-27,58.4252
0,5181509.0,601198.XSHG,29.06,22.02,4.84,12.21,4.56,250400.0,607.97,50000.0,121.4,2015-11-27,58.4252
0,5184289.0,601198.XSHG,30.64,24.69,5.11,12.87,4.81,250400.0,641.02,50000.0,128.0,2015-11-30,61.6015
0,5187069.0,601198.XSHG,29.62,14.99,4.94,12.45,4.65,250400.0,619.74,50000.0,123.75,2015-12-01,59.5562
0,5189849.0,601198.XSHG,32.0,23.62,5.34,13.45,5.03,250400.0,669.57,50000.0,133.7,2015-12-02,64.3447
0,5192629.0,601198.XSHG,31.57,18.11,5.26,13.27,4.96,250400.0,660.56,50000.0,131.9,2015-12-03,63.4784
0,5195409.0,601198.XSHG,31.06,11.89,5.18,13.05,4.88,250400.0,649.79,50000.0,129.75,2015-12-04,62.4437
0,5195409.0,601198.XSHG,31.06,11.89,5.18,13.05,4.88,250400.0,649.79,50000.0,129.75,2015-12-04,62.4437
0,5195409.0,601198.XSHG,31.06,11.89,5.18,13.05,4.88,250400.0,649.79,50000.0,129.75,2015-12-04,62.4437
0,5198189.0,601198.XSHG,30.41,8.81,5.07,12.78,4.78,250400.0,636.27,50000.0,127.05,2015-12-07,61.1443
0,5200969.0,601198.XSHG,29.38,9.4,4.9,12.35,4.61,250400.0,614.73,50000.0,122.75,2015-12-08,59.0749
0,5203749.0,601198.XSHG,29.29,7.46,4.88,12.3,4.6,250400.0,612.73,50000.0,122.35,2015-12-09,58.8824
0,5206529.0,601198.XSHG,30.77,24.88,5.13,12.93,4.83,250400.0,643.78,50000.0,128.55,2015-12-10,61.8662
0,5209309.0,601198.XSHG,32.92,26.37,5.49,13.83,5.17,250400.0,688.85,50000.0,137.55,2015-12-11,66.1976
0,5209309.0,601198.XSHG,32.92,26.37,5.49,13.83,5.17,250400.0,688.85,50000.0,137.55,2015-12-11,66.1976
0,5209309.0,601198.XSHG,32.92,26.37,5.49,13.83,5.17,250400.0,688.85,50000.0,137.55,2015-12-11,66.1976
0,5212089.0,601198.XSHG,36.21,24.78,6.04,15.22,5.69,250400.0,757.71,50000.0,151.3,2015-12-14,72.8149
0,5214869.0,601198.XSHG,37.41,30.18,6.24,15.72,5.87,250400.0,782.75,50000.0,156.3,2015-12-15,75.2212
0,5217649.0,601198.XSHG,38.67,23.33,6.45,16.25,6.07,250400.0,809.04,50000.0,161.55,2015-12-16,77.7479
0,5220429.0,601198.XSHG,39.72,25.19,6.62,16.69,6.24,250400.0,831.08,50000.0,165.95,2015-12-17,79.8654
0,5223209.0,601198.XSHG,38.38,16.99,6.4,16.13,6.03,250400.0,803.03,50000.0,160.35,2015-12-18,77.1703
0,5223209.0,601198.XSHG,38.38,16.99,6.4,16.13,6.03,250400.0,803.03,50000.0,160.35,2015-12-18,77.1703
0,5223209.0,601198.XSHG,38.38,16.99,6.4,16.13,6.03,250400.0,803.03,50000.0,160.35,2015-12-18,77.1703
0,5225989.0,601198.XSHG,38.13,15.54,6.36,16.02,5.99,250400.0,797.77,50000.0,159.3,2015-12-21,76.665
0,5228769.0,601198.XSHG,38.38,13.06,6.4,16.13,6.03,250400.0,803.03,50000.0,160.35,2015-12-22,77.1703
0,5231549.0,601198.XSHG,38.42,22.13,6.4,16.14,6.03,250400.0,803.78,50000.0,160.5,2015-12-23,77.2425
0,5234330.0,601198.XSHG,35.58,16.68,5.93,14.95,5.59,250400.0,744.44,50000.0,148.65,2015-12-24,71.5396
0,5237116.0,601198.XSHG,35.88,8.45,5.98,15.08,5.63,250400.0,750.7,50000.0,149.9,2015-12-25,72.1412
0,5237116.0,601198.XSHG,35.88,8.45,5.98,15.08,5.63,250400.0,750.7,50000.0,149.9,2015-12-25,72.1412
0,5237116.0,601198.XSHG,35.88,8.45,5.98,15.08,5.63,250400.0,750.7,50000.0,149.9,2015-12-25,72.1412
0,5239896.0,601198.XSHG,34.59,9.93,5.77,14.53,5.43,250400.0,723.66,50000.0,144.5,2015-12-28,69.5423
0,5242676.0,601198.XSHG,36.02,12.29,6.01,15.14,5.66,250400.0,753.7,50000.0,150.5,2015-12-29,72.4299
0,5245456.0,601198.XSHG,36.44,10.85,6.08,15.31,5.72,250400.0,762.47,50000.0,152.25,2015-12-30,73.2721
0,5249874.0,601198.XSHG,35.87,9.19,5.98,15.07,5.63,250400.0,750.45,50000.0,149.85,2015-12-31,72.1171
0,5249874.0,601198.XSHG,35.87,9.19,5.98,15.07,5.63,250400.0,750.45,50000.0,149.85,2015-12-31,72.1171
0,5249874.0,601198.XSHG,35.87,9.19,5.98,15.07,5.63,250400.0,750.45,50000.0,149.85,2015-12-31,72.1171
0,5249874.0,601198.XSHG,35.87,9.19,5.98,15.07,5.63,250400.0,750.45,50000.0,149.85,2015-12-31,72.1171
0,5253906.0,601198.XSHG,32.28,8.17,5.38,13.56,5.07,250400.0,675.33,50000.0,134.85,2016-01-04,33.0407
0,5256684.0,601198.XSHG,32.19,11.71,5.37,13.53,5.06,250400.0,673.58,50000.0,134.5,2016-01-05,32.9549
0,5259462.0,601198.XSHG,32.67,11.62,5.45,13.73,5.13,250400.0,683.59,50000.0,136.5,2016-01-06,33.4449
0,5262240.0,601198.XSHG,29.4,3.17,4.9,12.36,4.62,250400.0,615.23,50000.0,122.85,2016-01-07,30.1004
0,5265018.0,601198.XSHG,32.03,20.36,5.34,13.46,5.03,250400.0,670.07,50000.0,133.8,2016-01-08,32.7834
0,5265018.0,601198.XSHG,32.03,20.36,5.34,13.46,5.03,250400.0,670.07,50000.0,133.8,2016-01-08,32.7834
0,5265018.0,601198.XSHG,32.03,20.36,5.34,13.46,5.03,250400.0,670.07,50000.0,133.8,2016-01-08,32.7834
0,5267796.0,601198.XSHG,30.64,16.73,5.11,12.87,4.81,250400.0,641.02,50000.0,128.0,2016-01-11,31.3623
0,5270574.0,601198.XSHG,32.36,17.91,5.4,13.6,5.08,250400.0,677.08,50000.0,135.2,2016-01-12,33.1264
0,5273352.0,601198.XSHG,32.24,19.47,5.38,13.55,5.06,250400.0,674.58,50000.0,134.7,2016-01-13,33.0039
0,5276130.0,601198.XSHG,33.61,17.14,5.6,14.12,5.28,250400.0,703.12,50000.0,140.4,2016-01-14,34.4005
0,5279687.0,601198.XSHG,32.28,14.3,5.38,13.56,5.07,250400.0,675.33,50000.0,134.85,2016-01-15,33.0407
0,5279687.0,601198.XSHG,32.28,14.3,5.38,13.56,5.07,250400.0,675.33,50000.0,134.85,2016-01-15,33.0407
0,5279687.0,601198.XSHG,32.28,14.3,5.38,13.56,5.07,250400.0,675.33,50000.0,134.85,2016-01-15,33.0407
0,5283723.0,601198.XSHG,31.76,10.2,5.3,13.35,4.99,250400.0,664.56,50000.0,132.7,2016-01-18,32.5139
0,5286501.0,601198.XSHG,33.25,15.5,5.54,13.97,5.22,250400.0,695.61,50000.0,138.9,2016-01-19,34.033
0,5289279.0,601198.XSHG,32.38,11.64,5.4,13.61,5.09,250400.0,677.58,50000.0,135.3,2016-01-20,33.1509
0,5292057.0,601198.XSHG,29.14,12.44,4.86,12.24,4.58,250400.0,609.72,50000.0,121.75,2016-01-21,29.8309
0,5294835.0,601198.XSHG,29.24,11.02,4.87,12.28,4.59,250400.0,611.73,50000.0,122.15,2016-01-22,29.9289
0,5294835.0,601198.XSHG,29.24,11.02,4.87,12.28,4.59,250400.0,611.73,50000.0,122.15,2016-01-22,29.9289
0,5294835.0,601198.XSHG,29.24,11.02,4.87,12.28,4.59,250400.0,611.73,50000.0,122.15,2016-01-22,29.9289
0,5297613.0,601198.XSHG,29.05,7.48,4.84,12.2,4.56,250400.0,607.72,50000.0,121.35,2016-01-25,29.7329
0,5300980.0,601198.XSHG,26.77,10.91,4.46,11.25,4.2,250400.0,560.14,50000.0,111.85,2016-01-26,27.4052
0,5309314.0,601198.XSHG,25.68,10.16,4.28,10.79,4.03,250400.0,537.36,50000.0,107.3,2016-01-27,26.2904
0,5312092.0,601198.XSHG,25.41,11.3,4.24,10.68,3.99,250400.0,531.6,50000.0,106.15,2016-01-28,26.0086
0,5314870.0,601198.XSHG,27.02,13.28,4.51,11.35,4.24,250400.0,565.4,50000.0,112.9,2016-01-29,27.6625
0,5314870.0,601198.XSHG,27.02,13.28,4.51,11.35,4.24,250400.0,565.4,50000.0,112.9,2016-01-29,27.6625
0,5314870.0,601198.XSHG,27.02,13.28,4.51,11.35,4.24,250400.0,565.4,50000.0,112.9,2016-01-29,27.6625
0,5317648.0,601198.XSHG,25.63,8.28,4.27,10.77,4.03,250400.0,536.36,50000.0,107.1,2016-02-01,26.2414
0,5320426.0,601198.XSHG,26.25,7.07,4.38,11.03,4.12,250400.0,549.13,50000.0,109.65,2016-02-02,26.8662
0,5323204.0,601198.XSHG,25.83,4.95,4.31,10.85,4.06,250400.0,540.36,50000.0,107.9,2016-02-03,26.4374
0,5325982.0,601198.XSHG,26.34,7.29,4.39,11.07,4.14,250400.0,551.13,50000.0,110.05,2016-02-04,26.9642
0,5329192.0,601198.XSHG,25.29,6.0,4.22,10.63,3.97,250400.0,529.1,50000.0,105.65,2016-02-05,25.8861
0,5329192.0,601198.XSHG,25.29,6.0,4.22,10.63,3.97,250400.0,529.1,50000.0,105.65,2016-02-05,25.8861
0,5329192.0,601198.XSHG,25.29,6.0,4.22,10.63,3.97,250400.0,529.1,50000.0,105.65,2016-02-05,25.8861
0,5329192.0,601198.XSHG,25.29,6.0,4.22,10.63,3.97,250400.0,529.1,50000.0,105.65,2016-02-05,25.8861
0,5329192.0,601198.XSHG,25.29,6.0,4.22,10.63,3.97,250400.0,529.1,50000.0,105.65,2016-02-05,25.8861
0,5329192.0,601198.XSHG,25.29,6.0,4.22,10.63,3.97,250400.0,529.1,50000.0,105.65,2016-02-05,25.8861
0,5329192.0,601198.XSHG,25.29,6.0,4.22,10.63,3.97,250400.0,529.1,50000.0,105.65,2016-02-05,25.8861
0,5329192.0,601198.XSHG,25.29,6.0,4.22,10.63,3.97,250400.0,529.1,50000.0,105.65,2016-02-05,25.8861
0,5329192.0,601198.XSHG,25.29,6.0,4.22,10.63,3.97,250400.0,529.1,50000.0,105.65,2016-02-05,25.8861
0,5329192.0,601198.XSHG,25.29,6.0,4.22,10.63,3.97,250400.0,529.1,50000.0,105.65,2016-02-05,25.8861
0,5333020.0,601198.XSHG,24.45,4.55,4.08,10.27,3.84,250400.0,511.57,50000.0,102.15,2016-02-15,25.0286
0,5335832.0,601198.XSHG,26.89,14.5,4.48,11.3,4.22,250400.0,562.65,50000.0,112.35,2016-02-16,27.5278
0,5338645.0,601198.XSHG,27.26,14.34,4.55,11.46,4.28,250400.0,570.41,50000.0,113.9,2016-02-17,27.9075
0,5341459.0,601198.XSHG,26.78,13.45,4.47,11.25,4.21,250400.0,560.4,50000.0,111.9,2016-02-18,27.4175
0,5344274.0,601198.XSHG,27.26,9.02,4.55,11.46,4.28,250400.0,570.41,50000.0,113.9,2016-02-19,27.9075
0,5344274.0,601198.XSHG,27.26,9.02,4.55,11.46,4.28,250400.0,570.41,50000.0,113.9,2016-02-19,27.9075
0,5344274.0,601198.XSHG,27.26,9.02,4.55,11.46,4.28,250400.0,570.41,50000.0,113.9,2016-02-19,27.9075
0,5347089.0,601198.XSHG,28.66,15.58,4.78,12.04,4.5,250400.0,599.71,50000.0,119.75,2016-02-22,29.3409
0,5349904.0,601198.XSHG,27.75,10.04,4.63,11.66,4.36,250400.0,580.68,50000.0,115.95,2016-02-23,28.4098
0,5352719.0,601198.XSHG,27.92,8.9,4.65,11.73,4.38,250400.0,584.18,50000.0,116.65,2016-02-24,28.5813
0,5355534.0,601198.XSHG,25.14,11.37,4.19,10.56,3.95,250400.0,526.09,50000.0,105.05,2016-02-25,25.7391
0,5358349.0,601198.XSHG,24.86,4.38,4.14,10.44,3.9,250400.0,520.08,90400.0,187.76,2016-02-26,25.4451
0,5358349.0,601198.XSHG,24.86,4.38,4.14,10.44,3.9,250400.0,520.08,90400.0,187.76,2016-02-26,25.4451
0,5358349.0,601198.XSHG,24.86,4.38,4.14,10.44,3.9,250400.0,520.08,90400.0,187.76,2016-02-26,25.4451
0,5361164.0,601198.XSHG,23.07,4.76,3.85,9.7,3.62,250400.0,482.77,90400.0,174.29,2016-02-29,23.6197
0,5363979.0,601198.XSHG,24.13,6.26,4.02,10.14,3.79,250400.0,504.81,90400.0,182.25,2016-03-01,24.6978
0,5375661.0,601198.XSHG,25.25,7.03,4.21,10.61,3.97,250400.0,528.34,90400.0,190.74,2016-03-02,25.8494
0,5376736.0,601198.XSHG,24.95,5.6,4.16,10.48,3.92,250400.0,522.08,90400.0,188.48,2016-03-03,25.5431
0,5384125.0,601198.XSHG,24.08,6.71,3.71,10.12,3.78,250400.0,503.8,90400.0,181.88,2016-03-04,24.6488
0,5384125.0,601198.XSHG,24.08,6.71,3.71,10.12,3.78,250400.0,503.8,90400.0,181.88,2016-03-04,24.6488
0,5384125.0,601198.XSHG,24.08,6.71,3.71,10.12,3.78,250400.0,503.8,90400.0,181.88,2016-03-04,24.6488
0,5397780.0,601198.XSHG,25.35,5.56,3.81,9.67,12.09,250400.0,518.08,90400.0,187.04,2016-03-07,25.3471
0,5400598.0,601198.XSHG,25.08,4.78,3.77,9.57,11.96,250400.0,512.57,90400.0,185.05,2016-03-08,25.0776
0,5403417.0,601198.XSHG,25.14,5.36,3.78,9.59,11.99,250400.0,513.82,90400.0,185.5,2016-03-09,25.1388
0,5406237.0,601198.XSHG,24.17,3.44,3.64,9.22,11.53,250400.0,494.04,90400.0,178.36,2016-03-10,24.171
0,5409059.0,601198.XSHG,25.33,7.12,3.81,9.67,12.09,250400.0,517.83,90400.0,186.95,2016-03-11,25.3348
0,5409059.0,601198.XSHG,25.33,7.12,3.81,9.67,12.09,250400.0,517.83,90400.0,186.95,2016-03-11,25.3348
0,5409059.0,601198.XSHG,25.33,7.12,3.81,9.67,12.09,250400.0,517.83,90400.0,186.95,2016-03-11,25.3348
0,5411881.0,601198.XSHG,26.2,8.46,3.94,10.0,12.5,250400.0,535.61,90400.0,193.37,2016-03-14,26.2047
0,5414704.0,601198.XSHG,25.7,4.78,3.87,9.81,12.26,250400.0,525.34,90400.0,189.66,2016-03-15,25.7024
0,5421452.0,601198.XSHG,25.24,3.79,3.8,9.63,12.04,250400.0,515.82,90400.0,186.22,2016-03-16,25.2368
0,5418629.0,601198.XSHG,26.89,9.39,4.05,10.26,12.83,250400.0,549.63,90400.0,198.43,2016-03-17,26.8907
0,5432749.0,601198.XSHG,28.78,11.22,4.33,10.98,13.73,250400.0,588.19,90400.0,212.35,2016-03-18,28.7773
0,5432749.0,601198.XSHG,28.78,11.22,4.33,10.98,13.73,250400.0,588.19,90400.0,212.35,2016-03-18,28.7773
0,5432749.0,601198.XSHG,28.78,11.22,4.33,10.98,13.73,250400.0,588.19,90400.0,212.35,2016-03-18,28.7773
0,5444045.0,601198.XSHG,31.66,6.18,4.76,12.08,15.1,250400.0,647.03,90400.0,233.59,2016-03-21,31.6563
0,5449693.0,601198.XSHG,32.07,15.07,4.83,12.24,15.3,250400.0,655.55,90400.0,236.67,2016-03-22,32.0728
0,5455344.0,601198.XSHG,34.14,12.45,5.14,13.03,16.29,250400.0,697.86,90400.0,251.94,2016-03-23,34.1432
0,5460996.0,601198.XSHG,31.77,11.21,4.78,12.12,15.16,250400.0,649.29,90400.0,234.41,2016-03-24,31.7666
0,5466650.0,601198.XSHG,31.58,6.33,4.75,12.05,15.07,250400.0,645.53,90400.0,233.05,2016-03-25,31.5828
0,5466650.0,601198.XSHG,31.58,6.33,4.75,12.05,15.07,250400.0,645.53,90400.0,233.05,2016-03-25,31.5828
0,5466650.0,601198.XSHG,31.58,6.33,4.75,12.05,15.07,250400.0,645.53,90400.0,233.05,2016-03-25,31.5828
0,5477958.0,601198.XSHG,30.6,5.4,4.6,11.68,14.6,250400.0,625.5,90400.0,225.82,2016-03-28,30.6027
0,5483614.0,601198.XSHG,30.91,8.39,4.65,11.79,14.75,250400.0,631.76,90400.0,228.08,2016-03-29,30.909
0,5489272.0,601198.XSHG,32.76,9.83,4.93,12.5,15.63,250400.0,669.57,90400.0,241.73,2016-03-30,32.7589
0,5494930.0,601198.XSHG,33.07,10.22,4.97,12.62,15.78,250400.0,675.83,90400.0,243.99,2016-03-31,33.0652
0,5500591.0,601198.XSHG,32.02,6.1,4.82,12.22,15.28,250400.0,654.55,90400.0,236.31,2016-04-01,32.0238
0,5500591.0,601198.XSHG,32.02,6.1,4.82,12.22,15.28,250400.0,654.55,90400.0,236.31,2016-04-01,32.0238
0,5500591.0,601198.XSHG,32.02,6.1,4.82,12.22,15.28,250400.0,654.55,90400.0,236.31,2016-04-01,32.0238
0,5500591.0,601198.XSHG,32.02,6.1,4.82,12.22,15.28,250400.0,654.55,90400.0,236.31,2016-04-01,32.0238
0,5514746.0,601198.XSHG,33.31,7.84,5.01,12.71,15.89,250400.0,680.84,90400.0,245.8,2016-04-05,33.3102
0,5520408.0,601198.XSHG,32.82,5.45,4.94,12.52,15.66,250400.0,670.82,90400.0,242.18,2016-04-06,32.8201
0,5526071.0,601198.XSHG,31.66,6.12,4.76,12.08,15.1,250400.0,647.03,90400.0,233.59,2016-04-07,31.6563
0,5531735.0,601198.XSHG,30.69,6.36,4.62,11.71,14.64,250400.0,627.25,90400.0,226.45,2016-04-08,30.6885
0,5531735.0,601198.XSHG,30.69,6.36,4.62,11.71,14.64,250400.0,627.25,90400.0,226.45,2016-04-08,30.6885
0,5531735.0,601198.XSHG,30.69,6.36,4.62,11.71,14.64,250400.0,627.25,90400.0,226.45,2016-04-08,30.6885
0,5543063.0,601198.XSHG,32.22,11.98,4.85,12.29,15.37,250400.0,658.55,90400.0,237.75,2016-04-11,32.2198
0,5548727.0,601198.XSHG,31.73,6.38,4.77,12.11,15.14,250400.0,648.54,90400.0,234.14,2016-04-12,31.7298
0,5554392.0,601198.XSHG,32.81,13.15,4.94,12.52,15.65,250400.0,670.57,90400.0,242.09,2016-04-13,32.8079
0,5560058.0,601198.XSHG,33.48,7.55,5.04,12.77,15.97,250400.0,684.34,90400.0,247.06,2016-04-14,33.4817
0,5565724.0,601198.XSHG,33.05,6.16,4.97,12.61,15.77,250400.0,675.58,90400.0,243.9,2016-04-15,33.0529
0,5565724.0,601198.XSHG,33.05,6.16,4.97,12.61,15.77,250400.0,675.58,90400.0,243.9,2016-04-15,33.0529
0,5565724.0,601198.XSHG,33.05,6.16,4.97,12.61,15.77,250400.0,675.58,90400.0,243.9,2016-04-15,33.0529
0,5579805.0,601198.XSHG,31.84,5.92,4.79,12.15,15.19,250400.0,650.79,90400.0,234.95,2016-04-18,31.8401
0,5588310.0,601198.XSHG,32.09,6.04,4.83,12.24,15.31,250400.0,655.8,90400.0,236.76,2016-04-19,32.0851
0,5593984.0,601198.XSHG,30.87,9.04,4.64,11.78,14.73,250400.0,631.01,90400.0,227.81,2016-04-20,30.8722
0,5599658.0,601198.XSHG,29.73,5.51,4.47,11.34,14.19,250400.0,607.72,90400.0,219.4,2016-04-21,29.7329
0,5605333.0,601198.XSHG,30.3,4.66,4.56,11.56,14.45,250400.0,619.24,90400.0,223.56,2016-04-22,30.2965
0,5605333.0,601198.XSHG,30.3,4.66,4.56,11.56,14.45,250400.0,619.24,90400.0,223.56,2016-04-22,30.2965
0,5605333.0,601198.XSHG,30.3,4.66,4.56,11.56,14.45,250400.0,619.24,90400.0,223.56,2016-04-22,30.2965
0,5616685.0,601198.XSHG,29.5,3.9,4.44,11.26,14.08,250400.0,602.96,90400.0,217.68,2016-04-25,29.5001
0,5622363.0,601198.XSHG,30.09,4.59,4.53,11.48,14.36,250400.0,614.98,90400.0,222.02,2016-04-26,30.0882
0,5628041.0,601198.XSHG,29.52,3.51,4.44,11.26,14.09,250400.0,603.46,90400.0,217.86,2016-04-27,29.5246
0,5633720.0,601198.XSHG,30.09,5.69,4.53,11.48,14.36,250400.0,614.98,90400.0,222.02,2016-04-28,30.0882
0,5639403.0,601198.XSHG,29.72,3.55,4.53,11.34,14.18,250400.0,607.47,90400.0,219.31,2016-04-29,29.7207
0,5639403.0,601198.XSHG,29.72,3.55,4.53,11.34,14.18,250400.0,607.47,90400.0,219.31,2016-04-29,29.7207
0,5639403.0,601198.XSHG,29.72,3.55,4.53,11.34,14.18,250400.0,607.47,90400.0,219.31,2016-04-29,29.7207
0,5639403.0,601198.XSHG,29.72,3.55,4.53,11.34,14.18,250400.0,607.47,90400.0,219.31,2016-04-29,29.7207
0,5653618.0,601198.XSHG,38.42,7.0,4.7,13.48,-24.37,250400.0,630.76,90400.0,227.72,2016-05-03,30.86
0,5659305.0,601198.XSHG,38.0,4.27,4.65,13.33,-24.1,250400.0,623.75,90400.0,225.19,2016-05-04,30.517
0,5664995.0,601198.XSHG,38.12,3.41,4.66,13.37,-24.18,250400.0,625.75,90400.0,225.91,2016-05-05,30.615
0,5670685.0,601198.XSHG,35.92,6.79,4.39,12.6,-22.78,250400.0,589.69,90400.0,212.89,2016-05-06,28.8508
0,5670685.0,601198.XSHG,35.92,6.79,4.39,12.6,-22.78,250400.0,589.69,90400.0,212.89,2016-05-06,28.8508
0,5670685.0,601198.XSHG,35.92,6.79,4.39,12.6,-22.78,250400.0,589.69,90400.0,212.89,2016-05-06,28.8508
0,5682072.0,601198.XSHG,33.99,5.14,4.16,11.92,-21.56,250400.0,557.89,90400.0,201.41,2016-05-09,27.295
0,5687766.0,601198.XSHG,34.2,3.0,4.18,12.0,-21.69,250400.0,561.4,90400.0,202.68,2016-05-10,27.4665
0,5691866.0,601198.XSHG,33.68,3.08,4.12,11.81,-21.36,250400.0,552.88,90400.0,199.6,2016-05-11,27.05
0,5697564.0,601198.XSHG,33.86,3.69,4.14,11.88,-21.48,250400.0,555.89,90400.0,200.69,2016-05-12,27.197
0,5703262.0,601198.XSHG,33.36,2.76,4.08,11.7,-21.16,250400.0,547.62,90400.0,197.7,2016-05-13,26.7927
0,5703262.0,601198.XSHG,33.36,2.76,4.08,11.7,-21.16,250400.0,547.62,90400.0,197.7,2016-05-13,26.7927
0,5703262.0,601198.XSHG,33.36,2.76,4.08,11.7,-21.16,250400.0,547.62,90400.0,197.7,2016-05-13,26.7927
0,5714657.0,601198.XSHG,33.67,2.61,4.12,11.81,-21.35,250400.0,552.63,90400.0,199.51,2016-05-16,27.0377
0,5720355.0,601198.XSHG,33.73,4.32,4.13,11.83,-21.39,250400.0,553.63,90400.0,199.87,2016-05-17,27.0867
0,5726044.0,601198.XSHG,33.41,4.22,4.09,11.72,-21.19,250400.0,548.38,90400.0,197.98,2016-05-18,26.8295
0,5731745.0,601198.XSHG,33.36,2.95,4.08,11.7,-21.16,250400.0,547.62,90400.0,197.7,2016-05-19,26.7927
0,5739274.0,601198.XSHG,33.83,3.5,4.14,11.87,-21.46,250400.0,555.39,90400.0,200.51,2016-05-20,27.1725
0,5739274.0,601198.XSHG,33.83,3.5,4.14,11.87,-21.46,250400.0,555.39,90400.0,200.51,2016-05-20,27.1725
0,5739274.0,601198.XSHG,33.83,3.5,4.14,11.87,-21.46,250400.0,555.39,90400.0,200.51,2016-05-20,27.1725
0,5762074.0,601198.XSHG,34.5,6.33,4.22,12.1,-21.88,250400.0,566.4,90400.0,204.48,2016-05-23,27.7115
0,5779166.0,601198.XSHG,33.51,3.34,4.1,11.75,-21.26,250400.0,550.13,90400.0,198.61,2016-05-24,26.9152
0,5801967.0,601198.XSHG,33.68,4.11,4.12,11.81,-21.36,250400.0,552.88,90400.0,199.6,2016-05-25,27.05
0,5824771.0,601198.XSHG,33.79,3.44,4.13,11.85,-21.43,250400.0,554.64,90400.0,200.24,2016-05-26,27.1357
0,5847589.0,601198.XSHG,33.54,2.64,4.1,11.77,-21.28,250400.0,550.63,90400.0,198.79,2016-05-27,27.1357
0,5847589.0,601198.XSHG,33.54,2.64,4.1,11.77,-21.28,250400.0,550.63,90400.0,198.79,2016-05-27,27.1357
0,5847589.0,601198.XSHG,33.54,2.64,4.1,11.77,-21.28,250400.0,550.63,90400.0,198.79,2016-05-27,27.1357
0,5873263.0,601198.XSHG,33.63,2.76,4.11,11.8,-21.33,250400.0,552.13,90400.0,199.33,2016-05-30,27.0132
0,5890385.0,601198.XSHG,37.01,12.16,4.53,12.98,-23.47,250400.0,607.47,90400.0,219.31,2016-05-31,29.7207
0,5913218.0,601198.XSHG,36.38,10.29,4.45,12.76,-23.07,250400.0,597.2,90400.0,215.6,2016-06-01,29.2184
0,5936046.0,601198.XSHG,36.69,6.13,4.49,12.87,-23.27,250400.0,602.21,90400.0,217.41,2016-06-02,29.4634
0,5961741.0,601198.XSHG,36.72,7.81,4.49,12.88,-23.29,250400.0,602.71,90400.0,217.59,2016-06-03,29.4879
0,5961741.0,601198.XSHG,36.72,7.81,4.49,12.88,-23.29,250400.0,602.71,90400.0,217.59,2016-06-03,29.4879
0,5961741.0,601198.XSHG,36.72,7.81,4.49,12.88,-23.29,250400.0,602.71,90400.0,217.59,2016-06-03,29.4879
0,5987440.0,601198.XSHG,36.4,3.57,4.45,12.77,-23.08,250400.0,597.45,90400.0,215.69,2016-06-06,29.2306
0,6007441.0,601198.XSHG,36.76,3.65,4.5,12.89,-23.32,250400.0,603.46,90400.0,217.86,2016-06-07,29.5246
0,6030306.0,601198.XSHG,36.35,4.63,4.45,12.75,-23.06,250400.0,596.7,90400.0,215.42,2016-06-08,29.1939
0,6030306.0,601198.XSHG,36.35,4.63,4.45,12.75,-23.06,250400.0,596.7,90400.0,215.42,2016-06-08,29.1939
0,6030306.0,601198.XSHG,36.35,4.63,4.45,12.75,-23.06,250400.0,596.7,90400.0,215.42,2016-06-08,29.1939
0,6030306.0,601198.XSHG,36.35,4.63,4.45,12.75,-23.06,250400.0,596.7,90400.0,215.42,2016-06-08,29.1939
0,6030306.0,601198.XSHG,36.35,4.63,4.45,12.75,-23.06,250400.0,596.7,90400.0,215.42,2016-06-08,29.1939
0,6056053.0,601198.XSHG,33.88,4.41,4.14,11.88,-21.49,250400.0,556.14,90400.0,200.78,2016-06-13,27.2092
0,6076076.0,601198.XSHG,34.46,3.63,4.21,12.09,-21.86,250400.0,565.65,90400.0,204.21,2016-06-14,27.6748
0,6097260.0,601198.XSHG,35.16,3.79,4.3,12.33,-22.3,250400.0,577.17,90400.0,208.37,2016-06-15,28.2383
0,6120149.0,601198.XSHG,34.61,2.48,4.23,12.14,-21.95,250400.0,568.16,90400.0,205.12,2016-06-16,27.7973
0,6143039.0,601198.XSHG,34.78,2.81,4.25,12.2,-22.06,250400.0,570.91,90400.0,206.11,2016-06-17,27.932
0,6143039.0,601198.XSHG,34.78,2.81,4.25,12.2,-22.06,250400.0,570.91,90400.0,206.11,2016-06-17,27.932
0,6143039.0,601198.XSHG,34.78,2.81,4.25,12.2,-22.06,250400.0,570.91,90400.0,206.11,2016-06-17,27.932
0,6168794.0,601198.XSHG,34.96,2.02,4.28,12.26,-22.17,250400.0,573.92,90400.0,207.2,2016-06-20,28.079
0,6188824.0,601198.XSHG,35.25,7.16,4.31,12.36,-22.36,250400.0,578.67,90400.0,208.91,2016-06-21,28.3118
0,6223143.0,601198.XSHG,36.06,3.81,4.41,12.65,-22.87,250400.0,591.95,90400.0,213.71,2016-06-22,28.9611
0,6257492.0,601198.XSHG,35.62,3.19,4.36,12.49,-22.59,250400.0,584.68,90400.0,211.08,2016-06-23,28.6058
0,6291845.0,601198.XSHG,35.19,4.16,4.3,12.34,-22.32,250400.0,577.67,90400.0,208.55,2016-06-24,28.2628
0,6291845.0,601198.XSHG,35.19,4.16,4.3,12.34,-22.32,250400.0,577.67,90400.0,208.55,2016-06-24,28.2628
0,6291845.0,601198.XSHG,35.19,4.16,4.3,12.34,-22.32,250400.0,577.67,90400.0,208.55,2016-06-24,28.2628
0,6340540.0,601198.XSHG,35.88,3.62,4.39,12.58,-22.76,250400.0,588.94,90400.0,212.62,2016-06-27,28.8141
0,6360593.0,601198.XSHG,36.76,6.44,4.5,12.89,-23.32,250400.0,603.46,90400.0,217.86,2016-06-28,29.5246
0,6394977.0,601198.XSHG,37.16,6.41,4.55,13.03,-23.57,250400.0,609.97,90400.0,220.21,2016-06-29,29.8432
0,6429382.0,601198.XSHG,37.28,4.13,4.56,13.08,-23.65,250400.0,611.98,90400.0,220.94,2016-06-30,29.9412
0,6435118.0,601198.XSHG,36.72,4.07,4.49,12.88,-23.29,250400.0,602.71,90400.0,217.59,2016-07-01,29.4879
0,6435118.0,601198.XSHG,36.72,4.07,4.49,12.88,-23.29,250400.0,602.71,90400.0,217.59,2016-07-01,29.4879
0,6435118.0,601198.XSHG,36.72,4.07,4.49,12.88,-23.29,250400.0,602.71,90400.0,217.59,2016-07-01,29.4879
0,6483885.0,601198.XSHG,37.78,6.72,4.62,13.25,-23.96,250400.0,620.24,90400.0,223.92,2016-07-04,30.3455
0,6503968.0,601198.XSHG,37.43,3.93,4.58,13.13,-23.74,250400.0,614.48,90400.0,221.84,2016-07-05,30.0637
0,6538408.0,601198.XSHG,37.42,2.69,4.58,13.12,-23.73,250400.0,614.23,90400.0,221.75,2016-07-06,30.0514
0,6572866.0,601198.XSHG,37.07,4.13,4.53,13.0,-23.51,250400.0,608.47,90400.0,219.67,2016-07-07,29.7697
0,6607335.0,601198.XSHG,37.16,3.6,4.55,13.03,-23.57,250400.0,609.97,90400.0,220.21,2016-07-08,29.8432
0,6607335.0,601198.XSHG,37.16,3.6,4.55,13.03,-23.57,250400.0,609.97,90400.0,220.21,2016-07-08,29.8432
0,6607335.0,601198.XSHG,37.16,3.6,4.55,13.03,-23.57,250400.0,609.97,90400.0,220.21,2016-07-08,29.8432
0,6656186.0,601198.XSHG,36.78,4.19,4.5,12.9,-23.33,250400.0,603.71,90400.0,217.95,2016-07-11,29.5369
0,6676303.0,601198.XSHG,38.06,6.22,4.66,13.35,-24.14,250400.0,624.75,90400.0,225.55,2016-07-12,30.566
0,6710803.0,601198.XSHG,38.24,7.33,4.68,13.41,-24.26,250400.0,627.75,90400.0,226.63,2016-07-13,30.713
0,6745314.0,601198.XSHG,38.07,3.1,4.66,13.35,-24.15,250400.0,625.0,90400.0,225.64,2016-07-14,30.5782
0,6779824.0,601198.XSHG,37.52,2.63,4.59,13.16,-23.8,250400.0,615.98,90400.0,222.38,2016-07-15,30.1372
0,6779824.0,601198.XSHG,37.52,2.63,4.59,13.16,-23.8,250400.0,615.98,90400.0,222.38,2016-07-15,30.1372
0,6779824.0,601198.XSHG,37.52,2.63,4.59,13.16,-23.8,250400.0,615.98,90400.0,222.38,2016-07-15,30.1372
0,6828714.0,601198.XSHG,36.67,2.97,4.49,12.86,-23.26,250400.0,601.96,90400.0,217.32,2016-07-18,29.4511
0,6848841.0,601198.XSHG,36.93,2.7,4.52,12.95,-23.42,250400.0,606.22,90400.0,218.86,2016-07-19,29.6594
0,6883351.0,601198.XSHG,36.67,1.78,4.49,12.86,-23.26,250400.0,601.96,90400.0,217.32,2016-07-20,29.4511
0,6917873.0,601198.XSHG,36.88,2.63,4.51,12.94,-23.39,250400.0,605.47,90400.0,218.59,2016-07-21,29.6227
0,6952394.0,601198.XSHG,36.55,2.28,4.47,12.82,-23.18,250400.0,599.96,90400.0,216.6,2016-07-22,29.3531
0,6952394.0,601198.XSHG,36.55,2.28,4.47,12.82,-23.18,250400.0,599.96,90400.0,216.6,2016-07-22,29.3531
0,6952394.0,601198.XSHG,36.55,2.28,4.47,12.82,-23.18,250400.0,599.96,90400.0,216.6,2016-07-22,29.3531
0,7001302.0,601198.XSHG,36.55,1.5,4.47,12.82,-23.18,250400.0,599.96,90400.0,216.6,2016-07-25,29.3531
0,7021440.0,601198.XSHG,36.98,1.79,4.52,12.97,-23.45,250400.0,606.97,90400.0,219.13,2016-07-26,29.6962
0,7055981.0,601198.XSHG,35.37,4.33,4.33,12.41,-22.44,250400.0,580.68,90400.0,209.64,2016-07-27,28.4098
0,7090539.0,601198.XSHG,34.5,2.5,4.22,12.1,-21.88,250400.0,566.4,90400.0,204.48,2016-07-28,27.7115
0,7125104.0,601198.XSHG,33.92,2.06,4.15,11.9,-21.52,250400.0,556.89,90400.0,201.05,2016-07-29,27.246
0,7125104.0,601198.XSHG,33.92,2.06,4.15,11.9,-21.52,250400.0,556.89,90400.0,201.05,2016-07-29,27.246
0,7125104.0,601198.XSHG,33.92,2.06,4.15,11.9,-21.52,250400.0,556.89,90400.0,201.05,2016-07-29,27.246
0,7174076.0,601198.XSHG,33.34,2.02,4.08,11.7,-21.15,250400.0,547.37,90400.0,197.61,2016-08-01,26.7804
0,7194246.0,601198.XSHG,33.71,1.29,4.12,11.82,-21.38,250400.0,553.38,90400.0,199.78,2016-08-02,27.0745
0,7228849.0,601198.XSHG,33.56,1.18,4.1,11.77,-21.28,250400.0,550.88,90400.0,198.88,2016-08-03,26.952
0,7263468.0,601198.XSHG,33.8,1.29,4.13,11.86,-21.44,250400.0,554.89,90400.0,200.33,2016-08-04,27.148
0,7298087.0,601198.XSHG,33.77,2.02,4.13,11.85,-21.42,250400.0,554.39,90400.0,200.15,2016-08-05,27.1235
0,7298087.0,601198.XSHG,33.77,2.02,4.13,11.85,-21.42,250400.0,554.39,90400.0,200.15,2016-08-05,27.1235
0,7298087.0,601198.XSHG,33.77,2.02,4.13,11.85,-21.42,250400.0,554.39,90400.0,200.15,2016-08-05,27.1235
0,7347140.0,601198.XSHG,33.88,1.55,4.14,11.88,-21.49,250400.0,556.14,90400.0,200.78,2016-08-08,27.2092
0,7367354.0,601198.XSHG,34.31,2.12,4.2,12.03,-21.76,250400.0,563.15,90400.0,203.31,2016-08-09,27.5523
0,7402030.0,601198.XSHG,34.03,2.18,4.16,11.94,-21.58,250400.0,558.64,90400.0,201.68,2016-08-10,27.3317
0,7436725.0,601198.XSHG,33.99,2.91,4.16,11.92,-21.56,250400.0,557.89,90400.0,201.41,2016-08-11,27.295
0,7471425.0,601198.XSHG,34.47,3.16,4.22,12.09,-21.87,250400.0,565.9,90400.0,204.3,2016-08-12,27.687
0,7471425.0,601198.XSHG,34.47,3.16,4.22,12.09,-21.87,250400.0,565.9,90400.0,204.3,2016-08-12,27.687
0,7471425.0,601198.XSHG,34.47,3.16,4.22,12.09,-21.87,250400.0,565.9,90400.0,204.3,2016-08-12,27.687
0,7506147.0,601198.XSHG,36.2,8.3,4.43,12.7,-22.96,250400.0,594.2,90400.0,214.52,2016-08-15,29.0714
0,7526415.0,601198.XSHG,35.79,3.87,4.38,12.55,-22.7,250400.0,587.44,90400.0,212.08,2016-08-16,28.7406
0,7546693.0,601198.XSHG,35.62,3.27,4.36,12.49,-22.59,250400.0,584.68,90400.0,211.08,2016-08-17,28.6058
0,7566973.0,601198.XSHG,35.51,2.22,4.34,12.46,-22.52,250400.0,582.93,90400.0,210.45,2016-08-18,28.5201
0,7587270.0,601198.XSHG,35.47,1.67,4.34,12.44,-22.49,250400.0,582.18,90400.0,210.18,2016-08-19,28.4833
0,7587270.0,601198.XSHG,35.47,1.67,4.34,12.44,-22.49,250400.0,582.18,90400.0,210.18,2016-08-19,28.4833
0,7587270.0,601198.XSHG,35.47,1.67,4.34,12.44,-22.49,250400.0,582.18,90400.0,210.18,2016-08-19,28.4833
0,7607576.0,601198.XSHG,34.95,1.39,4.27,12.26,-22.17,250400.0,573.67,90400.0,207.11,2016-08-22,28.0668
0,7627886.0,601198.XSHG,34.96,1.3,4.28,12.26,-22.17,250400.0,573.92,90400.0,207.2,2016-08-23,28.079
0,7648209.0,601198.XSHG,34.76,1.05,4.25,12.19,-22.05,250400.0,570.66,90400.0,206.02,2016-08-24,27.9198
0,7668540.0,601198.XSHG,34.87,1.75,4.27,12.23,-22.12,250400.0,572.41,90400.0,206.65,2016-08-25,28.0055
0,7688845.0,601198.XSHG,34.75,1.23,4.25,12.19,-22.04,250400.0,570.41,90400.0,205.93,2016-08-26,27.9075
0,7688845.0,601198.XSHG,34.75,1.23,4.25,12.19,-22.04,250400.0,570.41,90400.0,205.93,2016-08-26,27.9075
0,7688845.0,601198.XSHG,34.75,1.23,4.25,12.19,-22.04,250400.0,570.41,90400.0,205.93,2016-08-26,27.9075
0,7709190.0,601198.XSHG,34.76,1.14,4.37,12.19,-22.05,250400.0,570.66,90400.0,206.02,2016-08-29,27.9198
0,7729545.0,601198.XSHG,44.35,1.08,4.38,15.56,-3.57,250400.0,572.16,90400.0,206.56,2016-08-30,27.9933
0,7749915.0,601198.XSHG,44.84,1.78,4.43,15.73,-3.61,250400.0,578.42,90400.0,208.82,2016-08-31,28.2996
0,7776108.0,601198.XSHG,44.3,1.43,4.38,15.54,-3.57,250400.0,571.41,90400.0,206.29,2016-09-01,27.9565
0,7811047.0,601198.XSHG,44.43,1.65,4.39,15.58,-3.58,250400.0,573.17,90400.0,206.93,2016-09-02,28.0423
0,7811047.0,601198.XSHG,44.43,1.65,4.39,15.58,-3.58,250400.0,573.17,90400.0,206.93,2016-09-02,28.0423
0,7811047.0,601198.XSHG,44.43,1.65,4.39,15.58,-3.58,250400.0,573.17,90400.0,206.93,2016-09-02,28.0423
0,7846003.0,601198.XSHG,44.34,1.4,4.38,15.55,-3.57,250400.0,571.91,90400.0,206.47,2016-09-05,27.981
0,7880969.0,601198.XSHG,44.67,1.96,4.41,15.67,-3.6,250400.0,576.17,90400.0,208.01,2016-09-06,28.1893
0,7915934.0,601198.XSHG,44.34,1.69,4.38,15.55,-3.57,250400.0,571.91,90400.0,206.47,2016-09-07,27.981
0,7950883.0,601198.XSHG,44.16,1.12,4.36,15.49,-3.56,250400.0,569.66,90400.0,205.66,2016-09-08,27.8708
0,7985870.0,601198.XSHG,43.79,1.17,4.33,15.36,-3.53,250400.0,564.9,90400.0,203.94,2016-09-09,27.638
0,7985870.0,601198.XSHG,43.79,1.17,4.33,15.36,-3.53,250400.0,564.9,90400.0,203.94,2016-09-09,27.638
0,7985870.0,601198.XSHG,43.79,1.17,4.33,15.36,-3.53,250400.0,564.9,90400.0,203.94,2016-09-09,27.638
0,8020874.0,601198.XSHG,42.82,2.11,4.23,15.02,-3.45,250400.0,552.38,90400.0,199.42,2016-09-12,27.0255
0,8055880.0,601198.XSHG,42.88,1.11,4.24,15.04,-3.45,250400.0,553.13,90400.0,199.69,2016-09-13,27.0622
0,8090928.0,601198.XSHG,42.24,1.11,4.17,14.81,-3.4,250400.0,544.87,90400.0,196.71,2016-09-14,26.6579
0,8090928.0,601198.XSHG,42.24,1.11,4.17,14.81,-3.4,250400.0,544.87,90400.0,196.71,2016-09-14,26.6579
0,8090928.0,601198.XSHG,42.24,1.11,4.17,14.81,-3.4,250400.0,544.87,90400.0,196.71,2016-09-14,26.6579
0,8090928.0,601198.XSHG,42.24,1.11,4.17,14.81,-3.4,250400.0,544.87,90400.0,196.71,2016-09-14,26.6579
0,8090928.0,601198.XSHG,42.24,1.11,4.17,14.81,-3.4,250400.0,544.87,90400.0,196.71,2016-09-14,26.6579
0,8126002.0,601198.XSHG,42.37,0.68,4.19,14.86,-3.41,250400.0,546.62,90400.0,197.34,2016-09-19,26.7437
0,8161085.0,601198.XSHG,42.2,0.63,4.17,14.8,-3.4,250400.0,544.37,90400.0,196.53,2016-09-20,26.6334
0,8196195.0,601198.XSHG,42.59,1.17,4.21,14.94,-3.43,250400.0,549.38,90400.0,198.34,2016-09-21,26.8785
0,8231300.0,601198.XSHG,42.51,0.86,4.2,14.91,-3.42,250400.0,548.38,90400.0,197.98,2016-09-22,26.8295
0,8266412.0,601198.XSHG,42.28,0.74,4.18,14.83,-3.4,250400.0,545.37,90400.0,196.89,2016-09-23,26.6824
0,8266412.0,601198.XSHG,42.28,0.74,4.18,14.83,-3.4,250400.0,545.37,90400.0,196.89,2016-09-23,26.6824
0,8266412.0,601198.XSHG,42.28,0.74,4.18,14.83,-3.4,250400.0,545.37,90400.0,196.89,2016-09-23,26.6824
0,8301535.0,601198.XSHG,42.01,1.41,4.15,14.73,-3.38,250400.0,541.87,90400.0,195.63,2016-09-26,26.5109
0,8336651.0,601198.XSHG,42.47,0.96,4.2,14.9,-3.42,250400.0,547.88,90400.0,197.8,2016-09-27,26.805
0,8371772.0,601198.XSHG,42.32,0.58,4.18,14.84,-3.41,250400.0,545.87,90400.0,197.07,2016-09-28,26.7069
0,8406929.0,601198.XSHG,42.47,1.31,4.2,14.9,-3.42,250400.0,547.88,90400.0,197.8,2016-09-29,26.805
0,8442082.0,601198.XSHG,42.63,0.67,4.21,14.95,-3.43,250400.0,549.88,90400.0,198.52,2016-09-30,26.903
0,8442082.0,601198.XSHG,42.63,0.67,4.21,14.95,-3.43,250400.0,549.88,90400.0,198.52,2016-09-30,26.903
0,8442082.0,601198.XSHG,42.63,0.67,4.21,14.95,-3.43,250400.0,549.88,90400.0,198.52,2016-09-30,26.903
0,8442082.0,601198.XSHG,42.63,0.67,4.21,14.95,-3.43,250400.0,549.88,90400.0,198.52,2016-09-30,26.903
0,8442082.0,601198.XSHG,42.63,0.67,4.21,14.95,-3.43,250400.0,549.88,90400.0,198.52,2016-09-30,26.903
0,8442082.0,601198.XSHG,42.63,0.67,4.21,14.95,-3.43,250400.0,549.88,90400.0,198.52,2016-09-30,26.903
0,8442082.0,601198.XSHG,42.63,0.67,4.21,14.95,-3.43,250400.0,549.88,90400.0,198.52,2016-09-30,26.903
0,8442082.0,601198.XSHG,42.63,0.67,4.21,14.95,-3.43,250400.0,549.88,90400.0,198.52,2016-09-30,26.903
0,8442082.0,601198.XSHG,42.63,0.67,4.21,14.95,-3.43,250400.0,549.88,90400.0,198.52,2016-09-30,26.903
0,8442082.0,601198.XSHG,42.63,0.67,4.21,14.95,-3.43,250400.0,549.88,90400.0,198.52,2016-09-30,26.903
0,8477271.0,601198.XSHG,43.15,1.15,4.26,15.13,-3.47,250400.0,556.64,90400.0,200.96,2016-10-10,27.2337
0,8512465.0,601198.XSHG,44.02,2.83,4.35,15.44,-3.54,250400.0,567.91,90400.0,205.03,2016-10-11,27.785
0,8547683.0,601198.XSHG,43.52,1.53,4.3,15.26,-3.5,250400.0,561.4,90400.0,202.68,2016-10-12,27.4665
0,8582948.0,601198.XSHG,44.63,4.88,4.41,15.65,-3.59,250400.0,575.67,90400.0,207.83,2016-10-13,28.1648
0,8618224.0,601198.XSHG,44.76,3.28,4.42,15.7,-3.6,250400.0,577.42,90400.0,208.46,2016-10-14,28.2506
0,8618224.0,601198.XSHG,44.76,3.28,4.42,15.7,-3.6,250400.0,577.42,90400.0,208.46,2016-10-14,28.2506
0,8618224.0,601198.XSHG,44.76,3.28,4.42,15.7,-3.6,250400.0,577.42,90400.0,208.46,2016-10-14,28.2506
0,8653513.0,601198.XSHG,43.93,3.02,4.34,15.41,-3.54,275796.0,566.66,90400.0,204.58,2016-10-17,27.7238
0,8688812.0,601198.XSHG,50.18,4.85,4.96,17.6,-4.04,275796.0,647.29,90400.0,212.17,2016-10-18,31.669
0,8724148.0,601198.XSHG,49.92,2.83,4.93,17.51,-4.02,275796.0,643.98,90400.0,211.08,2016-10-19,31.5071
0,8759485.0,601198.XSHG,49.56,2.7,4.9,17.38,-3.99,275796.0,639.3,90400.0,209.55,2016-10-20,31.2777
0,8794816.0,601198.XSHG,50.05,4.8,4.94,17.55,-4.03,275796.0,645.64,90400.0,211.63,2016-10-21,31.5881
0,8794816.0,601198.XSHG,50.05,4.8,4.94,17.55,-4.03,275796.0,645.64,90400.0,211.63,2016-10-21,31.5881
0,8794816.0,601198.XSHG,50.05,4.8,4.94,17.55,-4.03,275796.0,645.64,90400.0,211.63,2016-10-21,31.5881
0,8830189.0,601198.XSHG,50.97,7.63,5.04,17.88,-4.1,275796.0,657.5,90400.0,215.51,2016-10-24,32.1683
0,8865543.0,601198.XSHG,50.31,3.48,4.97,17.64,-4.05,275796.0,648.95,90400.0,212.71,2016-10-25,31.75
0,8900954.0,601198.XSHG,49.84,3.22,4.92,17.48,-4.01,275796.0,642.88,90400.0,210.72,2016-10-26,31.4531
0,8936374.0,601198.XSHG,49.64,2.2,3.51,17.41,-4.0,275796.0,640.4,90400.0,209.91,2016-10-27,31.3317
0,8971805.0,601198.XSHG,46.81,4.3,3.52,17.62,-61.27,275796.0,642.33,90400.0,210.54,2016-10-28,31.4261
0,8971805.0,601198.XSHG,46.81,4.3,3.52,17.62,-61.27,275796.0,642.33,90400.0,210.54,2016-10-28,31.4261
0,8971805.0,601198.XSHG,46.81,4.3,3.52,17.62,-61.27,275796.0,642.33,90400.0,210.54,2016-10-28,31.4261
0,9010198.0,601198.XSHG,46.58,1.72,3.51,17.53,-60.98,275796.0,639.3,90400.0,209.55,2016-10-31,31.2777
0,9048607.0,601198.XSHG,46.48,3.46,3.5,17.5,-60.84,275796.0,637.92,90400.0,209.1,2016-11-01,31.2102
0,9087059.0,601198.XSHG,46.0,2.67,3.46,17.31,-60.21,275796.0,631.3,90400.0,206.93,2016-11-02,30.8864
0,9125510.0,601198.XSHG,46.99,5.28,3.54,17.69,-61.5,275796.0,644.81,90400.0,211.36,2016-11-03,31.5476
0,9163964.0,601198.XSHG,46.85,2.95,3.53,17.63,-61.32,275796.0,642.88,90400.0,210.72,2016-11-04,31.4531
0,9163964.0,601198.XSHG,46.85,2.95,3.53,17.63,-61.32,275796.0,642.88,90400.0,210.72,2016-11-04,31.4531
0,9163964.0,601198.XSHG,46.85,2.95,3.53,17.63,-61.32,275796.0,642.88,90400.0,210.72,2016-11-04,31.4531
0,9168741.0,601198.XSHG,47.29,2.19,3.56,17.8,-61.9,275796.0,648.95,90400.0,212.71,2016-11-07,31.75
0,9207232.0,601198.XSHG,46.93,2.76,3.53,17.66,-61.42,275796.0,643.98,90400.0,211.08,2016-11-08,31.5071
0,9245732.0,601198.XSHG,46.28,2.86,3.48,17.42,-60.58,275796.0,635.16,90400.0,208.19,2016-11-09,31.0753
0,9284260.0,601198.XSHG,47.43,4.07,3.57,17.85,-62.08,275796.0,650.88,90400.0,213.34,2016-11-10,31.8444
0,9310856.0,601198.XSHG,48.98,7.67,3.69,18.43,-64.11,275796.0,672.12,90400.0,220.3,2016-11-11,32.8834
0,9310856.0,601198.XSHG,48.98,7.67,3.69,18.43,-64.11,275796.0,672.12,90400.0,220.3,2016-11-11,32.8834
0,9310856.0,601198.XSHG,48.98,7.67,3.69,18.43,-64.11,275796.0,672.12,90400.0,220.3,2016-11-11,32.8834
0,9349424.0,601198.XSHG,49.02,6.48,3.69,18.45,-64.16,275796.0,672.67,90400.0,220.49,2016-11-14,32.9104
0,9388005.0,601198.XSHG,48.43,3.45,3.64,18.23,-63.4,275796.0,664.67,90400.0,217.86,2016-11-15,32.5191
0,9426598.0,601198.XSHG,48.79,3.11,3.67,18.37,-63.87,275796.0,669.63,90400.0,219.49,2016-11-16,32.762
0,9465213.0,601198.XSHG,48.41,2.65,3.64,18.22,-63.37,275796.0,664.39,90400.0,217.77,2016-11-17,32.5056
0,9503851.0,601198.XSHG,47.25,2.85,3.56,17.78,-61.84,275796.0,648.4,90400.0,212.53,2016-11-18,31.723
0,9503851.0,601198.XSHG,47.25,2.85,3.56,17.78,-61.84,275796.0,648.4,90400.0,212.53,2016-11-18,31.723
0,9503851.0,601198.XSHG,47.25,2.85,3.56,17.78,-61.84,275796.0,648.4,90400.0,212.53,2016-11-18,31.723
0,9542528.0,601198.XSHG,47.11,1.99,3.54,17.73,-61.66,275796.0,646.47,90400.0,211.9,2016-11-21,31.6285
0,9581221.0,601198.XSHG,47.59,2.52,3.58,17.91,-62.29,275796.0,653.09,90400.0,214.07,2016-11-22,31.9524
0,9619951.0,601198.XSHG,47.39,2.24,3.57,17.84,-62.03,275796.0,650.33,90400.0,213.16,2016-11-23,31.8174
0,9658697.0,601198.XSHG,46.81,4.48,3.52,17.62,-61.27,275796.0,642.33,90400.0,210.54,2016-11-24,31.4261
0,9697475.0,601198.XSHG,46.93,2.26,3.53,17.66,-61.42,275796.0,643.98,90400.0,211.08,2016-11-25,31.5071
0,9697475.0,601198.XSHG,46.93,2.26,3.53,17.66,-61.42,275796.0,643.98,90400.0,211.08,2016-11-25,31.5071
0,9697475.0,601198.XSHG,46.93,2.26,3.53,17.66,-61.42,275796.0,643.98,90400.0,211.08,2016-11-25,31.5071
0,9736275.0,601198.XSHG,46.62,2.22,3.51,17.55,-61.03,275796.0,639.85,90400.0,209.73,2016-11-28,31.3047
0,9775080.0,601198.XSHG,46.58,2.54,3.51,17.53,-60.98,275796.0,639.3,90400.0,209.55,2016-11-29,31.2777
0,9813922.0,601198.XSHG,46.42,1.95,3.49,17.47,-60.77,275796.0,637.09,90400.0,208.82,2016-11-30,31.1698
0,9852776.0,601198.XSHG,46.73,1.83,3.52,17.59,-61.16,275796.0,641.23,90400.0,210.18,2016-12-01,31.3722
0,9890502.0,601198.XSHG,46.18,2.23,3.48,17.38,-60.45,275796.0,633.78,90400.0,207.74,2016-12-02,31.0078
0,9890502.0,601198.XSHG,46.18,2.23,3.48,17.38,-60.45,275796.0,633.78,90400.0,207.74,2016-12-02,31.0078
0,9890502.0,601198.XSHG,46.18,2.23,3.48,17.38,-60.45,275796.0,633.78,90400.0,207.74,2016-12-02,31.0078
0,9929397.0,601198.XSHG,44.31,2.33,3.33,16.68,-58.0,275796.0,608.13,90400.0,199.33,2016-12-05,29.7529
0,9968249.0,601198.XSHG,43.99,1.61,3.31,16.56,-57.58,275796.0,603.72,90400.0,197.89,2016-12-06,29.5371
0,10007063.0,601198.XSHG,44.29,1.49,3.33,16.67,-57.98,275796.0,607.85,90400.0,199.24,2016-12-07,29.7395
0,10045998.0,601198.XSHG,43.99,1.14,3.31,16.56,-57.58,275796.0,603.72,90400.0,197.89,2016-12-08,29.5371
0,10084980.0,601198.XSHG,44.33,1.43,3.34,16.69,-58.03,275796.0,608.41,90400.0,199.42,2016-12-09,29.7664
0,10084980.0,601198.XSHG,44.33,1.43,3.34,16.69,-58.03,275796.0,608.41,90400.0,199.42,2016-12-09,29.7664
0,10084980.0,601198.XSHG,44.33,1.43,3.34,16.69,-58.03,275796.0,608.41,90400.0,199.42,2016-12-09,29.7664
0,10120908.0,601198.XSHG,42.54,2.8,3.2,16.01,-55.69,275796.0,583.86,90400.0,191.38,2016-12-12,28.5655
0,10159676.0,601198.XSHG,42.38,1.32,3.19,15.95,-55.48,275796.0,581.65,90400.0,190.65,2016-12-13,28.4576
0,10195929.0,601198.XSHG,40.84,1.83,3.07,15.37,-53.45,275796.0,560.42,90400.0,183.69,2016-12-14,27.4186
0,10235031.0,601198.XSHG,41.06,1.83,3.09,15.45,-53.74,275796.0,563.45,90400.0,184.69,2016-12-15,27.567
0,10267331.0,601198.XSHG,40.6,1.59,3.05,15.28,-53.14,275796.0,557.11,90400.0,182.61,2016-12-16,27.2567
0,10267331.0,601198.XSHG,40.6,1.59,3.05,15.28,-53.14,275796.0,557.11,90400.0,182.61,2016-12-16,27.2567
0,10267331.0,601198.XSHG,40.6,1.59,3.05,15.28,-53.14,275796.0,557.11,90400.0,182.61,2016-12-16,27.2567
0,10306470.0,601198.XSHG,40.11,1.32,3.02,15.1,-52.51,275796.0,550.49,90400.0,180.44,2016-12-19,26.9328
0,10339806.0,601198.XSHG,40.47,1.38,3.05,15.23,-52.98,275796.0,555.45,90400.0,182.07,2016-12-20,27.1757
0,10377091.0,601198.XSHG,40.7,1.39,3.06,15.32,-53.27,275796.0,558.49,90400.0,183.06,2016-12-21,27.3241
0,10413790.0,601198.XSHG,40.27,0.95,3.03,15.16,-52.72,275796.0,552.7,90400.0,181.16,2016-12-22,27.0408
0,10448090.0,601198.XSHG,39.65,1.41,2.98,14.92,-51.9,275796.0,544.15,90400.0,178.36,2016-12-23,26.6225
0,10448090.0,601198.XSHG,39.65,1.41,2.98,14.92,-51.9,275796.0,544.15,90400.0,178.36,2016-12-23,26.6225
0,10448090.0,601198.XSHG,39.65,1.41,2.98,14.92,-51.9,275796.0,544.15,90400.0,178.36,2016-12-23,26.6225
0,10468597.0,601198.XSHG,40.29,1.48,3.03,15.17,-52.74,275796.0,552.97,90400.0,181.25,2016-12-26,27.0543
0,10503714.0,601198.XSHG,39.87,0.96,3.0,15.01,-52.19,275796.0,547.18,90400.0,179.35,2016-12-27,26.7709
0,10540063.0,601198.XSHG,39.89,0.61,3.0,15.01,-52.22,275796.0,547.46,90400.0,179.44,2016-12-28,26.7844
0,10576190.0,601198.XSHG,40.29,1.08,3.03,15.17,-52.74,275796.0,552.97,90400.0,181.25,2016-12-29,27.0543
0,10609395.0,601198.XSHG,40.29,0.94,3.03,15.17,-52.74,275796.0,552.97,90400.0,181.25,2016-12-30,27.0678
0,10609395.0,601198.XSHG,40.29,0.94,3.03,15.17,-52.74,275796.0,552.97,90400.0,181.25,2016-12-30,27.0678
0,10609395.0,601198.XSHG,40.29,0.94,3.03,15.17,-52.74,275796.0,552.97,90400.0,181.25,2016-12-30,27.0678
0,10609395.0,601198.XSHG,40.29,0.94,3.03,15.17,-52.74,275796.0,552.97,90400.0,181.25,2016-12-30,27.0678
0,10620093.0,601198.XSHG,40.64,1.19,3.06,15.29,-53.19,275796.0,557.66,90400.0,182.79,2017-01-03,27.2837
0,10657438.0,601198.XSHG,40.68,1.03,3.06,15.31,-53.24,275796.0,558.21,90400.0,182.97,2017-01-04,27.3106
0,10695965.0,601198.XSHG,40.37,0.79,3.04,15.2,-52.85,275796.0,554.07,90400.0,181.61,2017-01-05,27.1082
0,10734102.0,601198.XSHG,39.5505,1.16,2.98,14.89,-51.77,275796.0,542.77,90400.0,177.91,2017-01-06,26.555
0,10734102.0,601198.XSHG,39.5505,1.16,2.98,14.89,-51.77,275796.0,542.77,90400.0,177.91,2017-01-06,26.555
0,10734102.0,601198.XSHG,39.5505,1.16,2.98,14.89,-51.77,275796.0,542.77,90400.0,177.91,2017-01-06,26.555
0,10769831.0,601198.XSHG,39.59,0.77,2.98,14.9,-51.82,275796.0,543.32,90400.0,178.09,2017-01-09,26.582
0,10809372.0,601198.XSHG,39.249,0.88,2.95,14.77,-51.37,275796.0,538.63,90400.0,176.55,2017-01-10,26.3526
0,10841125.0,601198.XSHG,39.13,0.76,2.94,14.73,-51.22,275796.0,536.97,90400.0,176.01,2017-01-11,26.2717
0,10879705.0,601198.XSHG,38.77,0.81,2.92,14.59,-50.74,275796.0,532.01,90400.0,174.38,2017-01-12,26.0288
0,10919262.0,601198.XSHG,38.83,1.16,2.92,14.61,-50.82,275796.0,532.84,90400.0,174.65,2017-01-13,26.0693
0,10919262.0,601198.XSHG,38.83,1.16,2.92,14.61,-50.82,275796.0,532.84,90400.0,174.65,2017-01-13,26.0693
0,10919262.0,601198.XSHG,38.83,1.16,2.92,14.61,-50.82,275796.0,532.84,90400.0,174.65,2017-01-13,26.0693
0,10958765.0,601198.XSHG,39.15,2.53,2.95,14.74,-51.24,275796.0,537.25,90400.0,176.1,2017-01-16,26.2851
0,10997394.0,601198.XSHG,38.47,0.83,2.89,14.48,-50.35,275796.0,527.87,90400.0,173.03,2017-01-17,25.8264
0,11034705.0,601198.XSHG,38.16,0.57,2.87,14.36,-49.95,275796.0,523.74,90400.0,171.67,2017-01-18,25.624
0,11074549.0,601198.XSHG,38.18,0.61,2.87,14.37,-49.98,275796.0,524.01,90400.0,171.76,2017-01-19,25.6375
0,11112180.0,601198.XSHG,38.47,0.69,2.89,14.48,-50.35,275796.0,527.87,90400.0,173.03,2017-01-20,25.8264
0,11112180.0,601198.XSHG,38.47,0.69,2.89,14.48,-50.35,275796.0,527.87,90400.0,173.03,2017-01-20,25.8264
0,11112180.0,601198.XSHG,38.47,0.69,2.89,14.48,-50.35,275796.0,527.87,90400.0,173.03,2017-01-20,25.8264
0,11150684.0,601198.XSHG,38.55,0.59,2.9,14.51,-50.45,275796.0,528.98,90400.0,173.39,2017-01-23,25.8803
0,11187483.0,601198.XSHG,38.32,0.53,2.88,14.42,-50.16,275796.0,525.94,90400.0,172.39,2017-01-24,25.7319
